GKGRECORDID,DATE,SourceCommonName,DocumentIdentifier,V2Themes
20261002190000-1436,20261002190000,enca.com,https://www.enca.com/lifestyle/making-sense-south-african-sign-language-official-so-why-access-still-problem-02-october,"TAX_FNCACT_THERAPISTS,1532;TAX_FNCACT_INTERPRETER,894;TAX_FNCACT_INTERPRETER,1605;TAX_FNCACT_INTERPRETER,1747;TAX_FNCACT_INTERPRETER,2032;TAX_FNCACT_INTERPRETER,2093;TAX_FNCACT_INTERPRETER,2352;CRISISLEX_CRISISLEXREC,3143;EDUCATION,2719;WB_470_EDUCATION,2719;TAX_FNCACT_OFFICIAL,128;TAX_FNCACT_OFFICIAL,524;TAX_FNCACT_OFFICIAL,3208;CONSTITUTIONAL,168;TAX_WORLDLANGUAGES_SOUTH_AFRICAN_SIGN_LANGUAGE,97;SECURITY_SERVICES,661;TAX_FNCACT_POLICE,661;CRISISLEX_C07_SAFETY,661;SHORTAGE,1518;WB_678_DIGITAL_GOVERNMENT,3673;WB_694_BROADCAST_AND_MEDIA,3673;WB_133_INFORMATION_AND_COMMUNICATION_TECHNOLOGIES,3673;TAX_WORLDLANGUAGES_SIGN_LANGUAGE,97;LEGISLATION,783;EPU_POLICY_LAW,783;MEDIA_SOCIAL,3673;WB_652_ICT_APPLICATIONS,3673;WB_662_SOCIAL_MEDIA,3673;WB_658_ENTERPRISE_APPLICATIONS,3673;ELECTION,3776;GENERAL_HEALTH,652;MEDICAL,652;SOC_POINTSOFINTEREST_HOSPITAL,652;CRISISLEX_C03_WELLBEING_HEALTH,652;UNGP_FORESTS_RIVERS_OCEANS,502;MEDIA_MSM,1978;TAX_FNCACT_THERAPIST,1865;TAX_ECON_PRICE,1577;GENERAL_GOVERNMENT,242;EPU_POLICY_GOVERNMENT,242;DEMOCRACY,3438;DEMOCRACY,3496;UNGP_POLITICAL_FREEDOMS,3438;UNGP_POLITICAL_FREEDOMS,3496;USPEC_POLICY1,1147;EPU_POLICY_POLICY,1147;TAX_FNCACT_FATHER,996;TAX_FNCACT_FATHER,1168;SOC_POINTSOFINTEREST_POLICE_STATION,669;"
20261002164500-974,20261002164500,mining.com,https://www.mining.com/petra-diamonds-hit-with-7-5m-uk-tax-petition/,"ECON_DEBT,213;ECON_DEBT,1765;WB_1104_MACROECONOMIC_VULNERABILITY_AND_DEBT,213;WB_1104_MACROECONOMIC_VULNERABILITY_AND_DEBT,1765;WB_450_DEBT,213;WB_450_DEBT,1765;WB_507_ENERGY_AND_EXTRACTIVES,858;WB_895_MINING_SYSTEMS,858;WB_696_PUBLIC_SECTOR_MANAGEMENT,321;WB_696_PUBLIC_SECTOR_MANAGEMENT,335;WB_696_PUBLIC_SECTOR_MANAGEMENT,637;WB_696_PUBLIC_SECTOR_MANAGEMENT,2283;WB_713_PUBLIC_FINANCE,321;WB_713_PUBLIC_FINANCE,335;WB_713_PUBLIC_FINANCE,637;WB_713_PUBLIC_FINANCE,2283;WB_1045_TREASURY,321;WB_1045_TREASURY,335;WB_1045_TREASURY,637;WB_1045_TREASURY,2283;TAX_FNCACT_MINER,185;TAX_FNCACT_MINER,1136;ECON_WORLDCURRENCIES_SOUTH_AFRICAN_RAND,1733;ECON_TAXATION,142;ECON_TAXATION,380;ECON_TAXATION,464;ECON_TAXATION,2170;USPEC_POLICY1,142;USPEC_POLICY1,380;USPEC_POLICY1,464;USPEC_POLICY1,2170;EPU_POLICY_TAX,142;EPU_POLICY_TAX,380;EPU_POLICY_TAX,464;EPU_POLICY_TAX,2170;EPU_CATS_TAXES,142;EPU_CATS_TAXES,380;EPU_CATS_TAXES,464;EPU_CATS_TAXES,2170;AFFECT,840;ENV_MINING,792;ENV_MINING,2369;TAX_FNCACT_PRACTITIONERS,1509;EPU_ECONOMY_HISTORIC,994;EPU_ECONOMY_HISTORIC,1488;EPU_ECONOMY_HISTORIC,1755;"
20261002153000-138,20261002153000,dailymaverick.co.za,https://www.dailymaverick.co.za/article/2026-10-02-knysna-in-turmoil-as-former-mayors-arrest-deepens-crisis/,"TAX_FNCACT_CHIEF,5782;TAX_FNCACT_MANAGER,107;TAX_FNCACT_MANAGER,5774;KILL,4148;KILL,4277;CRISISLEX_T02_INJURED,4148;CRISISLEX_T02_INJURED,4277;CRISISLEX_T03_DEAD,4148;CRISISLEX_T03_DEAD,4277;WB_2670_JOBS,3545;WB_2769_JOBS_STRATEGIES,3545;WB_695_POVERTY,3545;WB_701_JOBS_AND_POVERTY,3545;WB_1170_JOB_CREATION_AND_JOB_OPPORTUNITIES,3545;UNGP_JOB_OPPORTUNITIES_EMPLOYMENT,3545;TAX_FNCACT_POLICE,514;TAX_FNCACT_POLICE,777;TAX_POLITICAL_PARTY_COMMUNIST_PARTY,1700;GENERAL_GOVERNMENT,284;GENERAL_GOVERNMENT,2587;GENERAL_GOVERNMENT,4632;GENERAL_GOVERNMENT,6067;GENERAL_GOVERNMENT,6171;GENERAL_GOVERNMENT,7381;GENERAL_GOVERNMENT,8024;EPU_POLICY_GOVERNMENT,284;EPU_POLICY_GOVERNMENT,2587;EPU_POLICY_GOVERNMENT,4632;EPU_POLICY_GOVERNMENT,6067;EPU_POLICY_GOVERNMENT,6171;EPU_POLICY_GOVERNMENT,7381;EPU_POLICY_GOVERNMENT,8024;EPU_POLICY_POLITICAL,227;EPU_POLICY_POLITICAL,348;EPU_POLICY_POLITICAL,3759;EPU_POLICY_POLITICAL,3997;EPU_POLICY_POLITICAL,4549;EPU_POLICY_POLITICAL,4667;EPU_POLICY_POLITICAL,5328;EPU_POLICY_POLITICAL,5414;EPU_POLICY_POLITICAL,5553;EPU_POLICY_POLITICAL,6809;EPU_POLICY_POLITICAL,7011;EPU_POLICY_POLITICAL,7343;TAX_FNCACT_CANDIDATE,1662;TAX_FNCACT_CANDIDATE,2052;TAX_FNCACT_CANDIDATE,5708;CONSTITUTIONAL,2667;CONSTITUTIONAL,7230;TAX_FNCACT_CRIMINAL,3584;TAX_FNCACT_CRIMINAL,5586;MOVEMENT_GENERAL,1469;TAX_FNCACT_PRESIDENT,4332;TAX_MILITARY_TITLE_OFFICER,5800;TAX_FNCACT_OFFICER,5800;TAX_FNCACT_SPEAKER,5122;WB_137_WATER,3423;SEIZE,1869;CORRUPTION,432;CORRUPTION,617;CORRUPTION,1150;CORRUPTION,2147;CORRUPTION,2267;CORRUPTION,5821;CORRUPTION,6151;CORRUPTION,7164;CORRUPTION,7562;CORRUPTION,7757;ARREST,11;ARREST,574;ARREST,735;ARREST,1821;ARREST,1884;ARREST,2856;ARREST,2871;ARREST,3038;ARREST,3866;ARREST,5374;ARREST,5727;ARREST,6935;ARREST,7314;CRISISLEX_C07_SAFETY,11;CRISISLEX_C07_SAFETY,574;CRISISLEX_C07_SAFETY,735;CRISISLEX_C07_SAFETY,1821;CRISISLEX_C07_SAFETY,1884;CRISISLEX_C07_SAFETY,2856;CRISISLEX_C07_SAFETY,2871;CRISISLEX_C07_SAFETY,3038;CRISISLEX_C07_SAFETY,3866;CRISISLEX_C07_SAFETY,5374;CRISISLEX_C07_SAFETY,5727;CRISISLEX_C07_SAFETY,6935;CRISISLEX_C07_SAFETY,7314;MANMADE_DISASTER_IMPLIED,4226;ASSASSINATION,357;TAX_FNCACT_COMMUNIST,1694;ALLIANCE,1201;ALLIANCE,1352;ALLIANCE,1377;ALLIANCE,3240;ALLIANCE,8279;ELECTION,294;ELECTION,4642;ELECTION,7391;TAX_FNCACT_BRIGADIER,537;LEGISLATION,6712;EPU_POLICY_LAW,6712;GOV_LOCALGOV,284;GOV_LOCALGOV,4632;GOV_LOCALGOV,6067;GOV_LOCALGOV,6171;GOV_LOCALGOV,7381;WB_2142_LOCAL_GOVERNMENT,284;WB_2142_LOCAL_GOVERNMENT,4632;WB_2142_LOCAL_GOVERNMENT,6067;WB_2142_LOCAL_GOVERNMENT,6171;WB_2142_LOCAL_GOVERNMENT,7381;WB_1502_EDUCATIONAL_DECENTRALIZATION,284;WB_1502_EDUCATIONAL_DECENTRALIZATION,4632;WB_1502_EDUCATIONAL_DECENTRALIZATION,6067;WB_1502_EDUCATIONAL_DECENTRALIZATION,6171;WB_1502_EDUCATIONAL_DECENTRALIZATION,7381;WB_470_EDUCATION,284;WB_470_EDUCATION,4632;WB_470_EDUCATION,6067;WB_470_EDUCATION,6171;WB_470_EDUCATION,7381;WB_1497_EDUCATION_MANAGEMENT_AND_ADMINISTRATION,284;WB_1497_EDUCATION_MANAGEMENT_AND_ADMINISTRATION,4632;WB_1497_EDUCATION_MANAGEMENT_AND_ADMINISTRATION,6067;WB_1497_EDUCATION_MANAGEMENT_AND_ADMINISTRATION,6171;WB_1497_EDUCATION_MANAGEMENT_AND_ADMINISTRATION,7381;UNGP_FORESTS_RIVERS_OCEANS,6002;TRIAL,1169;TRIAL,5972;TAX_POLITICAL_PARTY_SOUTH_AFRICAN_COMMUNIST_PARTY,1700;TAX_FNCACT_BUSINESSMAN,818;TAX_FNCACT_BUSINESSMAN,986;TAX_FNCACT_CFO,138;TRANSPARENCY,2248;TRANSPARENCY,2928;TRANSPARENCY,3014;TRANSPARENCY,3720;TRANSPARENCY,5508;TRANSPARENCY,7193;SECURITY_SERVICES,472;SECURITY_SERVICES,711;SECURITY_SERVICES,859;SECURITY_SERVICES,1057;WB_1934_CIVILLIAN_POLICE_AND_SECURITY_SERVICES,472;WB_1934_CIVILLIAN_POLICE_AND_SECURITY_SERVICES,711;WB_1934_CIVILLIAN_POLICE_AND_SECURITY_SERVICES,859;WB_1934_CIVILLIAN_POLICE_AND_SECURITY_SERVICES,1057;TAX_FNCACT_CHIEF_FINANCIAL_OFFICER,5800;WB_696_PUBLIC_SECTOR_MANAGEMENT,240;WB_696_PUBLIC_SECTOR_MANAGEMENT,1942;WB_696_PUBLIC_SECTOR_MANAGEMENT,3301;WB_696_PUBLIC_SECTOR_MANAGEMENT,8059;WB_831_GOVERNANCE,240;WB_831_GOVERNANCE,1942;WB_831_GOVERNANCE,3301;WB_831_GOVERNANCE,8059;EPU_CATS_MIGRATION_FEAR_FEAR,1030;LEADER,66;LEADER,1571;LEADER,1794;LEADER,4017;LEADER,4094;LEADER,5053;LEADER,5747;TAX_FNCACT_MAYOR,66;TAX_FNCACT_MAYOR,1571;TAX_FNCACT_MAYOR,1794;TAX_FNCACT_MAYOR,4017;TAX_FNCACT_MAYOR,4094;TAX_FNCACT_MAYOR,5053;TAX_FNCACT_MAYOR,5747;CRISISLEX_CRISISLEXREC,247;CRISISLEX_CRISISLEXREC,3530;CRISISLEX_CRISISLEXREC,5352;AFFECT,7102;TAX_FNCACT_EXECUTIVE,2765;TAX_FNCACT_EXECUTIVE,5047;USPEC_POLITICS_GENERAL1,1700;USPEC_POLITICS_GENERAL1,2080;USPEC_POLITICS_GENERAL1,5446;USPEC_POLITICS_GENERAL1,6611;USPEC_POLITICS_GENERAL1,7846;USPEC_POLITICS_GENERAL1,8180;SOC_GENERALCRIME,320;TAX_FNCACT_CANDIDATES,4806;TAX_FNCACT_SECRETARY,4242;TAX_FNCACT_SECRETARY,6580;WB_2024_ANTI_CORRUPTION_AUTHORITIES,408;WB_2024_ANTI_CORRUPTION_AUTHORITIES,648;WB_2024_ANTI_CORRUPTION_AUTHORITIES,3598;WB_2024_ANTI_CORRUPTION_AUTHORITIES,3973;WB_2024_ANTI_CORRUPTION_AUTHORITIES,4381;WB_840_JUSTICE,408;WB_840_JUSTICE,648;WB_840_JUSTICE,3598;WB_840_JUSTICE,3973;WB_840_JUSTICE,4381;WB_2025_INVESTIGATION,408;WB_2025_INVESTIGATION,648;WB_2025_INVESTIGATION,3598;WB_2025_INVESTIGATION,3973;WB_2025_INVESTIGATION,4381;WB_832_ANTI_CORRUPTION,408;WB_832_ANTI_CORRUPTION,648;WB_832_ANTI_CORRUPTION,3598;WB_832_ANTI_CORRUPTION,3973;WB_832_ANTI_CORRUPTION,4381;WB_1014_CRIMINAL_JUSTICE,408;WB_1014_CRIMINAL_JUSTICE,648;WB_1014_CRIMINAL_JUSTICE,3598;WB_1014_CRIMINAL_JUSTICE,3973;WB_1014_CRIMINAL_JUSTICE,4381;TAX_FNCACT_SPOKESPERSON,527;WB_1920_FINANCIAL_SECTOR_DEVELOPMENT,6724;WB_328_FINANCIAL_INTEGRITY,6724;WB_2082_LAW_ENFORCEMENT,6724;"
20261002134500-704,20261002134500,cnbcafrica.com,https://www.cnbcafrica.com/2026/south-african-rand-heads-for-fourth-weekly-loss-as-dollar-strengthens-and-yields-rise,"ECON_WORLDCURRENCIES_DOLLAR,265;ECON_WORLDCURRENCIES_SOUTH_AFRICAN_RAND,18;ECON_WORLDCURRENCIES_SOUTH_AFRICAN_RAND,189;"
20261002110000-910,20261002110000,citizen.co.za,https://www.citizen.co.za/news/south-africa/courts/warrant-arrest-mapisa-nqakula-corruption-trial/,"ARREST,19;ARREST,542;ARREST,1678;CRISISLEX_CRISISLEXREC,19;CRISISLEX_CRISISLEXREC,542;CRISISLEX_CRISISLEXREC,1678;CORRUPTION,228;CORRUPTION,1109;CORRUPTION,1168;LEADER,1430;TAX_FNCACT_DEPUTY,1595;DEMOCRACY,1558;AFFECT,777;GENERAL_GOVERNMENT,1747;TAX_FNCACT_REPRESENTATIVE,392;TAX_FNCACT_CRIMINAL,1644;MOVEMENT_GENERAL,1567;TAX_FNCACT_SPEAKER,85;DELAY,468;USPEC_UNCERTAINTY1,468;TAX_FNCACT_CONTRACTOR,1313;TAX_ETHNICITY_BANTU,1618;TAX_TERROR_GROUP_SOUTH_AFRICAN_NATIONAL_DEFENCE_FORCE,1296;ECON_MONEYLAUNDERING,1187;WB_2076_MONEY_LAUNDERING,1187;WB_1920_FINANCIAL_SECTOR_DEVELOPMENT,1187;WB_328_FINANCIAL_INTEGRITY,1187;TAX_FNCACT_MINISTER,1427;TAX_FNCACT_MINISTER,1612;TAX_FNCACT_VETERANS,1458;GENERAL_HEALTH,435;MEDICAL,435;CRISISLEX_C03_WELLBEING_HEALTH,435;TAX_FNCACT_LEADER,1578;TAX_POLITICAL_PARTY_UNITED_DEMOCRATIC_MOVEMENT,1567;"
20261002104500-788,20261002104500,defenceweb.co.za,https://defenceweb.co.za/industry/industry-industry/rdm-to-start-longclaw-glide-bomb-production-line-in-second-half-of-2027/,"TAX_DISEASE_CONVENTIONAL,2264;SURVEILLANCE,3979;TAX_WEAPONS_BOMB,126;TAX_WEAPONS_BOMB,1672;EPU_CATS_MIGRATION_FEAR_FEAR,126;EPU_CATS_MIGRATION_FEAR_FEAR,1672;MILITARY,329;TAX_TERROR_GROUP_SOUTH_AFRICAN_NATIONAL_DEFENCE_FORCE,2105;TAX_WEAPONS_ARTILLERY,1017;TAX_ETHNICITY_INDIGENOUS,1517;ETH_INDIGINOUS,1517;WB_2670_JOBS,1905;WB_2769_JOBS_STRATEGIES,1905;WB_2840_INTEGRATION,1905;WB_2836_MIGRATION_POLICIES_AND_JOBS,1905;TAX_FNCACT_GUIDE,2736;MANMADE_DISASTER_IMPLIED,323;MANMADE_DISASTER_IMPLIED,3061;TAX_ETHNICITY_GERMAN,752;TAX_WORLDLANGUAGES_GERMAN,752;TAX_WEAPONS_AIR_DEFENCE_SYSTEMS,3077;TAX_FNCACT_CONTRACTOR,833;CRISISLEX_CRISISLEXREC,2955;DRONES,662;WB_2470_PEACE_OPERATIONS_AND_CONFLICT_MANAGEMENT,2277;WB_2503_WEAPONS_PROLIFERATION_AND_ARMS_CONTROL,2277;WB_2432_FRAGILITY_CONFLICT_AND_VIOLENCE,2277;TAX_WEAPONS_WARHEAD,2375;TAX_FNCACT_PRODUCER,980;TAX_WEAPONS_BOMBS,1065;CRISISLEX_T01_CAUTION_ADVICE,1065;TAX_FNCACT_CEO,34;USPEC_POLITICS_GENERAL1,2287;SOC_POINTSOFINTEREST_AIR_FORCE_BASE,334;"
20261002104500-311,20261002104500,ewn.co.za,https://www.ewn.co.za/2026/10/02/knysna-municipality-leadership-arrested-over-security-contract-corruption,"TAX_FNCACT_BUSINESSMAN,1557;EPU_POLICY_POLITICAL,1935;CRISISLEX_CRISISLEXREC,1658;ALLIANCE,2064;GENERAL_GOVERNMENT,627;EPU_POLICY_GOVERNMENT,627;TAX_FNCACT_CANDIDATE,2085;ELECTION,637;TAX_POLITICAL_PARTY_COMMUNIST_PARTY,1162;TAX_FNCACT_POLICE,1411;TAX_FNCACT_CHIEF_FINANCIAL_OFFICER,234;TAX_FNCACT_CHIEF_FINANCIAL_OFFICER,807;TAX_FNCACT_CHIEF_FINANCIAL_OFFICER,1382;CORRUPTION,84;CORRUPTION,407;CORRUPTION,971;CORRUPTION,1739;MEDIA_SOCIAL,511;ARREST,53;ARREST,376;ARREST,911;ARREST,1291;SOC_GENERALCRIME,53;SOC_GENERALCRIME,376;SOC_GENERALCRIME,911;SOC_GENERALCRIME,1291;CRISISLEX_C07_SAFETY,53;CRISISLEX_C07_SAFETY,376;CRISISLEX_C07_SAFETY,911;CRISISLEX_C07_SAFETY,1291;GOV_LOCALGOV,627;WB_2142_LOCAL_GOVERNMENT,627;WB_1502_EDUCATIONAL_DECENTRALIZATION,627;WB_470_EDUCATION,627;WB_1497_EDUCATION_MANAGEMENT_AND_ADMINISTRATION,627;USPEC_POLITICS_GENERAL1,1122;EPU_POLICY_CONGRESS,1122;TAX_FNCACT_CHIEF,216;TAX_FNCACT_CHIEF,789;TAX_FNCACT_CHIEF,1364;TAX_MILITARY_TITLE_OFFICER,234;TAX_MILITARY_TITLE_OFFICER,807;TAX_MILITARY_TITLE_OFFICER,1382;TAX_FNCACT_OFFICER,234;TAX_FNCACT_OFFICER,807;TAX_FNCACT_OFFICER,1382;DEMOCRACY,2055;WB_2024_ANTI_CORRUPTION_AUTHORITIES,947;WB_2024_ANTI_CORRUPTION_AUTHORITIES,1476;WB_696_PUBLIC_SECTOR_MANAGEMENT,947;WB_696_PUBLIC_SECTOR_MANAGEMENT,1476;WB_840_JUSTICE,947;WB_840_JUSTICE,1476;WB_2025_INVESTIGATION,947;WB_2025_INVESTIGATION,1476;WB_831_GOVERNANCE,947;WB_831_GOVERNANCE,1476;WB_832_ANTI_CORRUPTION,947;WB_832_ANTI_CORRUPTION,1476;WB_1014_CRIMINAL_JUSTICE,947;WB_1014_CRIMINAL_JUSTICE,1476;LEADER,140;LEADER,443;LEADER,682;LEADER,713;TAX_FNCACT_MAYOR,140;TAX_FNCACT_MAYOR,443;TAX_FNCACT_MAYOR,682;TAX_FNCACT_MAYOR,713;TAX_POLITICAL_PARTY_SOUTH_AFRICAN_COMMUNIST_PARTY,1162;TAX_FNCACT_COMMUNIST,1156;AFFECT,2025;SECURITY_SERVICES,1003;WB_1934_CIVILLIAN_POLICE_AND_SECURITY_SERVICES,1003;TAX_TERROR_GROUP_AFRICAN_NATIONAL_CONGRESS,1122;TAX_POLITICAL_PARTY_AFRICAN_NATIONAL_CONGRESS,1122;TAX_FNCACT_MANAGER,191;TAX_FNCACT_MANAGER,764;TAX_FNCACT_MANAGER,1339;"
20261002104500-77,20261002104500,timeslive.co.za,https://www.timeslive.co.za/politics/2026-10-02-warrant-issued-for-nosiviwe-mapisa-nqakula-after-a-no-show-in-court/,"CORRUPTION,758;TAX_FNCACT_CONTRACTOR,1003;TAX_FNCACT_MINISTER,829;ECON_MONEYLAUNDERING,788;WB_2076_MONEY_LAUNDERING,788;WB_1920_FINANCIAL_SECTOR_DEVELOPMENT,788;WB_328_FINANCIAL_INTEGRITY,788;AFFECT,331;SICKENED,331;GENERAL_HEALTH,498;GENERAL_HEALTH,598;MEDICAL,498;MEDICAL,598;CRISISLEX_C03_WELLBEING_HEALTH,498;CRISISLEX_C03_WELLBEING_HEALTH,598;TAX_TERROR_GROUP_SOUTH_AFRICAN_NATIONAL_DEFENCE_FORCE,976;TRIAL,186;TRIAL,441;USPEC_UNCERTAINTY1,622;DELAY,670;GENERAL_GOVERNMENT,1060;EPU_POLICY_GOVERNMENT,1060;"
20261002104500-898,20261002104500,defenceweb.co.za,https://defenceweb.co.za/sa-defence-sa-defence/opinion-a-military-that-cannot-fly-sail-or-count-its-weapons-is-a-sovereignty-crisis/,"WB_698_TRADE,10859;WB_838_PUBLIC_ACCOUNTABILITY_MECHANISMS,13824;TAX_FNCACT_EMPLOYEES,4647;TAX_FNCACT_EMPLOYEES,6272;TAX_FNCACT_EMPLOYEES,8070;GENERAL_HEALTH,557;GENERAL_HEALTH,11774;GENERAL_HEALTH,11900;MEDICAL,557;MEDICAL,11774;MEDICAL,11900;CRISISLEX_C03_WELLBEING_HEALTH,557;CRISISLEX_C03_WELLBEING_HEALTH,11774;CRISISLEX_C03_WELLBEING_HEALTH,11900;CRISISLEX_CRISISLEXREC,149;TAX_MILITARY_TITLE_OFFICER,7688;TAX_MILITARY_TITLE_OFFICER,10144;TAX_MILITARY_TITLE_OFFICER,13448;TAX_MILITARY_TITLE_OFFICER,14623;TAX_FNCACT_OFFICER,7688;TAX_FNCACT_OFFICER,10144;TAX_FNCACT_OFFICER,13448;TAX_FNCACT_OFFICER,14623;WB_336_NON_BANK_FINANCIAL_INSTITUTIONS,11157;WB_1920_FINANCIAL_SECTOR_DEVELOPMENT,11157;WB_612_HOUSING_FINANCE,11157;WB_332_CAPITAL_MARKETS,11157;WB_2745_JOB_QUALITY_AND_LABOR_MARKET_PERFORMANCE,12170;WB_2670_JOBS,12170;WB_2689_JOBS_DIAGNOSTICS,12170;WB_2748_EMPLOYMENT,12170;TRIAL,9873;TAX_FNCACT_ATTORNEY,9873;TAX_FNCACT_PRINCIPAL,13440;SCANDAL,7265;UNGP_FORESTS_RIVERS_OCEANS,5116;UNGP_FORESTS_RIVERS_OCEANS,5902;UNGP_FORESTS_RIVERS_OCEANS,10340;WB_716_MANAGING_PUBLIC_FINANCES,11568;WB_716_MANAGING_PUBLIC_FINANCES,11690;WB_2063_INTERNAL_AUDIT,11568;WB_2063_INTERNAL_AUDIT,11690;TAX_FNCACT_MINISTER,472;TAX_FNCACT_MINISTER,4368;TAX_FNCACT_MINISTER,12299;TAX_FNCACT_MINISTER,12926;TAX_FNCACT_MINISTER,14537;USPEC_POLICY1,5532;EPU_POLICY_SPENDING,5532;TAX_MILITARY_TITLE_SOLDIERS,12876;TAX_FNCACT_SOLDIERS,12876;TAX_FNCACT_SECRETARY,1311;TAX_FNCACT_SECRETARY,4277;TAX_FNCACT_SECRETARY,4427;TAX_FNCACT_SECRETARY,7842;WB_1305_HEALTH_SERVICES_DELIVERY,12510;WB_621_HEALTH_NUTRITION_AND_POPULATION,12510;TAX_FNCACT_VETERANS,63;TAX_FNCACT_VETERANS,390;TAX_FNCACT_VETERANS,3783;TAX_FNCACT_VETERANS,4164;TAX_FNCACT_VETERANS,11092;TAX_FNCACT_VETERANS,11298;EPU_POLICY_BUDGET,6210;EPU_POLICY_BUDGET,6536;EPU_CATS_MIGRATION_FEAR_FEAR,10831;EPU_CATS_MIGRATION_FEAR_FEAR,13338;TAX_FNCACT_SERVANTS,11931;SOC_POINTSOFINTEREST_HOSPITAL,4787;SOC_POINTSOFINTEREST_HOSPITAL,9712;EPU_ECONOMY_HISTORIC,5080;WB_566_ENVIRONMENT_AND_NATURAL_RESOURCES,10224;WB_590_ECOSYSTEMS,10224;CORRUPTION,9029;WB_2019_ANTI_CORRUPTION_LEGISLATION,9029;WB_831_GOVERNANCE,9029;WB_832_ANTI_CORRUPTION,9029;WB_2020_BRIBERY_FRAUD_AND_COLLUSION,9029;BORDER,5921;TAX_MILITARY_TITLE_SOLDIER,11803;TAX_MILITARY_TITLE_SOLDIER,11988;TAX_MILITARY_TITLE_SOLDIER,14210;TAX_MILITARY_TITLE_SOLDIER,14255;TAX_FNCACT_SOLDIER,11803;TAX_FNCACT_SOLDIER,11988;TAX_FNCACT_SOLDIER,14210;TAX_FNCACT_SOLDIER,14255;LEADER,6639;TAX_FNCACT_PRESIDENT,6639;WB_756_VULNERABLE_GROUPS,13387;WB_421_SOCIAL_INCLUSION,13387;WB_758_ORPHANS,13387;WB_134_SOCIAL_DEVELOPMENT,13387;SECURITY_SERVICES,9090;TAX_FNCACT_POLICE,9090;CRISISLEX_C07_SAFETY,9090;WB_845_LEGAL_AND_REGULATORY_FRAMEWORK,8221;WB_410_BUSINESS_LAW_AND_REGULATION,8221;WB_980_PROCUREMENT_LAW,8221;SOC_GENERALCRIME,13814;WB_368_LEASING,5598;WB_368_LEASING,9392;MARITIME_INCIDENT,2581;MARITIME_INCIDENT,15392;MARITIME,2581;MARITIME,15392;MANMADE_DISASTER_IMPLIED,2581;MANMADE_DISASTER_IMPLIED,15392;TAX_FNCACT_CHILDREN,12056;EPU_POLICY_LEGISLATION,8735;EPU_UNCERTAINTY,11031;EPU_UNCERTAINTY,13505;RETIREMENT,13241;WB_2690_CATEGORIES_OF_EMPLOYMENT,13241;WB_2896_RETIREMENT,13241;WB_2055_EMPLOYMENT_AND_WAGE_DATA,6812;WB_2054_SIZE_OF_THE_PUBLIC_SERVICE,6812;TAX_FNCACT_OFFICIAL,1244;TAX_FNCACT_OFFICIAL,9558;TAX_FNCACT_CIVIL_SERVANTS,11931;WB_1467_EDUCATION_FOR_ALL,11176;WB_1467_EDUCATION_FOR_ALL,11483;WB_470_EDUCATION,11176;WB_470_EDUCATION,11483;WB_2131_EMPLOYABILITY_SKILLS_AND_JOBS,11176;WB_2131_EMPLOYABILITY_SKILLS_AND_JOBS,11483;WB_1484_EDUCATION_SKILLS_DEVELOPMENT_AND_LABOR_MARKET,11176;WB_1484_EDUCATION_SKILLS_DEVELOPMENT_AND_LABOR_MARKET,11483;WB_1650_PUBLIC_EMPLOYMENT_SERVICES,11212;WB_1652_PLACEMENT,11212;MILITARY,6125;TAX_FNCACT_CHIEF_EXECUTIVE,2037;ECON_SUBSIDIES,11167;WB_1948_SUBSIDIES,11167;WB_695_POVERTY,11167;WB_706_EVIDENCE_BASED_POLICY,11167;WB_856_WAGES,6807;WB_1654_ACTIVE_LABOR_MARKET_POLICIES,6807;WB_855_LABOR_MARKETS,6807;WB_697_SOCIAL_PROTECTION_AND_LABOR,6807;TAX_FNCACT_EXECUTIVE,2037;TAX_FNCACT_EXECUTIVE,2989;TAX_TERROR_GROUP_SOUTH_AFRICAN_NATIONAL_DEFENCE_FORCE,15599;INFO_RUMOR,2175;AUSTERITY,15188;AUSTERITY,15245;WB_1074_FISCAL_CONTRACTION,15188;WB_1074_FISCAL_CONTRACTION,15245;WB_1070_ECONOMIC_GROWTH_POLICY,15188;WB_1070_ECONOMIC_GROWTH_POLICY,15245;WB_471_ECONOMIC_GROWTH,15188;WB_471_ECONOMIC_GROWTH,15245;WB_1072_FISCAL_POLICY_AND_GROWTH,15188;WB_1072_FISCAL_POLICY_AND_GROWTH,15245;APPOINTMENT,4549;TAX_FNCACT_BUSINESSMAN,2153;TAX_DISEASE_WOUNDS,3590;TAX_FNCACT_CRIMINAL,6483;TAX_FNCACT_CRIMINAL,9151;ECON_BANKRUPTCY,10662;WB_713_PUBLIC_FINANCE,6989;WB_713_PUBLIC_FINANCE,8089;WB_713_PUBLIC_FINANCE,12592;WB_713_PUBLIC_FINANCE,13523;WB_713_PUBLIC_FINANCE,14004;WB_1045_TREASURY,6989;WB_1045_TREASURY,8089;WB_1045_TREASURY,12592;WB_1045_TREASURY,13523;WB_1045_TREASURY,14004;WB_728_PUBLIC_SERVICE_DELIVERY,12544;WB_2098_OUTSOURCING,12544;ECON_DEBT,10698;WB_1104_MACROECONOMIC_VULNERABILITY_AND_DEBT,10698;WB_450_DEBT,10698;SOVEREIGNTY,6237;SOVEREIGNTY,15683;TRANSPARENCY,310;TRANSPARENCY,1359;TRANSPARENCY,1409;TRANSPARENCY,3380;TRANSPARENCY,4946;TRANSPARENCY,7640;TRANSPARENCY,10214;TRANSPARENCY,14320;TRANSPARENCY,14578;MIL_SELF_IDENTIFIED_ARMS_DEAL,2526;LEGISLATION,6440;LEGISLATION,8221;LEGISLATION,12200;EPU_POLICY_LAW,6440;EPU_POLICY_LAW,8221;EPU_POLICY_LAW,12200;TAX_FNCACT_CHIEF,2027;TAX_FNCACT_CHIEF,2916;TAX_ETHNICITY_AFRIKANER,2141;USPEC_POLITICS_GENERAL1,32;USPEC_POLITICS_GENERAL1,502;USPEC_POLITICS_GENERAL1,921;USPEC_POLITICS_GENERAL1,1466;USPEC_POLITICS_GENERAL1,2268;USPEC_POLITICS_GENERAL1,2320;USPEC_POLITICS_GENERAL1,4385;USPEC_POLITICS_GENERAL1,12327;USPEC_POLITICS_GENERAL1,13291;USPEC_POLITICS_GENERAL1,13801;WB_696_PUBLIC_SECTOR_MANAGEMENT,4634;WB_696_PUBLIC_SECTOR_MANAGEMENT,6259;WB_696_PUBLIC_SECTOR_MANAGEMENT,8057;WB_2048_COMPENSATION_CAREERS_AND_INCENTIVES,4634;WB_2048_COMPENSATION_CAREERS_AND_INCENTIVES,6259;WB_2048_COMPENSATION_CAREERS_AND_INCENTIVES,8057;WB_723_PUBLIC_ADMINISTRATION,4634;WB_723_PUBLIC_ADMINISTRATION,6259;WB_723_PUBLIC_ADMINISTRATION,8057;WB_724_HUMAN_RESOURCES_FOR_PUBLIC_SECTOR,4634;WB_724_HUMAN_RESOURCES_FOR_PUBLIC_SECTOR,6259;WB_724_HUMAN_RESOURCES_FOR_PUBLIC_SECTOR,8057;GENERAL_GOVERNMENT,11963;GENERAL_GOVERNMENT,14165;GENERAL_GOVERNMENT,15699;TAX_ETHNICITY_BULGARIAN,2090;TAX_WORLDLANGUAGES_BULGARIAN,2090;"
20261002101500-181,20261002101500,bizcommunity.com,https://www.bizcommunity.com/article/all-the-ipendoring-2026-finalists-414089a,"TAX_WORLDLANGUAGES_SISWATI,1073;TAX_ETHNICITY_INDIGENOUS,405;TAX_ETHNICITY_INDIGENOUS,1014;TAX_ETHNICITY_INDIGENOUS,2058;TAX_ETHNICITY_INDIGENOUS,2091;TAX_ETHNICITY_INDIGENOUS,2265;TAX_ETHNICITY_INDIGENOUS,3122;ETH_INDIGINOUS,405;ETH_INDIGINOUS,1014;ETH_INDIGINOUS,2058;ETH_INDIGINOUS,2091;ETH_INDIGINOUS,2265;ETH_INDIGINOUS,3122;TAX_FNCACT_OFFICIAL,1003;EDUCATION,1304;TAX_WORLDLANGUAGES_SOUTH_AFRICAN_SIGN_LANGUAGE,455;TAX_WORLDLANGUAGES_SOUTH_AFRICAN_SIGN_LANGUAGE,1184;MEDIA_MSM,1753;MEDIA_MSM,2954;TAX_WORLDBIRDS_BLACK_SWAN,616;TAX_WORLDLANGUAGES_AFRIKAANS,897;TAX_FNCACT_STUDENT,1401;TAX_FNCACT_STUDENT,1435;TAX_FNCACT_STUDENT,1577;TRIAL,516;TRIAL,543;TAX_FNCACT_GENERAL_MANAGER,838;CONSTITUTIONAL,2576;CONSTITUTIONAL,2737;CONSTITUTIONAL,3048;CONSTITUTIONAL,3361;SOC_POINTSOFINTEREST_SCHOOL,1497;SOC_POINTSOFINTEREST_SCHOOL,1554;LEADER,553;TAX_FNCACT_PRESIDENT,553;USPEC_POLITICS_GENERAL1,553;TAX_FNCACT_COMPOSER,3156;TAX_ETHNICITY_BLACK,611;TAX_FNCACT_MANAGER,838;TAX_WORLDLANGUAGES_SIGN_LANGUAGE,455;TAX_WORLDLANGUAGES_SIGN_LANGUAGE,1184;EPU_ECONOMY_HISTORIC,1320;TAX_FNCACT_STUDENTS,1331;TAX_FNCACT_STUDENTS,1342;TAX_FNCACT_JUDGES,529;"
20261002094500-741,20261002094500,businessday.co.za,https://www.businessday.co.za/news/2026-10-02-warrant-issued-for-nosiviwe-mapisa-nqakula-after-no-show-in-court/,"AFFECT,331;SICKENED,331;TAX_FNCACT_MINISTER,829;CORRUPTION,758;TAX_TERROR_GROUP_SOUTH_AFRICAN_NATIONAL_DEFENCE_FORCE,976;TRIAL,186;TRIAL,441;GENERAL_GOVERNMENT,1060;EPU_POLICY_GOVERNMENT,1060;GENERAL_HEALTH,498;GENERAL_HEALTH,598;MEDICAL,498;MEDICAL,598;CRISISLEX_C03_WELLBEING_HEALTH,498;CRISISLEX_C03_WELLBEING_HEALTH,598;DELAY,670;ECON_MONEYLAUNDERING,788;WB_2076_MONEY_LAUNDERING,788;WB_1920_FINANCIAL_SECTOR_DEVELOPMENT,788;WB_328_FINANCIAL_INTEGRITY,788;TAX_FNCACT_CONTRACTOR,1003;USPEC_UNCERTAINTY1,622;"
20261002093000-128,20261002093000,riotimesonline.com,https://www.riotimesonline.com/moodys-strong-gains-kenyan-lenders-sa-banks-2026/,"TAX_ETHNICITY_AMERICAN,2201;TAX_ETHNICITY_AMERICAN,2386;ECON_SOVEREIGN_DEBT,750;ECON_SOVEREIGN_DEBT,3458;ECON_SOVEREIGN_DEBT,7479;ECON_INFLATION,4046;WB_442_INFLATION,4046;DELAY,1321;USPEC_UNCERTAINTY1,1321;LEGISLATION,4982;EPU_POLICY_LAW,4982;ECON_WORLDCURRENCIES_SOUTH_AFRICAN_RAND,5565;ECON_WORLDCURRENCIES_DOLLAR,5582;TAX_WORLDLANGUAGES_LATIN,2055;TAX_WORLDLANGUAGES_LATIN,2192;TAX_WORLDLANGUAGES_LATIN,2377;USPEC_POLICY1,100;EPU_ECONOMY,100;EPU_ECONOMY_HISTORIC,100;TAX_ECON_PRICE,6481;ECON_CENTRALBANK,600;ECON_CENTRALBANK,1495;ECON_CENTRALBANK,2847;ECON_CENTRALBANK,4613;WB_1235_CENTRAL_BANKS,600;WB_1235_CENTRAL_BANKS,1495;WB_1235_CENTRAL_BANKS,2847;WB_1235_CENTRAL_BANKS,4613;WB_318_FINANCIAL_ARCHITECTURE_AND_BANKING,600;WB_318_FINANCIAL_ARCHITECTURE_AND_BANKING,1495;WB_318_FINANCIAL_ARCHITECTURE_AND_BANKING,2847;WB_318_FINANCIAL_ARCHITECTURE_AND_BANKING,4613;WB_1920_FINANCIAL_SECTOR_DEVELOPMENT,600;WB_1920_FINANCIAL_SECTOR_DEVELOPMENT,1495;WB_1920_FINANCIAL_SECTOR_DEVELOPMENT,2847;WB_1920_FINANCIAL_SECTOR_DEVELOPMENT,4613;WB_1234_BANKING_INSTITUTIONS,600;WB_1234_BANKING_INSTITUTIONS,1495;WB_1234_BANKING_INSTITUTIONS,2847;WB_1234_BANKING_INSTITUTIONS,4613;EPU_POLICY_CENTRAL_BANK,600;EPU_POLICY_CENTRAL_BANK,1495;EPU_POLICY_CENTRAL_BANK,2847;EPU_POLICY_CENTRAL_BANK,4613;EPU_CATS_MONETARY_POLICY,600;EPU_CATS_MONETARY_POLICY,1495;EPU_CATS_MONETARY_POLICY,2847;EPU_CATS_MONETARY_POLICY,4613;GENERAL_HEALTH,376;MEDICAL,376;TAX_FNCACT_CHIEF_EXECUTIVE,6197;ECON_WORLDCURRENCIES_US_DOLLAR,5582;TAX_ETHNICITY_KENYAN,985;TAX_ETHNICITY_KENYAN,1041;TAX_ETHNICITY_KENYAN,1385;TAX_ETHNICITY_KENYAN,2503;TAX_ETHNICITY_KENYAN,2871;TAX_ETHNICITY_KENYAN,2959;TAX_ETHNICITY_KENYAN,3467;TAX_ETHNICITY_KENYAN,3915;TAX_ETHNICITY_KENYAN,6452;TAX_ETHNICITY_KENYAN,7327;TAX_ETHNICITY_KENYAN,7366;ELECTION,4126;TAX_ECON_FREETRADEAGREEMENTS_EAST_AFRICAN_COMMUNITY,229;ECON_DEBT,750;ECON_DEBT,3458;ECON_DEBT,7479;WB_1104_MACROECONOMIC_VULNERABILITY_AND_DEBT,750;WB_1104_MACROECONOMIC_VULNERABILITY_AND_DEBT,3458;WB_1104_MACROECONOMIC_VULNERABILITY_AND_DEBT,7479;WB_450_DEBT,750;WB_450_DEBT,3458;WB_450_DEBT,7479;EPU_CATS_REGULATION,4671;EPU_CATS_FINANCIAL_REGULATION,4671;WB_1160_SHOCKS_AND_VULNERABILITY,4096;WB_695_POVERTY,4096;WB_698_TRADE,235;AFFECT,7787;TAX_FNCACT_EXECUTIVE,6197;ECON_DEVELOPMENTORGS_WORLD_BANK,138;WB_1236_COMMERCIAL_BANKING,4729;GENERAL_GOVERNMENT,745;GENERAL_GOVERNMENT,3453;GENERAL_GOVERNMENT,3489;GENERAL_GOVERNMENT,3926;GENERAL_GOVERNMENT,7474;EPU_POLICY_GOVERNMENT,745;EPU_POLICY_GOVERNMENT,3453;EPU_POLICY_GOVERNMENT,3489;EPU_POLICY_GOVERNMENT,3926;EPU_POLICY_GOVERNMENT,7474;TAX_FNCACT_CHIEF,6187;WB_696_PUBLIC_SECTOR_MANAGEMENT,1303;WB_696_PUBLIC_SECTOR_MANAGEMENT,5208;WB_713_PUBLIC_FINANCE,1303;WB_713_PUBLIC_FINANCE,5208;WB_1045_TREASURY,1303;WB_1045_TREASURY,5208;WB_2433_CONFLICT_AND_VIOLENCE,4079;WB_2432_FRAGILITY_CONFLICT_AND_VIOLENCE,4079;"
20261002084500-338,20261002084500,sowetan.co.za,https://www.sowetan.co.za/news/2026-10-02-warrant-issued-for-nosiviwe-mapisa-nqakula-after-a-no-show-in-court/,"TAX_FNCACT_CONTRACTOR,1003;TAX_TERROR_GROUP_SOUTH_AFRICAN_NATIONAL_DEFENCE_FORCE,976;DELAY,670;GENERAL_GOVERNMENT,1060;EPU_POLICY_GOVERNMENT,1060;USPEC_UNCERTAINTY1,622;GENERAL_HEALTH,498;GENERAL_HEALTH,598;MEDICAL,498;MEDICAL,598;CRISISLEX_C03_WELLBEING_HEALTH,498;CRISISLEX_C03_WELLBEING_HEALTH,598;ECON_MONEYLAUNDERING,788;WB_2076_MONEY_LAUNDERING,788;WB_1920_FINANCIAL_SECTOR_DEVELOPMENT,788;WB_328_FINANCIAL_INTEGRITY,788;AFFECT,331;TRIAL,186;TRIAL,441;TAX_FNCACT_MINISTER,829;SICKENED,331;CORRUPTION,758;"
20261001213000-46,20261001213000,riotimesonline.com,https://www.riotimesonline.com/south-africa-markets-jse-rand-thursday-october-1-2026/,"ECON_WORLDCURRENCIES_DOLLARS,1862;ECON_WORLDCURRENCIES_DOLLARS,3492;ECON_WORLDCURRENCIES_DOLLARS,6078;TAX_ETHNICITY_AUSTRALIAN,10785;ECON_CURRENCY_EXCHANGE_RATE,3195;ECON_CURRENCY_EXCHANGE_RATE,4098;ECON_WORLDCURRENCIES_BRITISH_POUND,3227;TAX_FNCACT_GOLD_MINERS,3468;TAX_FNCACT_GOLD_MINERS,6027;TAX_FNCACT_GOLD_MINERS,10127;EPU_POLICY_POLICY,5964;EPU_POLICY_POLICY,11876;ECON_WORLDCURRENCIES_EURO,3195;ECON_WORLDCURRENCIES_EURO,3734;ECON_WORLDCURRENCIES_EURO,4098;ECON_WORLDCURRENCIES_EURO,5472;ECON_WORLDCURRENCIES_EURO,5511;ECON_WORLDCURRENCIES_EURO,11108;ECON_WORLDCURRENCIES_DOLLAR,63;ECON_WORLDCURRENCIES_DOLLAR,967;ECON_WORLDCURRENCIES_DOLLAR,1921;ECON_WORLDCURRENCIES_DOLLAR,2090;ECON_WORLDCURRENCIES_DOLLAR,3086;ECON_WORLDCURRENCIES_DOLLAR,3687;ECON_WORLDCURRENCIES_DOLLAR,3767;ECON_WORLDCURRENCIES_DOLLAR,4152;ECON_WORLDCURRENCIES_DOLLAR,4525;ECON_WORLDCURRENCIES_DOLLAR,5061;ECON_WORLDCURRENCIES_DOLLAR,5203;ECON_WORLDCURRENCIES_DOLLAR,5271;ECON_WORLDCURRENCIES_DOLLAR,5376;ECON_WORLDCURRENCIES_DOLLAR,5461;ECON_WORLDCURRENCIES_DOLLAR,5553;ECON_WORLDCURRENCIES_DOLLAR,5600;ECON_WORLDCURRENCIES_DOLLAR,9569;ECON_WORLDCURRENCIES_DOLLAR,9581;ECON_WORLDCURRENCIES_DOLLAR,9820;ECON_WORLDCURRENCIES_DOLLAR,9890;ECON_WORLDCURRENCIES_DOLLAR,11097;ECON_WORLDCURRENCIES_DOLLAR,11149;GEN_HOLIDAY,1819;FUELPRICES,9974;MANMADE_DISASTER_IMPLIED,700;MANMADE_DISASTER_IMPLIED,3571;MANMADE_DISASTER_IMPLIED,7330;TAX_ETHNICITY_ASHANTI,548;TAX_ETHNICITY_ASHANTI,6184;TAX_ETHNICITY_ASHANTI,7805;TAX_ETHNICITY_ASHANTI,8208;TAX_ETHNICITY_ASHANTI,10161;EPU_ECONOMY,6896;EPU_ECONOMY,11823;TAX_WORLDLANGUAGES_LATIN,2182;TAX_WORLDLANGUAGES_LATIN,12143;TAX_FNCACT_OFFICIAL,2543;TAX_FNCACT_OFFICIAL,10374;ECON_WORLDCURRENCIES_US_DOLLAR,63;ECON_WORLDCURRENCIES_US_DOLLAR,967;ECON_WORLDCURRENCIES_US_DOLLAR,2090;ECON_WORLDCURRENCIES_US_DOLLAR,3086;ECON_WORLDCURRENCIES_US_DOLLAR,5061;ECON_WORLDCURRENCIES_US_DOLLAR,5271;WB_1921_PRIVATE_SECTOR_DEVELOPMENT,1361;WB_1921_PRIVATE_SECTOR_DEVELOPMENT,6554;WB_1921_PRIVATE_SECTOR_DEVELOPMENT,10276;WB_1921_PRIVATE_SECTOR_DEVELOPMENT,11520;WB_346_COMPETITIVE_INDUSTRIES,1361;WB_346_COMPETITIVE_INDUSTRIES,6554;WB_346_COMPETITIVE_INDUSTRIES,10276;WB_346_COMPETITIVE_INDUSTRIES,11520;WB_818_INDUSTRY_POLICY_AND_REAL_SECTORS,1361;WB_818_INDUSTRY_POLICY_AND_REAL_SECTORS,6554;WB_818_INDUSTRY_POLICY_AND_REAL_SECTORS,10276;WB_818_INDUSTRY_POLICY_AND_REAL_SECTORS,11520;WB_1281_MANUFACTURING,1361;WB_1281_MANUFACTURING,6554;WB_1281_MANUFACTURING,10276;WB_1281_MANUFACTURING,11520;WB_135_TRANSPORT,10451;WB_1803_TRANSPORT_INFRASTRUCTURE,10451;WB_167_PORTS,10451;USPEC_POLICY1,3592;EPU_POLICY_SPENDING,3592;TAX_FNCACT_DRIVER,5410;TAX_FNCACT_DRIVER,7618;EPU_CATS_MIGRATION_FEAR_FEAR,3538;WB_1160_SHOCKS_AND_VULNERABILITY,3349;WB_695_POVERTY,3349;WB_450_DEBT,5901;WB_2936_GOLD,431;WB_2936_GOLD,453;WB_2936_GOLD,3461;WB_2936_GOLD,6020;WB_2936_GOLD,6067;WB_2936_GOLD,6157;WB_2936_GOLD,7634;WB_2936_GOLD,8122;WB_2936_GOLD,10120;WB_2936_GOLD,10134;WB_2936_GOLD,10748;WB_507_ENERGY_AND_EXTRACTIVES,431;WB_507_ENERGY_AND_EXTRACTIVES,453;WB_507_ENERGY_AND_EXTRACTIVES,3461;WB_507_ENERGY_AND_EXTRACTIVES,6020;WB_507_ENERGY_AND_EXTRACTIVES,6067;WB_507_ENERGY_AND_EXTRACTIVES,6157;WB_507_ENERGY_AND_EXTRACTIVES,7634;WB_507_ENERGY_AND_EXTRACTIVES,8122;WB_507_ENERGY_AND_EXTRACTIVES,10120;WB_507_ENERGY_AND_EXTRACTIVES,10134;WB_507_ENERGY_AND_EXTRACTIVES,10748;WB_895_MINING_SYSTEMS,431;WB_895_MINING_SYSTEMS,453;WB_895_MINING_SYSTEMS,3461;WB_895_MINING_SYSTEMS,6020;WB_895_MINING_SYSTEMS,6067;WB_895_MINING_SYSTEMS,6157;WB_895_MINING_SYSTEMS,7634;WB_895_MINING_SYSTEMS,8122;WB_895_MINING_SYSTEMS,10120;WB_895_MINING_SYSTEMS,10134;WB_895_MINING_SYSTEMS,10748;WB_1699_METAL_ORE_MINING,431;WB_1699_METAL_ORE_MINING,453;WB_1699_METAL_ORE_MINING,3461;WB_1699_METAL_ORE_MINING,6020;WB_1699_METAL_ORE_MINING,6067;WB_1699_METAL_ORE_MINING,6157;WB_1699_METAL_ORE_MINING,7634;WB_1699_METAL_ORE_MINING,8122;WB_1699_METAL_ORE_MINING,10120;WB_1699_METAL_ORE_MINING,10134;WB_1699_METAL_ORE_MINING,10748;ECON_INFLATION,5794;ECON_INFLATION,9986;ECON_INFLATION,11344;WB_1104_MACROECONOMIC_VULNERABILITY_AND_DEBT,5794;WB_1104_MACROECONOMIC_VULNERABILITY_AND_DEBT,9986;WB_1104_MACROECONOMIC_VULNERABILITY_AND_DEBT,11344;WB_442_INFLATION,5794;WB_442_INFLATION,9986;WB_442_INFLATION,11344;TAX_ECON_PRICE,1806;TAX_FNCACT_MINERS,3468;TAX_FNCACT_MINERS,6027;TAX_FNCACT_MINERS,10127;TAX_FNCACT_RETAILER,8560;TAX_FNCACT_MANAGER,1333;WB_698_TRADE,2948;WB_698_TRADE,8681;EPU_ECONOMY_HISTORIC,6812;TAX_FNCACT_LEADERS,12125;WB_2745_JOB_QUALITY_AND_LABOR_MARKET_PERFORMANCE,6997;WB_2670_JOBS,6997;WB_2689_JOBS_DIAGNOSTICS,6997;WB_2748_EMPLOYMENT,6997;ECON_STOCKMARKET,234;ECON_STOCKMARKET,1103;ECON_STOCKMARKET,2570;ECON_STOCKMARKET,10956;ECON_INTEREST_RATES,5870;EPU_POLICY_INTEREST_RATES,5870;EPU_CATS_MONETARY_POLICY,5870;WB_678_DIGITAL_GOVERNMENT,3299;WB_694_BROADCAST_AND_MEDIA,3299;WB_133_INFORMATION_AND_COMMUNICATION_TECHNOLOGIES,3299;CRISISLEX_CRISISLEXREC,1205;TAX_FNCACT_MOVERS,7609;TAX_FNCACT_MOVERS,12106;ECON_WORLDCURRENCIES_SOUTH_AFRICAN_RAND,1993;ECON_WORLDCURRENCIES_SOUTH_AFRICAN_RAND,2035;ECON_WORLDCURRENCIES_SOUTH_AFRICAN_RAND,5080;ECON_WORLDCURRENCIES_SOUTH_AFRICAN_RAND,5290;DELAY,7086;DELAY,10458;USPEC_UNCERTAINTY1,7086;USPEC_UNCERTAINTY1,10458;"
20261001193000-1554,20261001193000,enca.com,https://www.enca.com/business/number-day-r1660-01-october-2026,"ECON_SOVEREIGN_DEBT,2603;WB_696_PUBLIC_SECTOR_MANAGEMENT,2287;WB_713_PUBLIC_FINANCE,2287;WB_1045_TREASURY,2287;MANMADE_DISASTER_IMPLIED,2978;MANMADE_DISASTER_IMPLIED,4388;FUELPRICES,1736;USPEC_POLICY1,851;USPEC_POLICY1,4126;EPU_POLICY_POLICY,851;EPU_POLICY_POLICY,4126;UNGP_FORESTS_RIVERS_OCEANS,562;ECON_WORLDCURRENCIES_EURO,4261;ECON_STOCKMARKET,2264;TAX_ECON_PRICE,927;TAX_ECON_PRICE,1502;TAX_ECON_PRICE,1736;TAX_ECON_PRICE,1922;MOVEMENT_GENERAL,1037;MOVEMENT_GENERAL,3079;ECON_CURRENCY_EXCHANGE_RATE,626;ECON_CURRENCY_EXCHANGE_RATE,3579;EPU_CATS_SOVEREIGN_DEBT_CURRENCY_CRISES,626;EPU_CATS_SOVEREIGN_DEBT_CURRENCY_CRISES,3579;WB_1921_PRIVATE_SECTOR_DEVELOPMENT,2945;WB_1921_PRIVATE_SECTOR_DEVELOPMENT,4371;WB_346_COMPETITIVE_INDUSTRIES,2945;WB_346_COMPETITIVE_INDUSTRIES,4371;WB_818_INDUSTRY_POLICY_AND_REAL_SECTORS,2945;WB_818_INDUSTRY_POLICY_AND_REAL_SECTORS,4371;WB_1281_MANUFACTURING,2945;WB_1281_MANUFACTURING,4371;WB_1458_HEALTH_PROMOTION_AND_DISEASE_PREVENTION,3099;WB_1462_WATER_SANITATION_AND_HYGIENE,3099;WB_635_PUBLIC_HEALTH,3099;WB_621_HEALTH_NUTRITION_AND_POPULATION,3099;USPEC_POLITICS_GENERAL1,861;USPEC_POLITICS_GENERAL1,4136;ECON_INTEREST_RATES,3806;EPU_POLICY_INTEREST_RATES,3806;ECON_INFLATION,660;ECON_INFLATION,973;ECON_INFLATION,2416;ECON_INFLATION,3698;WB_1104_MACROECONOMIC_VULNERABILITY_AND_DEBT,660;WB_1104_MACROECONOMIC_VULNERABILITY_AND_DEBT,973;WB_1104_MACROECONOMIC_VULNERABILITY_AND_DEBT,2416;WB_1104_MACROECONOMIC_VULNERABILITY_AND_DEBT,3698;WB_442_INFLATION,660;WB_442_INFLATION,973;WB_442_INFLATION,2416;WB_442_INFLATION,3698;ECON_WORLDCURRENCIES_SOUTH_AFRICAN_RAND,4329;WB_444_MONETARY_POLICY,851;WB_444_MONETARY_POLICY,4126;WB_439_MACROECONOMIC_AND_STRUCTURAL_POLICIES,851;WB_439_MACROECONOMIC_AND_STRUCTURAL_POLICIES,4126;EPU_POLICY_MONETARY_POLICY,851;EPU_POLICY_MONETARY_POLICY,4126;EPU_CATS_MONETARY_POLICY,851;EPU_CATS_MONETARY_POLICY,4126;ECON_EMERGINGECON,2717;ECON_WORLDCURRENCIES_US_DOLLAR,2216;GENERAL_GOVERNMENT,2258;GENERAL_GOVERNMENT,2598;EPU_POLICY_GOVERNMENT,2258;EPU_POLICY_GOVERNMENT,2598;WB_1160_SHOCKS_AND_VULNERABILITY,261;WB_1160_SHOCKS_AND_VULNERABILITY,3775;WB_695_POVERTY,261;WB_695_POVERTY,3775;ENV_OIL,255;ENV_OIL,1182;ENV_OIL,3769;ECON_WORLDCURRENCIES_DOLLAR,2216;ECON_WORLDCURRENCIES_DOLLAR,3031;ECON_WORLDCURRENCIES_DOLLAR,3826;ECON_WORLDCURRENCIES_DOLLAR,4237;AGRICULTURE,1422;ECON_WORLDCURRENCIES_DOLLARS,385;WB_135_TRANSPORT,1434;ECON_DEBT,2603;WB_450_DEBT,2603;EPU_ECONOMY,2858;EPU_ECONOMY,3952;EPU_ECONOMY_HISTORIC,2858;EPU_ECONOMY_HISTORIC,3952;"
20261001111500-1062,20261001111500,defenceweb.co.za,https://defenceweb.co.za/industry/industry-industry/denel-and-sparcx-collaborate-on-aerospace-uav-opportunities/,"DRONES,482;CRISISLEX_T11_UPDATESSYMPATHY,2084;WB_1467_EDUCATION_FOR_ALL,1871;WB_470_EDUCATION,1871;WB_2131_EMPLOYABILITY_SKILLS_AND_JOBS,1871;WB_1484_EDUCATION_SKILLS_DEVELOPMENT_AND_LABOR_MARKET,1871;SECURITY_SERVICES,2508;TAX_FNCACT_POLICE,2508;CRISISLEX_C07_SAFETY,2508;WB_566_ENVIRONMENT_AND_NATURAL_RESOURCES,1768;WB_590_ECOSYSTEMS,1768;TAX_FNCACT_MANAGING_DIRECTOR,1372;TAX_FNCACT_DIRECTOR,1372;BORDER,2525;TAX_FNCACT_CEO,1124;TAX_TERROR_GROUP_SOUTH_AFRICAN_NATIONAL_DEFENCE_FORCE,2444;UNGP_FORESTS_RIVERS_OCEANS,1331;UNGP_FORESTS_RIVERS_OCEANS,2274;WB_2670_JOBS,546;WB_2769_JOBS_STRATEGIES,546;WB_2840_INTEGRATION,546;WB_2836_MIGRATION_POLICIES_AND_JOBS,546;CRISISLEX_CRISISLEXREC,1548;CRISISLEX_CRISISLEXREC,1793;UNGP_CRIME_VIOLENCE,1548;UNGP_CRIME_VIOLENCE,1793;WB_1921_PRIVATE_SECTOR_DEVELOPMENT,957;WB_376_INNOVATION_TECHNOLOGY_AND_ENTREPRENEURSHIP,957;WB_1917_INTELLECTUAL_PROPERTY,957;WB_377_FIRM_INNOVATION_PRODUCTIVITY_AND_GROWTH,957;ECON_MOU,100;"
20261001111500-847,20261001111500,defenceweb.co.za,https://defenceweb.co.za/joint/diplomacy-a-peace/faculty-of-military-science-delegation-strengthens-ties-with-civil-military-cooperation-centre-of-excellence/,"TAX_FNCACT_FACULTY,68;TAX_FNCACT_FACULTY,563;TAX_FNCACT_FACULTY,1031;TAX_FNCACT_FACULTY,1143;PEACEKEEPING,885;SECURITY_SERVICES,885;WB_2470_PEACE_OPERATIONS_AND_CONFLICT_MANAGEMENT,885;WB_2432_FRAGILITY_CONFLICT_AND_VIOLENCE,885;WB_2471_PEACEKEEPING,885;GENERAL_GOVERNMENT,1618;GENERAL_GOVERNMENT,2551;EPU_POLICY_GOVERNMENT,1618;EPU_POLICY_GOVERNMENT,2551;EDUCATION,60;EDUCATION,1252;SOC_POINTSOFINTEREST_UNIVERSITY,60;SOC_POINTSOFINTEREST_UNIVERSITY,1252;WB_2670_JOBS,1482;WB_2769_JOBS_STRATEGIES,1482;WB_2840_INTEGRATION,1482;WB_2836_MIGRATION_POLICIES_AND_JOBS,1482;TAX_TERROR_GROUP_SOUTH_AFRICAN_NATIONAL_DEFENCE_FORCE,940;DEMOCRACY,2842;UNGP_POLITICAL_FREEDOMS,2842;WB_2490_NATIONAL_PROTECTION_AND_SECURITY,2264;WB_2490_NATIONAL_PROTECTION_AND_SECURITY,2510;EPU_CATS_NATIONAL_SECURITY,2264;EPU_CATS_NATIONAL_SECURITY,2510;TAX_FNCACT_DIRECTOR,1020;WB_696_PUBLIC_SECTOR_MANAGEMENT,2965;WB_831_GOVERNANCE,2965;WB_838_PUBLIC_ACCOUNTABILITY_MECHANISMS,2965;CRISISLEX_T11_UPDATESSYMPATHY,2768;TAX_FNCACT_AUTHORITIES,1877;TAX_FNCACT_AUTHORITIES,2789;CRISISLEX_CRISISLEXREC,1877;CRISISLEX_CRISISLEXREC,2789;EPU_POLICY_AUTHORITIES,1877;EPU_POLICY_AUTHORITIES,2789;WB_2433_CONFLICT_AND_VIOLENCE,1440;WB_2433_CONFLICT_AND_VIOLENCE,2048;CRISISLEX_C07_SAFETY,2124;CRISISLEX_C07_SAFETY,2264;CRISISLEX_C07_SAFETY,2422;CRISISLEX_C07_SAFETY,2466;CRISISLEX_C07_SAFETY,2510;SCIENCE,88;SCIENCE,1163;"
20261001111500-826,20261001111500,defenceweb.co.za,https://defenceweb.co.za/sa-defence-sa-defence/is-south-africa-serious-about-its-sovereignty/,"WB_696_PUBLIC_SECTOR_MANAGEMENT,2375;WB_713_PUBLIC_FINANCE,2375;WB_1045_TREASURY,2375;TAX_TERROR_GROUP_SOUTH_AFRICAN_NATIONAL_DEFENCE_FORCE,2560;EPU_POLICY_REGULATORY,3172;UNGP_FORESTS_RIVERS_OCEANS,1489;UNGP_FORESTS_RIVERS_OCEANS,3184;WB_698_TRADE,1436;TAX_FNCACT_MINISTER,90;TAX_FNCACT_MINISTER,1131;TAX_FNCACT_MINISTER,3888;SLFID_MILITARY_SPENDING,1867;EPU_POLICY_SPENDING,1867;TAX_FNCACT_VETERANS,81;AGRICULTURE,3495;GENERAL_GOVERNMENT,501;GENERAL_GOVERNMENT,2010;GENERAL_GOVERNMENT,3227;EPU_POLICY_GOVERNMENT,501;EPU_POLICY_GOVERNMENT,2010;EPU_POLICY_GOVERNMENT,3227;WB_845_LEGAL_AND_REGULATORY_FRAMEWORK,3239;WB_957_GOVERNMENT_PROCUREMENT,3239;WB_1467_EDUCATION_FOR_ALL,3395;WB_470_EDUCATION,3395;WB_2131_EMPLOYABILITY_SKILLS_AND_JOBS,3395;WB_1484_EDUCATION_SKILLS_DEVELOPMENT_AND_LABOR_MARKET,3395;SOVEREIGNTY,3687;EPU_ECONOMY_HISTORIC,247;EPU_ECONOMY_HISTORIC,3523;EPU_ECONOMY_HISTORIC,3790;ECON_INFLATION,1834;WB_1104_MACROECONOMIC_VULNERABILITY_AND_DEBT,1834;WB_442_INFLATION,1834;USPEC_POLICY1,1733;USPEC_POLICY1,2402;USPEC_POLICY1,2654;USPEC_POLICY1,2937;USPEC_POLICY1,3588;USPEC_POLICY1,3973;EPU_POLICY_BUDGET,1733;EPU_POLICY_BUDGET,2402;EPU_POLICY_BUDGET,2654;EPU_POLICY_BUDGET,2937;EPU_POLICY_BUDGET,3588;EPU_POLICY_BUDGET,3973;TAX_ECON_PRICE,1327;DRONES,555;DRONES,3502;SOC_POINTSOFINTEREST_AIR_FORCE_BASE,26;CRISISLEX_CRISISLEXREC,964;MILITARY,21;FUELPRICES,1327;WB_1889_PROCUREMENT_PLANNING,3246;WB_1889_PROCUREMENT_PLANNING,4001;EPU_POLICY_POLICY,3246;EPU_POLICY_POLICY,4001;LEADER,438;TAX_FNCACT_PRESIDENT,438;USPEC_POLITICS_GENERAL1,438;WB_2433_CONFLICT_AND_VIOLENCE,1246;WB_2432_FRAGILITY_CONFLICT_AND_VIOLENCE,1246;TAX_WORLDLANGUAGES_ANGIE,96;"
20261001104500-124,20261001104500,sundayworld.co.za,https://sundayworld.co.za/business/economy/rand-weakens-ahead-of-manufacturing-survey-car-sales-data-release/,"USPEC_POLICY1,410;EPU_ECONOMY,410;EPU_ECONOMY_HISTORIC,410;ECON_WORLDCURRENCIES_SOUTH_AFRICAN_RAND,22;TAX_FNCACT_ECONOMISTS,717;TAX_FNCACT_MANAGER,123;GENERAL_GOVERNMENT,981;EPU_POLICY_GOVERNMENT,981;WB_1921_PRIVATE_SECTOR_DEVELOPMENT,104;WB_1921_PRIVATE_SECTOR_DEVELOPMENT,373;WB_1921_PRIVATE_SECTOR_DEVELOPMENT,449;WB_346_COMPETITIVE_INDUSTRIES,104;WB_346_COMPETITIVE_INDUSTRIES,373;WB_346_COMPETITIVE_INDUSTRIES,449;WB_818_INDUSTRY_POLICY_AND_REAL_SECTORS,104;WB_818_INDUSTRY_POLICY_AND_REAL_SECTORS,373;WB_818_INDUSTRY_POLICY_AND_REAL_SECTORS,449;WB_1281_MANUFACTURING,104;WB_1281_MANUFACTURING,373;WB_1281_MANUFACTURING,449;WB_698_TRADE,46;WB_698_TRADE,934;ECON_WORLDCURRENCIES_DOLLAR,234;ECON_STOCKMARKET,878;ECON_CURRENCY_EXCHANGE_RATE,234;"
20261001101500-573,20261001101500,riotimesonline.com,https://www.riotimesonline.com/living-in-eswatini-expats-guide-2026/,"RURAL,5002;ECON_WORLDCURRENCIES_SOUTH_AFRICAN_RAND,3069;ECON_WORLDCURRENCIES_SOUTH_AFRICAN_RAND,7068;WB_1467_EDUCATION_FOR_ALL,1522;WB_1467_EDUCATION_FOR_ALL,4496;WB_470_EDUCATION,1522;WB_470_EDUCATION,4496;WB_2131_EMPLOYABILITY_SKILLS_AND_JOBS,1522;WB_2131_EMPLOYABILITY_SKILLS_AND_JOBS,4496;WB_1484_EDUCATION_SKILLS_DEVELOPMENT_AND_LABOR_MARKET,1522;WB_1484_EDUCATION_SKILLS_DEVELOPMENT_AND_LABOR_MARKET,4496;UNEMPLOYMENT,1285;UNEMPLOYMENT,4125;WB_2745_JOB_QUALITY_AND_LABOR_MARKET_PERFORMANCE,1285;WB_2745_JOB_QUALITY_AND_LABOR_MARKET_PERFORMANCE,4125;WB_2670_JOBS,1285;WB_2670_JOBS,4125;WB_2689_JOBS_DIAGNOSTICS,1285;WB_2689_JOBS_DIAGNOSTICS,4125;WB_2747_UNEMPLOYMENT,1285;WB_2747_UNEMPLOYMENT,4125;UNGP_JOB_OPPORTUNITIES_EMPLOYMENT,1285;UNGP_JOB_OPPORTUNITIES_EMPLOYMENT,4125;MILITARY,1354;MILITARY,5074;TAX_MILITARY_TITLE_SOLDIERS,1354;TAX_MILITARY_TITLE_SOLDIERS,5074;TAX_FNCACT_SOLDIERS,1354;TAX_FNCACT_SOLDIERS,5074;TAX_WORLDLANGUAGES_LATIN,287;TAX_WORLDLANGUAGES_LATIN,424;TAX_WORLDLANGUAGES_LATIN,609;TAX_DISEASE_HIV,5605;EDUCATION,1896;MANMADE_DISASTER_IMPLIED,1896;SOC_POINTSOFINTEREST_SCHOOL,1896;USPEC_POLITICS_GENERAL1,4848;WB_1292_PRIVATE_HEALTH_INSURANCE,1717;WB_1292_PRIVATE_HEALTH_INSURANCE,6139;WB_2601_TRADE_LINKAGES_SPILLOVERS_AND_CONNECTIVITY,5345;WB_772_TRADE_FACILITATION_AND_LOGISTICS,5345;WB_699_URBAN_DEVELOPMENT,5345;WB_866_CONNECTIVITY_AND_LAGGING_REGIONS,5345;WB_797_NATIONAL_URBAN_POLICIES,5345;WB_625_HEALTH_ECONOMICS_AND_FINANCE,1717;WB_625_HEALTH_ECONOMICS_AND_FINANCE,6139;WB_621_HEALTH_NUTRITION_AND_POPULATION,1717;WB_621_HEALTH_NUTRITION_AND_POPULATION,6139;WB_1287_HEALTH_INSURANCE,1717;WB_1287_HEALTH_INSURANCE,6139;EPU_CATS_HEALTHCARE,1717;EPU_CATS_HEALTHCARE,6139;ECON_ELECTRICALPRICE,1690;EPU_POLICY_POLITICAL,6864;WB_1493_USER_FEES_IN_EDUCATION,1901;WB_498_EDUCATION_FINANCE,1901;WB_1540_ECONOMICS_OF_EDUCATION,1901;SEIGE,5268;SEIGE,6951;CHECKPOINT,5268;CHECKPOINT,6951;UNREST_CHECKPOINT,5268;UNREST_CHECKPOINT,6951;BORDER,6187;ECON_WORLDCURRENCIES_DOLLAR,3153;TAX_FNCACT_GUIDE,3118;TAX_FNCACT_DIPLOMATS,2360;TAX_FNCACT_KING,71;TAX_FNCACT_KING,128;TAX_FNCACT_KING,1005;TAX_FNCACT_KING,2260;WB_775_TRADE_POLICY_AND_INTEGRATION,3233;WB_775_TRADE_POLICY_AND_INTEGRATION,7199;WB_2576_REGIONAL_INTEGRATION,3233;WB_2576_REGIONAL_INTEGRATION,7199;WB_2578_CUSTOMS_UNIONS,3233;WB_2578_CUSTOMS_UNIONS,7199;WB_2575_TRADE_POLICY_AND_INVESTMENT_AGREEMENTS,3233;WB_2575_TRADE_POLICY_AND_INVESTMENT_AGREEMENTS,7199;AGRICULTURE,4993;WB_177_ANIMAL_PRODUCTION,4993;WB_1949_CLIMATE_SMART_AGRICULTURE,4993;WB_1490_PRIVATE_EDUCATION,6112;SOC_POINTSOFINTEREST_HOSPITAL,6516;CRISISLEX_C03_WELLBEING_HEALTH,6516;TOURISM,2636;TOURISM,7302;TAX_FNCACT_TOURIST,2636;TAX_FNCACT_TOURIST,7302;TAX_FNCACT_OFFICIAL,1094;GENERAL_HEALTH,1707;GENERAL_HEALTH,5330;GENERAL_HEALTH,6129;TAX_ECON_PRICE,2952;TAX_FNCACT_MANAGERS,2393;MEDICAL,1652;MEDICAL,5492;MEDICAL,7618;SOC_POINTSOFINTEREST_HOSPITALS,1652;SOC_POINTSOFINTEREST_HOSPITALS,5492;SOC_POINTSOFINTEREST_HOSPITALS,7618;LEADER,1070;TAX_FNCACT_PRIME_MINISTER,1070;UNGP_FORESTS_RIVERS_OCEANS,4244;TAX_FNCACT_SKILLED_WORKERS,4184;WB_2725_CATEGORIES_OF_WORKERS,4184;WB_2732_SKILLED_WORKERS,4184;EPU_POLICY_BUDGET,1667;EPU_POLICY_BUDGET,6090;ECON_WORLDCURRENCIES_US_DOLLAR,3153;TAX_FNCACT_MINISTER,1070;EVACUATION,5535;EVACUATION,7665;CRISISLEX_T01_CAUTION_ADVICE,5535;CRISISLEX_T01_CAUTION_ADVICE,7665;CRISISLEX_T09_DISPLACEDRELOCATEDEVACUATED,5535;CRISISLEX_T09_DISPLACEDRELOCATEDEVACUATED,7665;TAX_FNCACT_WORKERS,1396;TAX_FNCACT_WORKERS,2374;TAX_FNCACT_WORKERS,4184;TAX_FNCACT_WORKERS,5146;TAX_FNCACT_WORKERS,5957;TAX_FNCACT_EMPLOYERS,2778;WB_2690_CATEGORIES_OF_EMPLOYMENT,2778;WB_2704_EMPLOYER,2778;WB_2748_EMPLOYMENT,2697;GENERAL_GOVERNMENT,1388;GENERAL_GOVERNMENT,4616;GENERAL_GOVERNMENT,5138;GENERAL_GOVERNMENT,5199;GENERAL_GOVERNMENT,6225;EPU_POLICY_GOVERNMENT,1388;EPU_POLICY_GOVERNMENT,4616;EPU_POLICY_GOVERNMENT,5138;EPU_POLICY_GOVERNMENT,5199;EPU_POLICY_GOVERNMENT,6225;WB_698_TRADE,1466;TAX_FNCACT_AID_WORKERS,2374;SLFID_ECONOMIC_DEVELOPMENTAID,2374;CRISISLEX_O02_RESPONSEAGENCIESATCRISIS,2374;APPOINTMENT,1051;WB_1973_FINANCIAL_RISK_REDUCTION,1717;WB_1973_FINANCIAL_RISK_REDUCTION,5519;WB_1973_FINANCIAL_RISK_REDUCTION,6139;WB_1973_FINANCIAL_RISK_REDUCTION,7649;WB_435_AGRICULTURE_AND_FOOD_SECURITY,1717;WB_435_AGRICULTURE_AND_FOOD_SECURITY,5519;WB_435_AGRICULTURE_AND_FOOD_SECURITY,6139;WB_435_AGRICULTURE_AND_FOOD_SECURITY,7649;WB_337_INSURANCE,1717;WB_337_INSURANCE,5519;WB_337_INSURANCE,6139;WB_337_INSURANCE,7649;WB_1967_AGRICULTURAL_RISK_AND_SECURITY,1717;WB_1967_AGRICULTURAL_RISK_AND_SECURITY,5519;WB_1967_AGRICULTURAL_RISK_AND_SECURITY,6139;WB_1967_AGRICULTURAL_RISK_AND_SECURITY,7649;UNGP_TRANSPORTATION_ROADS,4981;WB_135_TRANSPORT,3478;ECON_DEVELOPMENTORGS_INTERNATIONAL_MONETARY_FUND,1195;USPEC_POLICY1,870;USPEC_POLICY1,2035;USPEC_POLICY1,3344;USPEC_POLICY1,3928;EPU_ECONOMY,870;EPU_ECONOMY,2035;EPU_ECONOMY,3344;EPU_ECONOMY,3928;EPU_ECONOMY_HISTORIC,870;EPU_ECONOMY_HISTORIC,2035;EPU_ECONOMY_HISTORIC,3344;EPU_ECONOMY_HISTORIC,3928;TAX_ETHNICITY_ENGLISH,1079;TAX_WORLDLANGUAGES_ENGLISH,1079;WB_1921_PRIVATE_SECTOR_DEVELOPMENT,1758;WB_1921_PRIVATE_SECTOR_DEVELOPMENT,6061;WB_1921_PRIVATE_SECTOR_DEVELOPMENT,7350;WB_405_BUSINESS_CLIMATE,1758;WB_405_BUSINESS_CLIMATE,6061;WB_405_BUSINESS_CLIMATE,7350;WB_2531_INSPECTIONS_LICENSING_AND_PERMITS,1758;WB_2531_INSPECTIONS_LICENSING_AND_PERMITS,6061;WB_2531_INSPECTIONS_LICENSING_AND_PERMITS,7350;WB_2530_BUSINESS_ENVIRONMENT,1758;WB_2530_BUSINESS_ENVIRONMENT,6061;WB_2530_BUSINESS_ENVIRONMENT,7350;TAX_FNCACT_MISSIONARIES,2408;SOC_GENERALCRIME,4838;SOC_GENERALCRIME,6730;EPU_CATS_MIGRATION_FEAR_FEAR,4838;EPU_CATS_MIGRATION_FEAR_FEAR,6730;EPU_POLICY_REGULATORY,3827;ECON_COST_OF_LIVING,2962;TAX_ETHNICITY_AMERICANS,2587;ECON_INFLATION,3369;ECON_INFLATION,7127;WB_1104_MACROECONOMIC_VULNERABILITY_AND_DEBT,3369;WB_1104_MACROECONOMIC_VULNERABILITY_AND_DEBT,7127;WB_442_INFLATION,3369;WB_442_INFLATION,7127;WB_168_ROADS_AND_HIGHWAYS,5008;WB_1803_TRANSPORT_INFRASTRUCTURE,5008;WB_786_RURAL_ROADS,5008;TAX_ETHNICITY_AMERICAN,433;TAX_ETHNICITY_AMERICAN,618;"
20261001101500-62,20261001101500,timeslive.co.za,https://www.timeslive.co.za/opinion/2026-10-01-elijah-mhlanga-fighting-crime-requires-more-than-police-alone/,"EPU_ECONOMY,3068;EPU_ECONOMY_HISTORIC,3068;CRIME_CARTELS,2546;MEDIA_MSM,3387;TAX_WORLDMAMMALS_HUMAN,3158;TAX_FNCACT_CRIMINALS,4341;TAX_WEAPONS_PISTOL,3375;TAX_WEAPONS_FIREARMS,279;TAX_WEAPONS_FIREARMS,1373;TAX_WEAPONS_FIREARMS,3150;TAX_WEAPONS_FIREARMS,4211;SOC_GENERALCRIME,228;SOC_GENERALCRIME,919;SOC_GENERALCRIME,1029;SOC_GENERALCRIME,2310;SOC_GENERALCRIME,2830;SOC_GENERALCRIME,3131;SOC_GENERALCRIME,3696;SOC_GENERALCRIME,3868;SOC_GENERALCRIME,4661;SOC_GENERALCRIME,4691;SOC_GENERALCRIME,5182;SOC_GENERALCRIME,5361;SOC_GENERALCRIME,5445;SECURITY_SERVICES,482;SECURITY_SERVICES,1089;SECURITY_SERVICES,2767;SECURITY_SERVICES,3347;SECURITY_SERVICES,4919;SECURITY_SERVICES,5545;TAX_FNCACT_POLICE,482;TAX_FNCACT_POLICE,1089;TAX_FNCACT_POLICE,2767;TAX_FNCACT_POLICE,3347;TAX_FNCACT_POLICE,4919;TAX_FNCACT_POLICE,5545;CRISISLEX_C07_SAFETY,482;CRISISLEX_C07_SAFETY,1089;CRISISLEX_C07_SAFETY,2767;CRISISLEX_C07_SAFETY,3347;CRISISLEX_C07_SAFETY,4919;CRISISLEX_C07_SAFETY,5545;TAX_FNCACT_CRIMINAL,2469;TAX_FNCACT_CRIMINAL,3975;TAX_FNCACT_CRIMINAL,4041;TAX_FNCACT_CRIMINAL,4378;TAX_FNCACT_CRIMINAL,5023;CRISISLEX_O02_RESPONSEAGENCIESATCRISIS,1534;EPU_CATS_MIGRATION_FEAR_FEAR,222;EPU_CATS_MIGRATION_FEAR_FEAR,913;EPU_CATS_MIGRATION_FEAR_FEAR,1023;EPU_CATS_MIGRATION_FEAR_FEAR,2824;TAX_TERROR_GROUP_SOUTH_AFRICAN_NATIONAL_DEFENCE_FORCE,2740;TERROR,4593;WB_566_ENVIRONMENT_AND_NATURAL_RESOURCES,1210;WB_590_ECOSYSTEMS,1210;UNGP_FORESTS_RIVERS_OCEANS,1210;MANMADE_DISASTER_IMPLIED,1176;TAX_WEAPONS_FIREARM,2423;TAX_WEAPONS_FIREARM,3604;DRUG_TRADE,2534;WB_1331_HEALTH_TECHNOLOGIES,2534;WB_2453_ORGANIZED_CRIME,2534;WB_1350_PHARMACEUTICALS,2534;WB_2433_CONFLICT_AND_VIOLENCE,2534;WB_621_HEALTH_NUTRITION_AND_POPULATION,2534;WB_2432_FRAGILITY_CONFLICT_AND_VIOLENCE,2534;WB_2456_DRUGS_AND_NARCOTICS,2534;TAX_MILITARY_TITLE_OFFICERS,4683;TAX_FNCACT_OFFICERS,4683;ORGANIZED_CRIME,3131;LEGISLATION,1235;LEGISLATION,2206;LEGISLATION,2998;LEGISLATION,3904;LEGISLATION,5116;EPU_POLICY_LAW,1235;EPU_POLICY_LAW,2206;EPU_POLICY_LAW,2998;EPU_POLICY_LAW,3904;EPU_POLICY_LAW,5116;WOUND,551;WOUND,709;CRISISLEX_C03_WELLBEING_HEALTH,551;CRISISLEX_C03_WELLBEING_HEALTH,709;CRISISLEX_T02_INJURED,551;CRISISLEX_T02_INJURED,709;ARREST,3332;ARREST,3559;CRIME_COMMON_ROBBERY,2498;CRIME_COMMON_ROBBERY,4642;CRISISLEX_T11_UPDATESSYMPATHY,415;WB_696_PUBLIC_SECTOR_MANAGEMENT,1247;WB_696_PUBLIC_SECTOR_MANAGEMENT,2218;WB_696_PUBLIC_SECTOR_MANAGEMENT,3010;WB_696_PUBLIC_SECTOR_MANAGEMENT,3916;WB_696_PUBLIC_SECTOR_MANAGEMENT,5128;WB_840_JUSTICE,1247;WB_840_JUSTICE,2218;WB_840_JUSTICE,3010;WB_840_JUSTICE,3916;WB_840_JUSTICE,5128;WB_1920_FINANCIAL_SECTOR_DEVELOPMENT,1247;WB_1920_FINANCIAL_SECTOR_DEVELOPMENT,2218;WB_1920_FINANCIAL_SECTOR_DEVELOPMENT,3010;WB_1920_FINANCIAL_SECTOR_DEVELOPMENT,3916;WB_1920_FINANCIAL_SECTOR_DEVELOPMENT,5128;WB_328_FINANCIAL_INTEGRITY,1247;WB_328_FINANCIAL_INTEGRITY,2218;WB_328_FINANCIAL_INTEGRITY,3010;WB_328_FINANCIAL_INTEGRITY,3916;WB_328_FINANCIAL_INTEGRITY,5128;WB_1014_CRIMINAL_JUSTICE,1247;WB_1014_CRIMINAL_JUSTICE,2218;WB_1014_CRIMINAL_JUSTICE,3010;WB_1014_CRIMINAL_JUSTICE,3916;WB_1014_CRIMINAL_JUSTICE,5128;WB_2082_LAW_ENFORCEMENT,1247;WB_2082_LAW_ENFORCEMENT,2218;WB_2082_LAW_ENFORCEMENT,3010;WB_2082_LAW_ENFORCEMENT,3916;WB_2082_LAW_ENFORCEMENT,5128;WB_2470_PEACE_OPERATIONS_AND_CONFLICT_MANAGEMENT,2676;WB_2490_NATIONAL_PROTECTION_AND_SECURITY,2676;EPU_CATS_NATIONAL_SECURITY,2676;IMMIGRATION,3192;WB_2670_JOBS,3192;WB_2769_JOBS_STRATEGIES,3192;WB_2837_IMMIGRATION,3192;WB_2836_MIGRATION_POLICIES_AND_JOBS,3192;HUMAN_TRAFFICKING,3170;WB_2458_HUMAN_TRAFFICKING,3170;EPU_CATS_MIGRATION_FEAR_MIGRATION,3170;ENV_MINING,2527;ENV_MINING,2800;ENV_MINING,3042;CRISISLEX_CRISISLEXREC,246;CRISISLEX_CRISISLEXREC,3717;CRISISLEX_CRISISLEXREC,5382;ARMEDCONFLICT,2785;KILL,773;CRISISLEX_T03_DEAD,773;TAX_FNCACT_WOMAN,861;GENERAL_GOVERNMENT,1149;GENERAL_GOVERNMENT,1308;GENERAL_GOVERNMENT,1463;GENERAL_GOVERNMENT,3843;GENERAL_GOVERNMENT,4455;GENERAL_GOVERNMENT,4889;EPU_POLICY_GOVERNMENT,1149;EPU_POLICY_GOVERNMENT,1308;EPU_POLICY_GOVERNMENT,1463;EPU_POLICY_GOVERNMENT,3843;EPU_POLICY_GOVERNMENT,4455;EPU_POLICY_GOVERNMENT,4889;TAX_FNCACT_DETECTIVES,4653;"
20261001091500-103,20261001091500,sowetan.co.za,https://www.sowetan.co.za/opinion/columnists/2026-10-01-elijah-mhlanga-fighting-crime-requires-more-than-police-alone/,"TAX_FNCACT_CRIMINALS,4341;TAX_WORLDMAMMALS_HUMAN,3158;TAX_WEAPONS_FIREARMS,279;TAX_WEAPONS_FIREARMS,1373;TAX_WEAPONS_FIREARMS,3150;TAX_WEAPONS_FIREARMS,4211;TAX_FNCACT_CRIMINAL,2469;TAX_FNCACT_CRIMINAL,3975;TAX_FNCACT_CRIMINAL,4041;TAX_FNCACT_CRIMINAL,4378;TAX_FNCACT_CRIMINAL,5023;CRISISLEX_T11_UPDATESSYMPATHY,415;GENERAL_GOVERNMENT,1149;GENERAL_GOVERNMENT,1308;GENERAL_GOVERNMENT,1463;GENERAL_GOVERNMENT,3843;GENERAL_GOVERNMENT,4455;GENERAL_GOVERNMENT,4889;EPU_POLICY_GOVERNMENT,1149;EPU_POLICY_GOVERNMENT,1308;EPU_POLICY_GOVERNMENT,1463;EPU_POLICY_GOVERNMENT,3843;EPU_POLICY_GOVERNMENT,4455;EPU_POLICY_GOVERNMENT,4889;ARREST,3332;ARREST,3559;WOUND,551;WOUND,709;CRISISLEX_C03_WELLBEING_HEALTH,551;CRISISLEX_C03_WELLBEING_HEALTH,709;CRISISLEX_T02_INJURED,551;CRISISLEX_T02_INJURED,709;CRISISLEX_CRISISLEXREC,246;CRISISLEX_CRISISLEXREC,3717;CRISISLEX_CRISISLEXREC,5382;TAX_MILITARY_TITLE_OFFICERS,4683;TAX_FNCACT_OFFICERS,4683;TAX_FNCACT_WOMAN,861;CRIME_CARTELS,2546;WB_696_PUBLIC_SECTOR_MANAGEMENT,1247;WB_696_PUBLIC_SECTOR_MANAGEMENT,2218;WB_696_PUBLIC_SECTOR_MANAGEMENT,3010;WB_696_PUBLIC_SECTOR_MANAGEMENT,3916;WB_696_PUBLIC_SECTOR_MANAGEMENT,5128;WB_840_JUSTICE,1247;WB_840_JUSTICE,2218;WB_840_JUSTICE,3010;WB_840_JUSTICE,3916;WB_840_JUSTICE,5128;WB_1920_FINANCIAL_SECTOR_DEVELOPMENT,1247;WB_1920_FINANCIAL_SECTOR_DEVELOPMENT,2218;WB_1920_FINANCIAL_SECTOR_DEVELOPMENT,3010;WB_1920_FINANCIAL_SECTOR_DEVELOPMENT,3916;WB_1920_FINANCIAL_SECTOR_DEVELOPMENT,5128;WB_328_FINANCIAL_INTEGRITY,1247;WB_328_FINANCIAL_INTEGRITY,2218;WB_328_FINANCIAL_INTEGRITY,3010;WB_328_FINANCIAL_INTEGRITY,3916;WB_328_FINANCIAL_INTEGRITY,5128;WB_1014_CRIMINAL_JUSTICE,1247;WB_1014_CRIMINAL_JUSTICE,2218;WB_1014_CRIMINAL_JUSTICE,3010;WB_1014_CRIMINAL_JUSTICE,3916;WB_1014_CRIMINAL_JUSTICE,5128;WB_2082_LAW_ENFORCEMENT,1247;WB_2082_LAW_ENFORCEMENT,2218;WB_2082_LAW_ENFORCEMENT,3010;WB_2082_LAW_ENFORCEMENT,3916;WB_2082_LAW_ENFORCEMENT,5128;TAX_FNCACT_DETECTIVES,4653;HUMAN_TRAFFICKING,3170;WB_2458_HUMAN_TRAFFICKING,3170;EPU_CATS_MIGRATION_FEAR_MIGRATION,3170;TAX_TERROR_GROUP_SOUTH_AFRICAN_NATIONAL_DEFENCE_FORCE,2740;SECURITY_SERVICES,482;SECURITY_SERVICES,1089;SECURITY_SERVICES,2767;SECURITY_SERVICES,3347;SECURITY_SERVICES,4919;SECURITY_SERVICES,5545;TAX_FNCACT_POLICE,482;TAX_FNCACT_POLICE,1089;TAX_FNCACT_POLICE,2767;TAX_FNCACT_POLICE,3347;TAX_FNCACT_POLICE,4919;TAX_FNCACT_POLICE,5545;CRISISLEX_C07_SAFETY,482;CRISISLEX_C07_SAFETY,1089;CRISISLEX_C07_SAFETY,2767;CRISISLEX_C07_SAFETY,3347;CRISISLEX_C07_SAFETY,4919;CRISISLEX_C07_SAFETY,5545;ORGANIZED_CRIME,3131;IMMIGRATION,3192;WB_2670_JOBS,3192;WB_2769_JOBS_STRATEGIES,3192;WB_2837_IMMIGRATION,3192;WB_2836_MIGRATION_POLICIES_AND_JOBS,3192;ARMEDCONFLICT,2785;EPU_CATS_MIGRATION_FEAR_FEAR,222;EPU_CATS_MIGRATION_FEAR_FEAR,913;EPU_CATS_MIGRATION_FEAR_FEAR,1023;EPU_CATS_MIGRATION_FEAR_FEAR,2824;EPU_ECONOMY,3068;EPU_ECONOMY_HISTORIC,3068;WB_2470_PEACE_OPERATIONS_AND_CONFLICT_MANAGEMENT,2676;WB_2490_NATIONAL_PROTECTION_AND_SECURITY,2676;EPU_CATS_NATIONAL_SECURITY,2676;TAX_WEAPONS_FIREARM,2423;TAX_WEAPONS_FIREARM,3604;SOC_GENERALCRIME,228;SOC_GENERALCRIME,919;SOC_GENERALCRIME,1029;SOC_GENERALCRIME,2310;SOC_GENERALCRIME,2830;SOC_GENERALCRIME,3131;SOC_GENERALCRIME,3696;SOC_GENERALCRIME,3868;SOC_GENERALCRIME,4661;SOC_GENERALCRIME,4691;SOC_GENERALCRIME,5182;SOC_GENERALCRIME,5361;SOC_GENERALCRIME,5445;CRIME_COMMON_ROBBERY,2498;CRIME_COMMON_ROBBERY,4642;ENV_MINING,2527;ENV_MINING,2800;ENV_MINING,3042;MANMADE_DISASTER_IMPLIED,1176;LEGISLATION,1235;LEGISLATION,2206;LEGISLATION,2998;LEGISLATION,3904;LEGISLATION,5116;EPU_POLICY_LAW,1235;EPU_POLICY_LAW,2206;EPU_POLICY_LAW,2998;EPU_POLICY_LAW,3904;EPU_POLICY_LAW,5116;KILL,773;CRISISLEX_T03_DEAD,773;TERROR,4593;DRUG_TRADE,2534;WB_1331_HEALTH_TECHNOLOGIES,2534;WB_2453_ORGANIZED_CRIME,2534;WB_1350_PHARMACEUTICALS,2534;WB_2433_CONFLICT_AND_VIOLENCE,2534;WB_621_HEALTH_NUTRITION_AND_POPULATION,2534;WB_2432_FRAGILITY_CONFLICT_AND_VIOLENCE,2534;WB_2456_DRUGS_AND_NARCOTICS,2534;MEDIA_MSM,3387;WB_566_ENVIRONMENT_AND_NATURAL_RESOURCES,1210;WB_590_ECOSYSTEMS,1210;UNGP_FORESTS_RIVERS_OCEANS,1210;CRISISLEX_O02_RESPONSEAGENCIESATCRISIS,1534;TAX_WEAPONS_PISTOL,3375;"
20261001090000-269,20261001090000,cnbcafrica.com,https://www.cnbcafrica.com/2026/south-african-rand-weakens-ahead-of-manufacturing-survey-and-car-sales-data,"WB_698_TRADE,159;ECON_WORLDCURRENCIES_SOUTH_AFRICAN_RAND,18;ECON_WORLDCURRENCIES_SOUTH_AFRICAN_RAND,135;WB_1921_PRIVATE_SECTOR_DEVELOPMENT,217;WB_346_COMPETITIVE_INDUSTRIES,217;WB_818_INDUSTRY_POLICY_AND_REAL_SECTORS,217;WB_1281_MANUFACTURING,217;TAX_FNCACT_MANAGER,236;"
20261001074500-114,20261001074500,citizen.co.za,https://www.citizen.co.za/business/ex-woolies-ceo-can-net-nearly-r90m-in-incentives-after-retiring/,"EPU_ECONOMY_HISTORIC,2055;EPU_ECONOMY_HISTORIC,4114;WB_696_PUBLIC_SECTOR_MANAGEMENT,97;WB_2048_COMPENSATION_CAREERS_AND_INCENTIVES,97;WB_723_PUBLIC_ADMINISTRATION,97;WB_724_HUMAN_RESOURCES_FOR_PUBLIC_SECTOR,97;TAX_FNCACT_PEERS,2852;WB_2058_INDIVIDUAL_PERFORMANCE_MANAGEMENT,1649;WB_2058_INDIVIDUAL_PERFORMANCE_MANAGEMENT,2094;WB_2058_INDIVIDUAL_PERFORMANCE_MANAGEMENT,2188;ECON_WORLDCURRENCIES_SOUTH_AFRICAN_RANDS,2321;TAX_ECON_PRICE,3301;TAX_ECON_PRICE,3365;TAX_ECON_PRICE,3602;TAX_ECON_PRICE,3759;TAX_FNCACT_CEO,23;TAX_FNCACT_CEO,1877;TAX_FNCACT_CEO,2000;TAX_FNCACT_CEO,2698;TAX_FNCACT_CEO,2880;ECON_WORLDCURRENCIES_AUSTRALIAN_DOLLARS,2357;WB_2736_RETURNS_TO_WORK,313;WB_2736_RETURNS_TO_WORK,1265;WB_2736_RETURNS_TO_WORK,2548;WB_2670_JOBS,313;WB_2670_JOBS,1265;WB_2670_JOBS,2548;WB_2689_JOBS_DIAGNOSTICS,313;WB_2689_JOBS_DIAGNOSTICS,1265;WB_2689_JOBS_DIAGNOSTICS,2548;WB_2738_LABOR_EARNINGS,313;WB_2738_LABOR_EARNINGS,1265;WB_2738_LABOR_EARNINGS,2548;WB_698_TRADE,4074;UNGP_FORESTS_RIVERS_OCEANS,459;TAX_ETHNICITY_AUSTRALIAN,2349;USPEC_POLITICS_GENERAL1,343;USPEC_POLITICS_GENERAL1,809;USPEC_POLITICS_GENERAL1,2716;TAX_FNCACT_DIRECTOR,2153;TAX_FNCACT_RETAILER,300;APPOINTMENT,2920;ECON_WORLDCURRENCIES_DOLLARS,2357;"
20261001030000-411,20261001030000,newvision.co.ug,https://www.newvision.co.ug/category/entertainment/shakib-gifts-zari-only-sh200k-as-she-turns-46-NV_241471_102026,"USPEC_POLITICS_GENERAL1,29;TAX_ETHNICITY_CHAM,144;ECON_WORLDCURRENCIES_SOUTH_AFRICAN_RAND,659;MEDIA_SOCIAL,172;MEDIA_SOCIAL,492;MEDIA_SOCIAL,805;WB_652_ICT_APPLICATIONS,172;WB_652_ICT_APPLICATIONS,492;WB_652_ICT_APPLICATIONS,805;WB_662_SOCIAL_MEDIA,172;WB_662_SOCIAL_MEDIA,492;WB_662_SOCIAL_MEDIA,805;WB_658_ENTERPRISE_APPLICATIONS,172;WB_658_ENTERPRISE_APPLICATIONS,492;WB_658_ENTERPRISE_APPLICATIONS,805;TAX_FNCACT_WOMAN,894;WB_678_DIGITAL_GOVERNMENT,172;WB_678_DIGITAL_GOVERNMENT,492;WB_678_DIGITAL_GOVERNMENT,805;WB_694_BROADCAST_AND_MEDIA,172;WB_694_BROADCAST_AND_MEDIA,492;WB_694_BROADCAST_AND_MEDIA,805;WB_133_INFORMATION_AND_COMMUNICATION_TECHNOLOGIES,172;WB_133_INFORMATION_AND_COMMUNICATION_TECHNOLOGIES,492;WB_133_INFORMATION_AND_COMMUNICATION_TECHNOLOGIES,805;ECON_CURRENCY_EXCHANGE_RATE,761;EPU_CATS_SOVEREIGN_DEBT_CURRENCY_CRISES,761;TAX_FNCACT_DESIGNER,936;"
20260930153000-480,20260930153000,htxt.co.za,https://htxt.co.za/2026/09/nsfas-provides-guide-in-sign-language-ahead-of-application-closure/,"TAX_FNCACT_AIDES,856;TAX_WORLDLANGUAGES_SIGN_LANGUAGE,283;TAX_WORLDLANGUAGES_SOUTH_AFRICAN_SIGN_LANGUAGE,283;TAX_FNCACT_STUDENT,143;CRISISLEX_T11_UPDATESSYMPATHY,776;CRISISLEX_T11_UPDATESSYMPATHY,1355;TAX_FNCACT_OFFICIAL,1789;TAX_FNCACT_GUIDE,232;TAX_FNCACT_GUIDE,303;TAX_FNCACT_STUDENTS,53;TAX_FNCACT_STUDENTS,394;"
20260930143000-717,20260930143000,cnbcafrica.com,https://www.cnbcafrica.com/2026/south-african-rand-firms-as-traders-assess-raft-of-local-economic-data,"USPEC_POLICY1,318;GENERAL_HEALTH,303;MEDICAL,303;ECON_WORLDCURRENCIES_SOUTH_AFRICAN_RANDS,49;EPU_ECONOMY,265;EPU_ECONOMY_HISTORIC,265;ECON_WORLDCURRENCIES_SOUTH_AFRICAN_RAND,196;"
20260930124500-313,20260930124500,allafrica.com,https://allafrica.com/stories/202609300427.html,"WB_1803_TRANSPORT_INFRASTRUCTURE,3424;WB_167_PORTS,3424;WB_696_PUBLIC_SECTOR_MANAGEMENT,6279;WB_840_JUSTICE,6279;WB_2473_DIPLOMACY_AND_NEGOTIATIONS,6279;WB_939_NEGOTIATION,6279;WB_2470_PEACE_OPERATIONS_AND_CONFLICT_MANAGEMENT,6279;WB_936_ALTERNATIVE_DISPUTE_RESOLUTION,6279;WB_2432_FRAGILITY_CONFLICT_AND_VIOLENCE,6279;WB_843_DISPUTE_RESOLUTION,6279;WB_2471_PEACEKEEPING,6279;ECON_TAXATION,4458;USPEC_POLICY1,4458;EPU_POLICY_TAX,4458;EPU_CATS_TAXES,4458;ECON_WORLDCURRENCIES_YUAN,4203;CRISISLEX_T11_UPDATESSYMPATHY,4641;AGRICULTURE,2162;WB_818_INDUSTRY_POLICY_AND_REAL_SECTORS,2195;WB_1281_MANUFACTURING,2195;UNGP_FORESTS_RIVERS_OCEANS,927;UNGP_FORESTS_RIVERS_OCEANS,3653;WB_435_AGRICULTURE_AND_FOOD_SECURITY,2179;WB_1959_LINKING_FARMERS_WITH_MARKETS,2179;WB_1965_OUTPUT_MARKETS,2179;WB_1966_AGRO_PROCESSING,2179;TAX_FNCACT_BUYER,4070;TAX_FNCACT_BUYER,4943;ENV_MINING,2095;WB_165_AIR_TRANSPORT,3338;WB_135_TRANSPORT,3338;WB_164_MODES_OF_TRANSPORT,3338;WB_2299_PIPELINES,1593;WB_539_OIL_AND_GAS_POLICY_STRATEGY_AND_INSTITUTIONS,1593;WB_507_ENERGY_AND_EXTRACTIVES,1593;WB_548_PPP_IN_OIL_AND_GAS,1593;ECON_WORLDCURRENCIES_US_DOLLAR,4160;WB_772_TRADE_FACILITATION_AND_LOGISTICS,5435;WB_865_TRADE_CORRIDORS,5435;ECON_WORLDCURRENCIES_CHINESE_YUAN,4203;WB_698_TRADE,33;WB_698_TRADE,1107;WB_698_TRADE,3784;WB_698_TRADE,4783;WB_698_TRADE,5426;WB_698_TRADE,5814;WB_698_TRADE,5858;ECON_WORLDCURRENCIES_DOLLAR,4160;EPU_ECONOMY,6239;WB_775_TRADE_POLICY_AND_INTEGRATION,3792;WB_370_TRADE_FINANCE,3792;TAX_ETHNICITY_ARAB,67;TAX_ETHNICITY_ARAB,439;TAX_ETHNICITY_ARAB,3095;TAX_ETHNICITY_ARAB,3320;TAX_ETHNICITY_ARAB,3410;TAX_ETHNICITY_ARAB,3449;TAX_ETHNICITY_ZIMBABWEAN,411;TAX_ETHNICITY_ZIMBABWEAN,1844;TAX_ETHNICITY_ZIMBABWEAN,2841;TAX_ETHNICITY_ZIMBABWEAN,3197;TAX_ETHNICITY_ZIMBABWEAN,4652;TAX_ETHNICITY_ZIMBABWEAN,6392;ECON_WORLDCURRENCIES_SOUTH_AFRICAN_RAND,4188;WB_1921_PRIVATE_SECTOR_DEVELOPMENT,1882;WB_346_COMPETITIVE_INDUSTRIES,1882;WB_1226_INDUSTRIAL_CLUSTERS_AND_VALUE_CHAINS,1882;TAX_FNCACT_CHAIRMAN,1252;MEDIA_SOCIAL,1055;EPU_ECONOMY_HISTORIC,420;EPU_ECONOMY_HISTORIC,4357;EPU_ECONOMY_HISTORIC,5509;EPU_ECONOMY_HISTORIC,5618;EPU_ECONOMY_HISTORIC,5764;TAX_ETHNICITY_CHINESE,4198;TAX_WORLDLANGUAGES_CHINESE,4198;TAX_ECON_FREETRADEAGREEMENTS_GULF_COOPERATION_COUNCIL,600;WB_1458_HEALTH_PROMOTION_AND_DISEASE_PREVENTION,4374;WB_1462_WATER_SANITATION_AND_HYGIENE,4374;WB_635_PUBLIC_HEALTH,4374;WB_621_HEALTH_NUTRITION_AND_POPULATION,4374;"
20260930123000-1261,20260930123000,sanews.gov.za,https://www.sanews.gov.za/features-south-africa/learning-listen-differently,"TAX_FNCACT_AUDIOLOGIST,2213;TAX_FNCACT_LECTURER,422;TAX_FNCACT_LECTURER,2449;SELF_IDENTIFIED_HUMAN_RIGHTS,1739;WB_2203_HUMAN_RIGHTS,1739;WB_2432_FRAGILITY_CONFLICT_AND_VIOLENCE,1739;UNGP_CRIME_VIOLENCE,1739;LEADER,5695;TAX_FNCACT_PRESIDENT,5695;USPEC_POLITICS_GENERAL1,5695;JUSTICE,3102;WB_837_OPEN_GOVERNMENT_AND_TRANSPARENCY,6522;WB_831_GOVERNANCE,6522;WB_2031_RIGHT_TO_INFORMATION,6522;TAX_WORLDLANGUAGES_SOUTH_AFRICAN_SIGN_LANGUAGE,4127;TAX_WORLDLANGUAGES_SOUTH_AFRICAN_SIGN_LANGUAGE,5774;TAX_FNCACT_CHILDREN,491;TAX_FNCACT_CHILDREN,2564;TAX_FNCACT_CHILDREN,2690;TAX_FNCACT_CHILDREN,2865;TAX_FNCACT_CHILDREN,2939;TAX_FNCACT_CHILDREN,3874;TAX_FNCACT_CHILDREN,3961;TAX_FNCACT_CHILDREN,4030;TAX_FNCACT_CHILDREN,4559;TAX_FNCACT_CHILDREN,6087;TAX_FNCACT_CHILDREN,7410;TAX_FNCACT_CHILDREN,8323;TAX_FNCACT_CHILDREN,8475;SLFID_CAPACITY_BUILDING,5677;DISABILITY,7597;WB_1458_HEALTH_PROMOTION_AND_DISEASE_PREVENTION,7597;WB_635_PUBLIC_HEALTH,7597;WB_1464_HEALTH_OF_THE_DISABLED,7597;WB_621_HEALTH_NUTRITION_AND_POPULATION,7597;EDUCATION,440;EDUCATION,2467;EDUCATION,4225;SOC_POINTSOFINTEREST_UNIVERSITY,440;SOC_POINTSOFINTEREST_UNIVERSITY,2467;SOC_POINTSOFINTEREST_UNIVERSITY,4225;ARREST,3173;CRISISLEX_CRISISLEXREC,3173;SOC_POINTSOFINTEREST_SCHOOL,917;SOC_POINTSOFINTEREST_SCHOOL,991;MANMADE_DISASTER_IMPLIED,731;WB_1014_CRIMINAL_JUSTICE,3152;CRISISLEX_T11_UPDATESSYMPATHY,6727;TAX_FNCACT_THERAPIST,2010;TAX_FNCACT_THERAPIST,2186;SLFID_ECONOMIC_DEVELOPMENTAID,3511;LEGISLATION,5727;EPU_POLICY_LAW,5727;WB_699_URBAN_DEVELOPMENT,6888;WB_806_ACCESS_TO_SERVICES,6888;WB_805_INCLUSIVE_CITIES,6888;TAX_FNCACT_STUDENT,70;TAX_FNCACT_STUDENT,2509;RATIFY,5727;TAX_FNCACT_GUIDE,7731;USPEC_POLICY1,7023;EPU_POLICY_LEGISLATION,7023;TAX_FNCACT_CRIMINAL,3144;WB_678_DIGITAL_GOVERNMENT,6123;WB_670_ICT_SECURITY,6123;WB_2372_AUTHENTICATION_AND_AUTHORIZATION,6123;WB_133_INFORMATION_AND_COMMUNICATION_TECHNOLOGIES,6123;TAX_FNCACT_OFFICIAL,5803;TAX_FNCACT_OFFICIAL,6458;TAX_FNCACT_OFFICIAL,6672;TAX_FNCACT_OFFICIAL,6750;TAX_FNCACT_TROOPS,4530;TAX_DISEASE_PREGNANCY,1884;UNGP_FORESTS_RIVERS_OCEANS,3355;TAX_FNCACT_SPEECH_THERAPIST,2010;TAX_FNCACT_SPEECH_THERAPIST,2186;CRISISLEX_C04_LOGISTICS_TRANSPORT,932;TAX_DISEASE_HEARING_PROBLEM,2324;TAX_WORLDLANGUAGES_SIGN_LANGUAGE,1529;TAX_WORLDLANGUAGES_SIGN_LANGUAGE,4127;TAX_WORLDLANGUAGES_SIGN_LANGUAGE,5774;TAX_FNCACT_INTERPRETERS,6805;WB_696_PUBLIC_SECTOR_MANAGEMENT,3098;WB_696_PUBLIC_SECTOR_MANAGEMENT,3152;WB_840_JUSTICE,3098;WB_840_JUSTICE,3152;TAX_FNCACT_WORKERS,6034;TAX_WORLDMAMMALS_HUMAN,1732;TAX_WORLDMAMMALS_HUMAN,8725;WB_1467_EDUCATION_FOR_ALL,2723;WB_1467_EDUCATION_FOR_ALL,2972;WB_470_EDUCATION,2723;WB_470_EDUCATION,2972;WB_2131_EMPLOYABILITY_SKILLS_AND_JOBS,2723;WB_2131_EMPLOYABILITY_SKILLS_AND_JOBS,2972;WB_1484_EDUCATION_SKILLS_DEVELOPMENT_AND_LABOR_MARKET,2723;WB_1484_EDUCATION_SKILLS_DEVELOPMENT_AND_LABOR_MARKET,2972;TAX_FNCACT_CHILD,132;TAX_FNCACT_CHILD,7533;TAX_FNCACT_CHILD,7565;TAX_FNCACT_CHILD,7933;TAX_FNCACT_CHILD,8110;"
20260930121500-301,20260930121500,polity.org.za,https://www.polity.org.za/article/south-african-rand-edges-up-ahead-of-month-end-economic-data-2026-09-30,"ECON_CURRENCY_EXCHANGE_RATE,240;WB_441_BALANCE_OF_PAYMENTS,707;WB_1136_TRADE_BALANCE,707;EPU_POLICY_POLICY,1087;EPU_POLICY_POLICY,1228;ECON_WORLDCURRENCIES_DOLLAR,240;GENERAL_HEALTH,158;MEDICAL,158;ECON_STOCKMARKET,787;TAX_ECON_PRICE,1281;WB_698_TRADE,46;WB_698_TRADE,699;WB_698_TRADE,839;EPU_POLICY_BUDGET,662;TAX_FNCACT_PRODUCER,681;WB_444_MONETARY_POLICY,1087;WB_439_MACROECONOMIC_AND_STRUCTURAL_POLICIES,1087;EPU_POLICY_MONETARY_POLICY,1087;EPU_POLICY_FEDERAL_RESERVE,1216;ECON_INFLATION,691;ECON_INFLATION,1178;WB_1104_MACROECONOMIC_VULNERABILITY_AND_DEBT,691;WB_1104_MACROECONOMIC_VULNERABILITY_AND_DEBT,1178;WB_442_INFLATION,691;WB_442_INFLATION,1178;EPU_CATS_MONETARY_POLICY,364;TAX_FNCACT_DRIVERS,1038;GENERAL_GOVERNMENT,878;EPU_POLICY_GOVERNMENT,878;WB_696_PUBLIC_SECTOR_MANAGEMENT,574;WB_713_PUBLIC_FINANCE,574;WB_1045_TREASURY,574;ECON_WORLDCURRENCIES_SOUTH_AFRICAN_RAND,22;USPEC_POLICY1,184;EPU_ECONOMY,106;EPU_ECONOMY,1058;EPU_ECONOMY_HISTORIC,106;EPU_ECONOMY_HISTORIC,1058;"
20260930114500-29,20260930114500,sundayworld.co.za,https://sundayworld.co.za/news/saps-crack-down-on-illegal-mining-after-deadly-tavern-shooting/,"TRANSPARENCY,4093;SEIZE,1119;ORGANIZED_CRIME,3507;WB_2453_ORGANIZED_CRIME,3507;CRISISLEX_CRISISLEXREC,145;CRISISLEX_CRISISLEXREC,443;EPU_CATS_MIGRATION_FEAR_FEAR,1652;EPU_CATS_MIGRATION_FEAR_FEAR,3507;WB_2433_CONFLICT_AND_VIOLENCE,282;WB_2433_CONFLICT_AND_VIOLENCE,1917;WB_2433_CONFLICT_AND_VIOLENCE,2066;WB_2433_CONFLICT_AND_VIOLENCE,2421;WB_2433_CONFLICT_AND_VIOLENCE,2455;WB_2432_FRAGILITY_CONFLICT_AND_VIOLENCE,282;WB_2432_FRAGILITY_CONFLICT_AND_VIOLENCE,1917;WB_2432_FRAGILITY_CONFLICT_AND_VIOLENCE,2066;WB_2432_FRAGILITY_CONFLICT_AND_VIOLENCE,2421;WB_2432_FRAGILITY_CONFLICT_AND_VIOLENCE,2455;UNGP_CRIME_VIOLENCE,282;UNGP_CRIME_VIOLENCE,1917;UNGP_CRIME_VIOLENCE,2066;UNGP_CRIME_VIOLENCE,2421;UNGP_CRIME_VIOLENCE,2455;TAX_FNCACT_RESEARCHER,3339;TAX_WORLDMAMMALS_BEAR,2027;TAX_FNCACT_BRIGADIER,1321;ARMEDCONFLICT,1072;WB_2468_CONVENTIONAL_WAR,1072;WB_2462_POLITICAL_VIOLENCE_AND_WAR,1072;MANMADE_DISASTER_IMPLIED,90;MANMADE_DISASTER_IMPLIED,372;MANMADE_DISASTER_IMPLIED,864;MANMADE_DISASTER_IMPLIED,1593;MANMADE_DISASTER_IMPLIED,1690;MANMADE_DISASTER_IMPLIED,2486;MANMADE_DISASTER_IMPLIED,2941;MANMADE_DISASTER_IMPLIED,2986;MANMADE_DISASTER_IMPLIED,3328;MANMADE_DISASTER_IMPLIED,3370;MANMADE_DISASTER_IMPLIED,3540;MANMADE_DISASTER_IMPLIED,4103;MANMADE_DISASTER_IMPLIED,4194;ENV_MINING,90;ENV_MINING,372;ENV_MINING,864;ENV_MINING,1593;ENV_MINING,1690;ENV_MINING,2486;ENV_MINING,2941;ENV_MINING,2986;ENV_MINING,3328;ENV_MINING,3370;ENV_MINING,3540;ENV_MINING,4103;ENV_MINING,4194;TAX_FNCACT_VETERAN,3321;TAX_FNCACT_SPOKESPERSON,1352;TAX_FNCACT_CRIMINAL,332;LEGISLATION,1942;EPU_POLICY_LAW,1942;TERROR,650;TAX_FNCACT_MINERS,1110;TAX_WORLDMAMMALS_SEAL,4147;GENERAL_GOVERNMENT,4049;EPU_POLICY_GOVERNMENT,4049;CLOSURE,3422;WB_696_PUBLIC_SECTOR_MANAGEMENT,1954;WB_840_JUSTICE,1954;WB_1920_FINANCIAL_SECTOR_DEVELOPMENT,1954;WB_328_FINANCIAL_INTEGRITY,1954;WB_1014_CRIMINAL_JUSTICE,1954;WB_2082_LAW_ENFORCEMENT,1954;TAX_FNCACT_OFFICIAL,3149;ENV_METALS,3117;ENV_METALS,3984;WB_2936_GOLD,3117;WB_2936_GOLD,3984;WB_507_ENERGY_AND_EXTRACTIVES,3117;WB_507_ENERGY_AND_EXTRACTIVES,3984;WB_895_MINING_SYSTEMS,3117;WB_895_MINING_SYSTEMS,3984;WB_1699_METAL_ORE_MINING,3117;WB_1699_METAL_ORE_MINING,3984;UNREST_BELLIGERENT,987;TAX_DISEASE_TRAUMA,2396;CRISISLEX_T11_UPDATESSYMPATHY,2396;AFFECT,1891;KILL,623;CRISISLEX_T03_DEAD,623;UNEMPLOYMENT,3669;TAX_FNCACT_UNEMPLOYED,3669;UNGP_JOB_OPPORTUNITIES_EMPLOYMENT,3669;ARREST,40;ARREST,1081;SOC_GENERALCRIME,40;SOC_GENERALCRIME,1081;EPU_POLICY_REGULATORY,4078;SECURITY_SERVICES,20;SECURITY_SERVICES,754;SECURITY_SERVICES,1018;SECURITY_SERVICES,1381;SECURITY_SERVICES,1475;SECURITY_SERVICES,2729;TAX_FNCACT_POLICE,20;TAX_FNCACT_POLICE,754;TAX_FNCACT_POLICE,1018;TAX_FNCACT_POLICE,1381;TAX_FNCACT_POLICE,1475;TAX_FNCACT_POLICE,2729;CRISISLEX_C07_SAFETY,20;CRISISLEX_C07_SAFETY,754;CRISISLEX_C07_SAFETY,1018;CRISISLEX_C07_SAFETY,1381;CRISISLEX_C07_SAFETY,1475;CRISISLEX_C07_SAFETY,2729;TAX_WEAPONS_FIREARMS,1130;TAX_TERROR_GROUP_SOUTH_AFRICAN_NATIONAL_DEFENCE_FORCE,1556;SCIENCE,2953;"
20260930104500-1011,20260930104500,defenceweb.co.za,https://defenceweb.co.za/industry/industry-industry/opinion-anc-wants-defence-deals-with-brics-but-sa-companies-are-selling-to-europe/,"DRONES,4199;TAX_FNCACT_TRAINERS,5314;TAX_ETHNICITY_ITALIAN,3936;TAX_WORLDLANGUAGES_ITALIAN,3936;WB_698_TRADE,70;TAX_FNCACT_BUYER,4713;TAX_DISEASE_CONVENTIONAL,3072;TAX_WEAPONS_SUBMARINES,5286;MILITARY,113;MILITARY,4065;MILITARY,4325;MILITARY,6059;EPU_POLICY_POLICY,2877;EPU_POLICY_POLICY,4588;EPU_POLICY_POLICY,5602;DELAY,5450;WB_165_AIR_TRANSPORT,4233;WB_164_MODES_OF_TRANSPORT,4233;TAX_ETHNICITY_AMERICANS,5994;TAX_ETHNICITY_BLACK,4164;TAX_ETHNICITY_GERMAN,2290;TAX_ETHNICITY_GERMAN,4011;TAX_WORLDLANGUAGES_GERMAN,2290;TAX_WORLDLANGUAGES_GERMAN,4011;TAX_ETHNICITY_RUSSIAN,2502;TAX_WORLDLANGUAGES_RUSSIAN,2502;EPU_POLICY_SPENDING,4866;EPU_POLICY_SPENDING,4910;TAX_WORLDLANGUAGES_RUSSIA,1223;TAX_WORLDLANGUAGES_RUSSIA,2962;TAX_WORLDLANGUAGES_RUSSIA,4394;TAX_WORLDLANGUAGES_RUSSIA,6631;WB_2470_PEACE_OPERATIONS_AND_CONFLICT_MANAGEMENT,3085;WB_2503_WEAPONS_PROLIFERATION_AND_ARMS_CONTROL,3085;WB_2432_FRAGILITY_CONFLICT_AND_VIOLENCE,3085;WB_441_BALANCE_OF_PAYMENTS,6847;MANMADE_DISASTER_IMPLIED,107;MANMADE_DISASTER_IMPLIED,4059;MANMADE_DISASTER_IMPLIED,4223;MANMADE_DISASTER_IMPLIED,4319;MANMADE_DISASTER_IMPLIED,6053;ARMEDCONFLICT,746;EPU_CATS_NATIONAL_SECURITY,746;TAX_FNCACT_ENGINEERS,1813;TAX_TERROR_GROUP_LIBERATION_ARMY,6049;ECON_CURRENCY_EXCHANGE_RATE,7619;WB_135_TRANSPORT,4087;WB_135_TRANSPORT,4233;GENERAL_GOVERNMENT,2723;GENERAL_GOVERNMENT,3121;GENERAL_GOVERNMENT,7583;EPU_POLICY_GOVERNMENT,2723;EPU_POLICY_GOVERNMENT,3121;EPU_POLICY_GOVERNMENT,7583;USPEC_POLICY1,944;USPEC_POLICY1,4822;USPEC_POLICY1,5166;USPEC_POLICY1,5573;EPU_POLICY_BUDGET,944;EPU_POLICY_BUDGET,4822;EPU_POLICY_BUDGET,5166;EPU_POLICY_BUDGET,5573;CRISISLEX_C07_SAFETY,4354;USPEC_POLITICS_GENERAL1,3095;TAX_FNCACT_OFFICIAL,1024;TAX_WEAPONS_ARTILLERY,2400;TAX_WEAPONS_ARTILLERY,3398;SOC_POINTSOFINTEREST_AIR_FORCE_BASE,118;MIL_SELF_IDENTIFIED_ARMS_DEAL,655;TAX_ETHNICITY_CHINESE,6026;TAX_ETHNICITY_CHINESE,6313;TAX_ETHNICITY_CHINESE,6359;TAX_WORLDLANGUAGES_CHINESE,6026;TAX_WORLDLANGUAGES_CHINESE,6313;TAX_WORLDLANGUAGES_CHINESE,6359;TAX_TERROR_GROUP_BLACK_HAWK,4169;USPEC_UNCERTAINTY1,7086;USPEC_UNCERTAINTY1,7200;USPEC_UNCERTAINTY1,7644;TAX_ETHNICITY_CANADIAN,4022;TAX_ETHNICITY_EUROPEANS,3473;TAX_TERROR_GROUP_SOUTH_AFRICAN_NATIONAL_DEFENCE_FORCE,931;SANCTIONS,601;EPU_ECONOMY_HISTORIC,46;EPU_ECONOMY_HISTORIC,1479;EPU_ECONOMY_HISTORIC,1721;EPU_ECONOMY_HISTORIC,6918;EPU_ECONOMY_HISTORIC,7330;EPU_ECONOMY_HISTORIC,7374;WB_1467_EDUCATION_FOR_ALL,1829;WB_470_EDUCATION,1829;WB_2131_EMPLOYABILITY_SKILLS_AND_JOBS,1829;WB_1484_EDUCATION_SKILLS_DEVELOPMENT_AND_LABOR_MARKET,1829;TAX_TERROR_GROUP_PEOPLE_LIBERATION_ARMY,6049;ECON_INFLATION,4853;WB_1104_MACROECONOMIC_VULNERABILITY_AND_DEBT,4853;WB_442_INFLATION,4853;"
20260930093000-692,20260930093000,cnbcafrica.com,https://www.cnbcafrica.com/2026/south-african-rand-edges-up-ahead-of-month-end-economic-data,"GENERAL_HEALTH,299;MEDICAL,299;USPEC_POLICY1,325;WB_698_TRADE,187;EPU_ECONOMY,247;EPU_ECONOMY_HISTORIC,247;ECON_WORLDCURRENCIES_SOUTH_AFRICAN_RAND,18;ECON_WORLDCURRENCIES_SOUTH_AFRICAN_RAND,163;"
20260930091500-783,20260930091500,investegate.co.uk,https://www.investegate.co.uk/announcement/rns/aura-energy-limited-npv-di---aura/financial-report-for-the-year-ended-30-june-2026/9798694,"WB_2736_RETURNS_TO_WORK,17526;WB_2736_RETURNS_TO_WORK,17561;WB_2736_RETURNS_TO_WORK,17613;WB_2736_RETURNS_TO_WORK,19423;WB_2736_RETURNS_TO_WORK,19527;WB_2736_RETURNS_TO_WORK,19657;WB_2736_RETURNS_TO_WORK,19709;WB_2736_RETURNS_TO_WORK,19919;WB_2736_RETURNS_TO_WORK,19961;WB_2736_RETURNS_TO_WORK,20225;WB_2736_RETURNS_TO_WORK,20378;WB_2736_RETURNS_TO_WORK,20415;WB_2736_RETURNS_TO_WORK,20508;WB_2736_RETURNS_TO_WORK,20620;WB_2736_RETURNS_TO_WORK,20661;WB_2736_RETURNS_TO_WORK,20727;WB_2736_RETURNS_TO_WORK,20756;WB_2736_RETURNS_TO_WORK,20839;WB_2736_RETURNS_TO_WORK,20874;WB_2736_RETURNS_TO_WORK,20970;WB_2736_RETURNS_TO_WORK,21231;WB_2736_RETURNS_TO_WORK,21357;WB_2736_RETURNS_TO_WORK,21386;WB_2736_RETURNS_TO_WORK,21624;WB_2736_RETURNS_TO_WORK,22013;WB_2736_RETURNS_TO_WORK,22116;WB_2736_RETURNS_TO_WORK,22261;WB_2736_RETURNS_TO_WORK,22550;WB_2736_RETURNS_TO_WORK,23161;WB_2736_RETURNS_TO_WORK,23212;WB_2736_RETURNS_TO_WORK,23509;WB_2736_RETURNS_TO_WORK,23736;WB_2736_RETURNS_TO_WORK,23895;WB_2736_RETURNS_TO_WORK,24033;WB_2736_RETURNS_TO_WORK,24984;WB_2736_RETURNS_TO_WORK,25786;WB_2736_RETURNS_TO_WORK,26393;WB_2736_RETURNS_TO_WORK,26930;WB_2736_RETURNS_TO_WORK,38030;WB_2736_RETURNS_TO_WORK,39010;WB_2736_RETURNS_TO_WORK,39893;WB_2736_RETURNS_TO_WORK,39989;WB_2736_RETURNS_TO_WORK,43830;WB_2736_RETURNS_TO_WORK,44240;WB_2736_RETURNS_TO_WORK,44323;WB_2736_RETURNS_TO_WORK,45204;WB_2736_RETURNS_TO_WORK,45347;WB_2736_RETURNS_TO_WORK,45528;WB_2736_RETURNS_TO_WORK,45822;WB_2736_RETURNS_TO_WORK,46490;WB_2736_RETURNS_TO_WORK,47081;WB_2736_RETURNS_TO_WORK,47670;WB_2736_RETURNS_TO_WORK,48353;WB_2736_RETURNS_TO_WORK,48773;WB_2736_RETURNS_TO_WORK,49997;WB_2736_RETURNS_TO_WORK,52259;WB_2736_RETURNS_TO_WORK,53342;WB_2736_RETURNS_TO_WORK,53606;WB_2736_RETURNS_TO_WORK,54181;WB_2736_RETURNS_TO_WORK,54496;WB_2736_RETURNS_TO_WORK,54657;WB_2736_RETURNS_TO_WORK,55103;WB_2736_RETURNS_TO_WORK,55223;WB_2736_RETURNS_TO_WORK,55264;WB_2736_RETURNS_TO_WORK,82251;WB_2736_RETURNS_TO_WORK,95835;WB_2736_RETURNS_TO_WORK,96815;WB_2736_RETURNS_TO_WORK,144692;WB_2736_RETURNS_TO_WORK,144929;WB_2736_RETURNS_TO_WORK,145761;WB_2736_RETURNS_TO_WORK,146360;WB_2736_RETURNS_TO_WORK,146475;WB_2736_RETURNS_TO_WORK,147591;WB_2736_RETURNS_TO_WORK,147656;WB_2670_JOBS,17526;WB_2670_JOBS,17561;WB_2670_JOBS,17613;WB_2670_JOBS,19423;WB_2670_JOBS,19527;WB_2670_JOBS,19657;WB_2670_JOBS,19709;WB_2670_JOBS,19919;WB_2670_JOBS,19961;WB_2670_JOBS,20225;WB_2670_JOBS,20378;WB_2670_JOBS,20415;WB_2670_JOBS,20508;WB_2670_JOBS,20620;WB_2670_JOBS,20661;WB_2670_JOBS,20727;WB_2670_JOBS,20756;WB_2670_JOBS,20839;WB_2670_JOBS,20874;WB_2670_JOBS,20970;WB_2670_JOBS,21231;WB_2670_JOBS,21357;WB_2670_JOBS,21386;WB_2670_JOBS,21624;WB_2670_JOBS,22013;WB_2670_JOBS,22116;WB_2670_JOBS,22261;WB_2670_JOBS,22550;WB_2670_JOBS,23161;WB_2670_JOBS,23212;WB_2670_JOBS,23509;WB_2670_JOBS,23736;WB_2670_JOBS,23895;WB_2670_JOBS,24033;WB_2670_JOBS,24984;WB_2670_JOBS,25786;WB_2670_JOBS,26393;WB_2670_JOBS,26930;WB_2670_JOBS,38030;WB_2670_JOBS,39010;WB_2670_JOBS,39893;WB_2670_JOBS,39989;WB_2670_JOBS,43830;WB_2670_JOBS,44240;WB_2670_JOBS,44323;WB_2670_JOBS,45204;WB_2670_JOBS,45347;WB_2670_JOBS,45528;WB_2670_JOBS,45822;WB_2670_JOBS,46490;WB_2670_JOBS,47081;WB_2670_JOBS,47670;WB_2670_JOBS,48353;WB_2670_JOBS,48773;WB_2670_JOBS,49997;WB_2670_JOBS,52259;WB_2670_JOBS,53342;WB_2670_JOBS,53606;WB_2670_JOBS,54181;WB_2670_JOBS,54496;WB_2670_JOBS,54657;WB_2670_JOBS,55103;WB_2670_JOBS,55223;WB_2670_JOBS,55264;WB_2670_JOBS,82251;WB_2670_JOBS,95835;WB_2670_JOBS,96815;WB_2670_JOBS,144692;WB_2670_JOBS,144929;WB_2670_JOBS,145761;WB_2670_JOBS,146360;WB_2670_JOBS,146475;WB_2670_JOBS,147591;WB_2670_JOBS,147656;WB_2689_JOBS_DIAGNOSTICS,17526;WB_2689_JOBS_DIAGNOSTICS,17561;WB_2689_JOBS_DIAGNOSTICS,17613;WB_2689_JOBS_DIAGNOSTICS,19423;WB_2689_JOBS_DIAGNOSTICS,19527;WB_2689_JOBS_DIAGNOSTICS,19657;WB_2689_JOBS_DIAGNOSTICS,19709;WB_2689_JOBS_DIAGNOSTICS,19919;WB_2689_JOBS_DIAGNOSTICS,19961;WB_2689_JOBS_DIAGNOSTICS,20225;WB_2689_JOBS_DIAGNOSTICS,20378;WB_2689_JOBS_DIAGNOSTICS,20415;WB_2689_JOBS_DIAGNOSTICS,20508;WB_2689_JOBS_DIAGNOSTICS,20620;WB_2689_JOBS_DIAGNOSTICS,20661;WB_2689_JOBS_DIAGNOSTICS,20727;WB_2689_JOBS_DIAGNOSTICS,20756;WB_2689_JOBS_DIAGNOSTICS,20839;WB_2689_JOBS_DIAGNOSTICS,20874;WB_2689_JOBS_DIAGNOSTICS,20970;WB_2689_JOBS_DIAGNOSTICS,21231;WB_2689_JOBS_DIAGNOSTICS,21357;WB_2689_JOBS_DIAGNOSTICS,21386;WB_2689_JOBS_DIAGNOSTICS,21624;WB_2689_JOBS_DIAGNOSTICS,22013;WB_2689_JOBS_DIAGNOSTICS,22116;WB_2689_JOBS_DIAGNOSTICS,22261;WB_2689_JOBS_DIAGNOSTICS,22550;WB_2689_JOBS_DIAGNOSTICS,23161;WB_2689_JOBS_DIAGNOSTICS,23212;WB_2689_JOBS_DIAGNOSTICS,23509;WB_2689_JOBS_DIAGNOSTICS,23736;WB_2689_JOBS_DIAGNOSTICS,23895;WB_2689_JOBS_DIAGNOSTICS,24033;WB_2689_JOBS_DIAGNOSTICS,24984;WB_2689_JOBS_DIAGNOSTICS,25786;WB_2689_JOBS_DIAGNOSTICS,26393;WB_2689_JOBS_DIAGNOSTICS,26930;WB_2689_JOBS_DIAGNOSTICS,38030;WB_2689_JOBS_DIAGNOSTICS,39010;WB_2689_JOBS_DIAGNOSTICS,39893;WB_2689_JOBS_DIAGNOSTICS,39989;WB_2689_JOBS_DIAGNOSTICS,43830;WB_2689_JOBS_DIAGNOSTICS,44240;WB_2689_JOBS_DIAGNOSTICS,44323;WB_2689_JOBS_DIAGNOSTICS,45204;WB_2689_JOBS_DIAGNOSTICS,45347;WB_2689_JOBS_DIAGNOSTICS,45528;WB_2689_JOBS_DIAGNOSTICS,45822;WB_2689_JOBS_DIAGNOSTICS,46490;WB_2689_JOBS_DIAGNOSTICS,47081;WB_2689_JOBS_DIAGNOSTICS,47670;WB_2689_JOBS_DIAGNOSTICS,48353;WB_2689_JOBS_DIAGNOSTICS,48773;WB_2689_JOBS_DIAGNOSTICS,49997;WB_2689_JOBS_DIAGNOSTICS,52259;WB_2689_JOBS_DIAGNOSTICS,53342;WB_2689_JOBS_DIAGNOSTICS,53606;WB_2689_JOBS_DIAGNOSTICS,54181;WB_2689_JOBS_DIAGNOSTICS,54496;WB_2689_JOBS_DIAGNOSTICS,54657;WB_2689_JOBS_DIAGNOSTICS,55103;WB_2689_JOBS_DIAGNOSTICS,55223;WB_2689_JOBS_DIAGNOSTICS,55264;WB_2689_JOBS_DIAGNOSTICS,82251;WB_2689_JOBS_DIAGNOSTICS,95835;WB_2689_JOBS_DIAGNOSTICS,96815;WB_2689_JOBS_DIAGNOSTICS,144692;WB_2689_JOBS_DIAGNOSTICS,144929;WB_2689_JOBS_DIAGNOSTICS,145761;WB_2689_JOBS_DIAGNOSTICS,146360;WB_2689_JOBS_DIAGNOSTICS,146475;WB_2689_JOBS_DIAGNOSTICS,147591;WB_2689_JOBS_DIAGNOSTICS,147656;WB_2738_LABOR_EARNINGS,17526;WB_2738_LABOR_EARNINGS,17561;WB_2738_LABOR_EARNINGS,17613;WB_2738_LABOR_EARNINGS,19423;WB_2738_LABOR_EARNINGS,19527;WB_2738_LABOR_EARNINGS,19657;WB_2738_LABOR_EARNINGS,19709;WB_2738_LABOR_EARNINGS,19919;WB_2738_LABOR_EARNINGS,19961;WB_2738_LABOR_EARNINGS,20225;WB_2738_LABOR_EARNINGS,20378;WB_2738_LABOR_EARNINGS,20415;WB_2738_LABOR_EARNINGS,20508;WB_2738_LABOR_EARNINGS,20620;WB_2738_LABOR_EARNINGS,20661;WB_2738_LABOR_EARNINGS,20727;WB_2738_LABOR_EARNINGS,20756;WB_2738_LABOR_EARNINGS,20839;WB_2738_LABOR_EARNINGS,20874;WB_2738_LABOR_EARNINGS,20970;WB_2738_LABOR_EARNINGS,21231;WB_2738_LABOR_EARNINGS,21357;WB_2738_LABOR_EARNINGS,21386;WB_2738_LABOR_EARNINGS,21624;WB_2738_LABOR_EARNINGS,22013;WB_2738_LABOR_EARNINGS,22116;WB_2738_LABOR_EARNINGS,22261;WB_2738_LABOR_EARNINGS,22550;WB_2738_LABOR_EARNINGS,23161;WB_2738_LABOR_EARNINGS,23212;WB_2738_LABOR_EARNINGS,23509;WB_2738_LABOR_EARNINGS,23736;WB_2738_LABOR_EARNINGS,23895;WB_2738_LABOR_EARNINGS,24033;WB_2738_LABOR_EARNINGS,24984;WB_2738_LABOR_EARNINGS,25786;WB_2738_LABOR_EARNINGS,26393;WB_2738_LABOR_EARNINGS,26930;WB_2738_LABOR_EARNINGS,38030;WB_2738_LABOR_EARNINGS,39010;WB_2738_LABOR_EARNINGS,39893;WB_2738_LABOR_EARNINGS,39989;WB_2738_LABOR_EARNINGS,43830;WB_2738_LABOR_EARNINGS,44240;WB_2738_LABOR_EARNINGS,44323;WB_2738_LABOR_EARNINGS,45204;WB_2738_LABOR_EARNINGS,45347;WB_2738_LABOR_EARNINGS,45528;WB_2738_LABOR_EARNINGS,45822;WB_2738_LABOR_EARNINGS,46490;WB_2738_LABOR_EARNINGS,47081;WB_2738_LABOR_EARNINGS,47670;WB_2738_LABOR_EARNINGS,48353;WB_2738_LABOR_EARNINGS,48773;WB_2738_LABOR_EARNINGS,49997;WB_2738_LABOR_EARNINGS,52259;WB_2738_LABOR_EARNINGS,53342;WB_2738_LABOR_EARNINGS,53606;WB_2738_LABOR_EARNINGS,54181;WB_2738_LABOR_EARNINGS,54496;WB_2738_LABOR_EARNINGS,54657;WB_2738_LABOR_EARNINGS,55103;WB_2738_LABOR_EARNINGS,55223;WB_2738_LABOR_EARNINGS,55264;WB_2738_LABOR_EARNINGS,82251;WB_2738_LABOR_EARNINGS,95835;WB_2738_LABOR_EARNINGS,96815;WB_2738_LABOR_EARNINGS,144692;WB_2738_LABOR_EARNINGS,144929;WB_2738_LABOR_EARNINGS,145761;WB_2738_LABOR_EARNINGS,146360;WB_2738_LABOR_EARNINGS,146475;WB_2738_LABOR_EARNINGS,147591;WB_2738_LABOR_EARNINGS,147656;TAX_FNCACT_CHIEF_EXECUTIVE,160332;TAX_FNCACT_CONSULTANT,83206;TAX_FNCACT_CONSULTANT,122021;TAX_FNCACT_EMPLOYER,46051;TAX_FNCACT_EMPLOYER,46711;TAX_FNCACT_EMPLOYER,47302;TAX_FNCACT_EMPLOYER,47889;WB_2704_EMPLOYER,46051;WB_2704_EMPLOYER,46711;WB_2704_EMPLOYER,47302;WB_2704_EMPLOYER,47889;ENV_METALS,2669;ENV_METALS,15618;ENV_METALS,73968;ENV_METALS,74045;ENV_METALS,74534;ENV_METALS,135720;ENV_METALS,136129;ENV_METALS,136194;ENV_METALS,136458;ENV_METALS,139095;ENV_METALS,140721;ENV_METALS,145475;ENV_METALS,145590;ENV_METALS,156922;WB_2936_GOLD,2669;WB_2936_GOLD,15618;WB_2936_GOLD,73968;WB_2936_GOLD,74045;WB_2936_GOLD,74534;WB_2936_GOLD,135720;WB_2936_GOLD,136129;WB_2936_GOLD,136194;WB_2936_GOLD,136458;WB_2936_GOLD,139095;WB_2936_GOLD,140721;WB_2936_GOLD,145475;WB_2936_GOLD,145590;WB_2936_GOLD,156922;WB_895_MINING_SYSTEMS,2669;WB_895_MINING_SYSTEMS,15618;WB_895_MINING_SYSTEMS,73968;WB_895_MINING_SYSTEMS,74045;WB_895_MINING_SYSTEMS,74534;WB_895_MINING_SYSTEMS,135720;WB_895_MINING_SYSTEMS,136129;WB_895_MINING_SYSTEMS,136194;WB_895_MINING_SYSTEMS,136458;WB_895_MINING_SYSTEMS,139095;WB_895_MINING_SYSTEMS,140721;WB_895_MINING_SYSTEMS,145475;WB_895_MINING_SYSTEMS,145590;WB_895_MINING_SYSTEMS,156922;WB_1699_METAL_ORE_MINING,2669;WB_1699_METAL_ORE_MINING,15618;WB_1699_METAL_ORE_MINING,73968;WB_1699_METAL_ORE_MINING,74045;WB_1699_METAL_ORE_MINING,74534;WB_1699_METAL_ORE_MINING,135720;WB_1699_METAL_ORE_MINING,136129;WB_1699_METAL_ORE_MINING,136194;WB_1699_METAL_ORE_MINING,136458;WB_1699_METAL_ORE_MINING,139095;WB_1699_METAL_ORE_MINING,140721;WB_1699_METAL_ORE_MINING,145475;WB_1699_METAL_ORE_MINING,145590;WB_1699_METAL_ORE_MINING,156922;TAX_FNCACT_COMMISSIONER,158549;WB_508_POWER_SYSTEMS,1914;WB_509_NUCLEAR_ENERGY,1914;WB_507_ENERGY_AND_EXTRACTIVES,1914;TAX_FNCACT_EXECUTIVE_DIRECTORS,18488;TAX_FNCACT_EXECUTIVE_DIRECTORS,18735;TAX_FNCACT_EXECUTIVE_DIRECTORS,20335;TAX_FNCACT_EXECUTIVE_DIRECTORS,24822;TAX_FNCACT_EXECUTIVE_DIRECTORS,24848;TAX_FNCACT_EXECUTIVE_DIRECTORS,26621;TAX_FNCACT_EXECUTIVE_DIRECTORS,40346;TAX_FNCACT_EXECUTIVE_DIRECTORS,41024;TAX_FNCACT_EXECUTIVE_DIRECTORS,44405;TAX_FNCACT_EXECUTIVE_DIRECTORS,44625;TAX_FNCACT_AUTHORITIES,78909;TAX_FNCACT_AUTHORITIES,79063;TAX_FNCACT_AUTHORITIES,80507;EPU_POLICY_AUTHORITIES,78909;EPU_POLICY_AUTHORITIES,79063;EPU_POLICY_AUTHORITIES,80507;TAX_FNCACT_EMPLOYEE,3107;TAX_FNCACT_EMPLOYEE,16249;TAX_FNCACT_EMPLOYEE,27364;TAX_FNCACT_EMPLOYEE,28323;TAX_FNCACT_EMPLOYEE,33821;TAX_FNCACT_EMPLOYEE,33993;TAX_FNCACT_EMPLOYEE,36366;TAX_FNCACT_EMPLOYEE,39698;TAX_FNCACT_EMPLOYEE,45949;TAX_FNCACT_EMPLOYEE,46040;TAX_FNCACT_EMPLOYEE,46609;TAX_FNCACT_EMPLOYEE,46700;TAX_FNCACT_EMPLOYEE,47200;TAX_FNCACT_EMPLOYEE,47291;TAX_FNCACT_EMPLOYEE,47787;TAX_FNCACT_EMPLOYEE,47878;TAX_FNCACT_EMPLOYEE,56164;TAX_FNCACT_EMPLOYEE,58819;TAX_FNCACT_EMPLOYEE,59014;TAX_FNCACT_EMPLOYEE,63602;TAX_FNCACT_EMPLOYEE,77563;TAX_FNCACT_EMPLOYEE,82082;TAX_FNCACT_EMPLOYEE,82408;TAX_FNCACT_EMPLOYEE,82581;TAX_FNCACT_EMPLOYEE,82707;TAX_FNCACT_EMPLOYEE,82739;TAX_FNCACT_EMPLOYEE,91782;TAX_FNCACT_EMPLOYEE,91954;TAX_FNCACT_EMPLOYEE,94322;TAX_FNCACT_EMPLOYEE,97502;TAX_FNCACT_EMPLOYEE,101098;TAX_FNCACT_EMPLOYEE,141054;TAX_FNCACT_EMPLOYEE,142846;TAX_FNCACT_EMPLOYEE,143016;TAX_FNCACT_EMPLOYEE,145853;TAX_FNCACT_EMPLOYEE,147423;TAX_FNCACT_EMPLOYEE,148511;ECON_WORLDCURRENCIES_AUSTRALIAN_DOLLAR,127729;ECON_WORLDCURRENCIES_AUSTRALIAN_DOLLAR,128474;MOVEMENT_GENERAL,9942;MOVEMENT_GENERAL,48563;MOVEMENT_GENERAL,49782;MOVEMENT_GENERAL,52075;MOVEMENT_GENERAL,120984;MOVEMENT_GENERAL,141719;EPU_ECONOMY,9700;EPU_ECONOMY,10048;EPU_ECONOMY,111339;EPU_ECONOMY,113405;EPU_ECONOMY,131819;EPU_ECONOMY,136774;EPU_ECONOMY,155573;TAX_FNCACT_CHIEF_FINANCIAL_OFFICER,15899;TAX_FNCACT_CHIEF_FINANCIAL_OFFICER,16124;TAX_FNCACT_CHIEF_FINANCIAL_OFFICER,18921;TAX_FNCACT_CHIEF_FINANCIAL_OFFICER,18996;TAX_FNCACT_CHIEF_FINANCIAL_OFFICER,19775;TAX_FNCACT_CHIEF_FINANCIAL_OFFICER,43505;TAX_FNCACT_CHIEF_FINANCIAL_OFFICER,45039;TAX_FNCACT_CHIEF_FINANCIAL_OFFICER,46888;TAX_FNCACT_CHIEF_FINANCIAL_OFFICER,148161;TAX_FNCACT_CHIEF_FINANCIAL_OFFICER,148386;TAX_FNCACT_CHIEF_FINANCIAL_OFFICER,160366;KILL,4136;CRISISLEX_T03_DEAD,4136;WB_855_LABOR_MARKETS,64175;WB_855_LABOR_MARKETS,121299;WB_855_LABOR_MARKETS,121364;WB_855_LABOR_MARKETS,121939;WB_1650_PUBLIC_EMPLOYMENT_SERVICES,64175;WB_1650_PUBLIC_EMPLOYMENT_SERVICES,121299;WB_1650_PUBLIC_EMPLOYMENT_SERVICES,121364;WB_1650_PUBLIC_EMPLOYMENT_SERVICES,121939;WB_1652_PLACEMENT,64175;WB_1652_PLACEMENT,121299;WB_1652_PLACEMENT,121364;WB_1652_PLACEMENT,121939;WB_698_TRADE,27074;WB_698_TRADE,30703;WB_698_TRADE,30885;WB_698_TRADE,31067;WB_698_TRADE,31695;WB_698_TRADE,31877;WB_698_TRADE,32059;WB_698_TRADE,35298;WB_698_TRADE,39206;WB_698_TRADE,84614;WB_698_TRADE,84816;WB_698_TRADE,85016;WB_698_TRADE,87016;WB_698_TRADE,87218;WB_698_TRADE,87418;WB_698_TRADE,93255;WB_698_TRADE,97010;WB_698_TRADE,150385;WB_698_TRADE,150819;WB_1121_TAXATION,9973;WB_1121_TAXATION,79051;WB_1121_TAXATION,79716;WB_1121_TAXATION,80090;WB_1121_TAXATION,80270;WB_1121_TAXATION,80381;WB_1121_TAXATION,103785;WB_439_MACROECONOMIC_AND_STRUCTURAL_POLICIES,9973;WB_439_MACROECONOMIC_AND_STRUCTURAL_POLICIES,79051;WB_439_MACROECONOMIC_AND_STRUCTURAL_POLICIES,79716;WB_439_MACROECONOMIC_AND_STRUCTURAL_POLICIES,80090;WB_439_MACROECONOMIC_AND_STRUCTURAL_POLICIES,80270;WB_439_MACROECONOMIC_AND_STRUCTURAL_POLICIES,80381;WB_439_MACROECONOMIC_AND_STRUCTURAL_POLICIES,103785;WB_445_FISCAL_POLICY,9973;WB_445_FISCAL_POLICY,79051;WB_445_FISCAL_POLICY,79716;WB_445_FISCAL_POLICY,80090;WB_445_FISCAL_POLICY,80270;WB_445_FISCAL_POLICY,80381;WB_445_FISCAL_POLICY,103785;ECON_WORLDCURRENCIES_MAURITANIAN_OUGUIYA,127900;WB_135_TRANSPORT,4045;WB_135_TRANSPORT,4352;ENV_CLIMATECHANGE,12618;ENV_CLIMATECHANGE,12645;UNGP_CLIMATE_CHANGE_ACTION,12618;UNGP_CLIMATE_CHANGE_ACTION,12645;WB_1625_SUPPORT_SERVICES,53888;WB_1625_SUPPORT_SERVICES,147470;WB_1466_SOCIAL_ASSISTANCE,53888;WB_1466_SOCIAL_ASSISTANCE,147470;WB_697_SOCIAL_PROTECTION_AND_LABOR,53888;WB_697_SOCIAL_PROTECTION_AND_LABOR,147470;TAX_FNCACT_CONSULTANTS,20632;TAX_FNCACT_CONSULTANTS,20886;TAX_FNCACT_CONSULTANTS,20982;TAX_FNCACT_CONSULTANTS,21243;TAX_FNCACT_CONSULTANTS,27280;TAX_FNCACT_CONSULTANTS,29631;TAX_FNCACT_CONSULTANTS,29810;TAX_FNCACT_CONSULTANTS,30309;TAX_FNCACT_CONSULTANTS,76093;TAX_FNCACT_CONSULTANTS,82278;TAX_FNCACT_CONSULTANTS,83484;TAX_FNCACT_CONSULTANTS,83657;TAX_FNCACT_CONSULTANTS,84219;TAX_FNCACT_CONSULTANTS,85327;TAX_FNCACT_CONSULTANTS,85826;TAX_FNCACT_CHAIRMAN,42958;TAX_FNCACT_CHAIRMAN,42980;TAX_FNCACT_CHAIRMAN,44889;TAX_FNCACT_CHAIRMAN,44911;TAX_FNCACT_CHAIRMAN,146823;TAX_FNCACT_GENERAL_MANAGERS,33698;TAX_FNCACT_GENERAL_MANAGERS,91659;WB_471_ECONOMIC_GROWTH,22635;WB_1100_SUSTAINABLE_GROWTH,22635;TAX_FNCACT_MANAGER,33552;TAX_FNCACT_MANAGER,33562;TAX_FNCACT_MANAGER,91513;TAX_FNCACT_MANAGER,91523;WB_368_LEASING,58864;WB_368_LEASING,59056;WB_368_LEASING,68966;WB_368_LEASING,76839;WB_368_LEASING,106842;WB_368_LEASING,107118;WB_368_LEASING,107871;WB_368_LEASING,107963;WB_368_LEASING,108016;WB_368_LEASING,108081;WB_368_LEASING,108234;WB_368_LEASING,108390;WB_368_LEASING,108506;WB_368_LEASING,108590;WB_368_LEASING,108617;WB_368_LEASING,108937;WB_368_LEASING,109022;WB_368_LEASING,109036;WB_368_LEASING,109106;WB_368_LEASING,109206;WB_368_LEASING,109274;WB_368_LEASING,109423;WB_368_LEASING,109515;WB_368_LEASING,109588;WB_368_LEASING,109618;WB_368_LEASING,109767;WB_368_LEASING,109856;WB_368_LEASING,132260;WB_368_LEASING,132478;WB_368_LEASING,142886;WB_368_LEASING,143054;WB_368_LEASING,144058;TAX_FNCACT_EXPLORER,1830;LEGISLATION,810;LEGISLATION,8777;LEGISLATION,26716;LEGISLATION,158924;EPU_POLICY_LAW,810;EPU_POLICY_LAW,8777;EPU_POLICY_LAW,26716;EPU_POLICY_LAW,158924;TAX_FNCACT_CEO,47477;TAX_FNCACT_CEO,147400;TAX_FNCACT_MINISTER,5305;TAX_FNCACT_MINISTER,5908;TAX_FNCACT_MINISTER,116548;TAX_FNCACT_MINISTER,117151;BAN,14421;UNGP_CRIME_VIOLENCE,8685;UNGP_CRIME_VIOLENCE,44333;UNGP_CRIME_VIOLENCE,44349;WB_1150_VOLATILITY,36779;WB_1150_VOLATILITY,36851;WB_1150_VOLATILITY,36977;WB_1150_VOLATILITY,37002;WB_1150_VOLATILITY,37058;WB_1150_VOLATILITY,85560;WB_1150_VOLATILITY,94735;WB_1150_VOLATILITY,94807;WB_1150_VOLATILITY,94933;WB_1150_VOLATILITY,94958;WB_1150_VOLATILITY,95014;WB_1150_VOLATILITY,97934;WB_1150_VOLATILITY,98007;WB_1150_VOLATILITY,98133;WB_1150_VOLATILITY,98158;WB_1150_VOLATILITY,98214;ECON_WORLDCURRENCIES_DOLLAR,17510;ECON_WORLDCURRENCIES_DOLLAR,127729;ECON_WORLDCURRENCIES_DOLLAR,127985;ECON_WORLDCURRENCIES_DOLLAR,128474;TAX_FNCACT_WOMEN,34077;TAX_FNCACT_WOMEN,92038;WB_2052_REMUNERATION_POLICY,20385;ECON_WORLDCURRENCIES_SWEDISH_KRONA,127920;WB_1428_INJURY,4123;WB_1406_DISEASES,4123;WB_1427_NON_COMMUNICABLE_DISEASE_AND_INJURY,4123;CRISISLEX_CRISISLEXREC,4123;CRISISLEX_T02_INJURED,4123;UNGP_FORESTS_RIVERS_OCEANS,1599;UNGP_FORESTS_RIVERS_OCEANS,2271;UNGP_FORESTS_RIVERS_OCEANS,11705;WB_696_PUBLIC_SECTOR_MANAGEMENT,9421;WB_831_GOVERNANCE,9421;WB_832_ANTI_CORRUPTION,9421;WB_290_TELECOMMUNICATIONS_ORGANIZATIONAL_DESIGN,105844;WB_290_TELECOMMUNICATIONS_ORGANIZATIONAL_DESIGN,105888;WB_290_TELECOMMUNICATIONS_ORGANIZATIONAL_DESIGN,106016;WB_290_TELECOMMUNICATIONS_ORGANIZATIONAL_DESIGN,151477;WB_290_TELECOMMUNICATIONS_ORGANIZATIONAL_DESIGN,152115;WB_288_TELECOMMUNICATIONS_SECTOR_POLICY_AND_REGULATION,105844;WB_288_TELECOMMUNICATIONS_SECTOR_POLICY_AND_REGULATION,105888;WB_288_TELECOMMUNICATIONS_SECTOR_POLICY_AND_REGULATION,106016;WB_288_TELECOMMUNICATIONS_SECTOR_POLICY_AND_REGULATION,151477;WB_288_TELECOMMUNICATIONS_SECTOR_POLICY_AND_REGULATION,152115;WB_286_TELECOMMUNICATIONS_AND_BROADBAND_ACCESS,105844;WB_286_TELECOMMUNICATIONS_AND_BROADBAND_ACCESS,105888;WB_286_TELECOMMUNICATIONS_AND_BROADBAND_ACCESS,106016;WB_286_TELECOMMUNICATIONS_AND_BROADBAND_ACCESS,151477;WB_286_TELECOMMUNICATIONS_AND_BROADBAND_ACCESS,152115;EPU_ECONOMY_HISTORIC,3564;EPU_ECONOMY_HISTORIC,3599;EPU_ECONOMY_HISTORIC,11430;EPU_ECONOMY_HISTORIC,11538;EPU_ECONOMY_HISTORIC,27924;EPU_ECONOMY_HISTORIC,34294;EPU_ECONOMY_HISTORIC,38640;EPU_ECONOMY_HISTORIC,54209;EPU_ECONOMY_HISTORIC,65787;EPU_ECONOMY_HISTORIC,66435;EPU_ECONOMY_HISTORIC,68060;EPU_ECONOMY_HISTORIC,70362;EPU_ECONOMY_HISTORIC,70466;EPU_ECONOMY_HISTORIC,72743;EPU_ECONOMY_HISTORIC,78238;EPU_ECONOMY_HISTORIC,92255;EPU_ECONOMY_HISTORIC,96445;EPU_ECONOMY_HISTORIC,105838;EPU_ECONOMY_HISTORIC,105882;EPU_ECONOMY_HISTORIC,106010;EPU_ECONOMY_HISTORIC,127035;EPU_ECONOMY_HISTORIC,134558;EPU_ECONOMY_HISTORIC,135412;EPU_ECONOMY_HISTORIC,151471;EPU_ECONOMY_HISTORIC,152109;RETIREMENT,26756;WB_2690_CATEGORIES_OF_EMPLOYMENT,26756;WB_2896_RETIREMENT,26756;AFFECT,7276;AFFECT,10489;AFFECT,67762;AFFECT,126813;AFFECT,127466;AFFECT,129782;AFFECT,148746;WB_1331_HEALTH_TECHNOLOGIES,103486;WB_1358_GENERIC_DRUGS,103486;WB_1350_PHARMACEUTICALS,103486;ECON_CURRENCY_EXCHANGE_RATE,64664;ECON_CURRENCY_EXCHANGE_RATE,129295;ECON_CURRENCY_EXCHANGE_RATE,129355;ECON_CURRENCY_EXCHANGE_RATE,129415;ECON_CURRENCY_EXCHANGE_RATE,129469;ECON_CURRENCY_EXCHANGE_RATE,129527;ECON_CURRENCY_EXCHANGE_RATE,129585;EPU_CATS_SOVEREIGN_DEBT_CURRENCY_CRISES,64664;EPU_CATS_SOVEREIGN_DEBT_CURRENCY_CRISES,129295;EPU_CATS_SOVEREIGN_DEBT_CURRENCY_CRISES,129355;EPU_CATS_SOVEREIGN_DEBT_CURRENCY_CRISES,129415;EPU_CATS_SOVEREIGN_DEBT_CURRENCY_CRISES,129469;EPU_CATS_SOVEREIGN_DEBT_CURRENCY_CRISES,129527;EPU_CATS_SOVEREIGN_DEBT_CURRENCY_CRISES,129585;WOUND,140342;ECON_INTEREST_RATES,36836;ECON_INTEREST_RATES,85675;ECON_INTEREST_RATES,94792;ECON_INTEREST_RATES,97990;ECON_INTEREST_RATES,129630;ECON_INTEREST_RATES,129663;ECON_INTEREST_RATES,130082;ECON_INTEREST_RATES,130226;ECON_INTEREST_RATES,132049;EPU_POLICY_INTEREST_RATE,36836;EPU_POLICY_INTEREST_RATE,85675;EPU_POLICY_INTEREST_RATE,94792;EPU_POLICY_INTEREST_RATE,97990;EPU_POLICY_INTEREST_RATE,129630;EPU_POLICY_INTEREST_RATE,129663;EPU_POLICY_INTEREST_RATE,130082;EPU_POLICY_INTEREST_RATE,130226;EPU_POLICY_INTEREST_RATE,132049;TAX_ETHNICITY_MAURITANIA,1693;TAX_ETHNICITY_MAURITANIA,2697;TAX_ETHNICITY_MAURITANIA,4659;TAX_ETHNICITY_MAURITANIA,9549;TAX_ETHNICITY_MAURITANIA,12181;TAX_ETHNICITY_MAURITANIA,15651;TAX_ETHNICITY_MAURITANIA,73679;TAX_ETHNICITY_MAURITANIA,74034;TAX_ETHNICITY_MAURITANIA,74089;TAX_ETHNICITY_MAURITANIA,103610;TAX_ETHNICITY_MAURITANIA,104488;TAX_ETHNICITY_MAURITANIA,104520;TAX_ETHNICITY_MAURITANIA,110725;TAX_ETHNICITY_MAURITANIA,111841;TAX_ETHNICITY_MAURITANIA,112577;TAX_ETHNICITY_MAURITANIA,112755;TAX_ETHNICITY_MAURITANIA,112913;TAX_ETHNICITY_MAURITANIA,113153;TAX_ETHNICITY_MAURITANIA,135549;TAX_ETHNICITY_MAURITANIA,135616;TAX_ETHNICITY_MAURITANIA,135681;TAX_ETHNICITY_MAURITANIA,135907;TAX_ETHNICITY_MAURITANIA,135961;TAX_ETHNICITY_MAURITANIA,136074;TAX_ETHNICITY_MAURITANIA,136236;TAX_ETHNICITY_MAURITANIA,136256;TAX_ETHNICITY_MAURITANIA,136598;TAX_ETHNICITY_MAURITANIA,137033;TAX_ETHNICITY_MAURITANIA,137261;TAX_ETHNICITY_MAURITANIA,137324;TAX_ETHNICITY_MAURITANIA,137547;TAX_ETHNICITY_MAURITANIA,139128;TAX_ETHNICITY_MAURITANIA,140754;TAX_ETHNICITY_MAURITANIA,145196;TAX_ETHNICITY_MAURITANIA,156636;TAX_ETHNICITY_MAURITANIA,156765;TAX_ETHNICITY_MAURITANIA,156788;TAX_ETHNICITY_MAURITANIA,156870;TAX_ETHNICITY_MAURITANIA,156893;TAX_ETHNICITY_MAURITANIA,157240;TAX_ETHNICITY_MAURITANIA,157263;TAX_ETHNICITY_MAURITANIA,157331;TAX_ETHNICITY_MAURITANIA,157354;TAX_ETHNICITY_MAURITANIA,157399;TAX_ETHNICITY_MAURITANIA,157437;DELAY,136616;TAX_DISEASE_DEFICIENCY,140178;TAX_FNCACT_OFFICIAL,137144;TAX_RELIGION_ISLAMIC,104465;TAX_WORLDLANGUAGES_SWEDISH,6681;TAX_WORLDLANGUAGES_SWEDISH,6733;TAX_WORLDLANGUAGES_SWEDISH,34491;TAX_WORLDLANGUAGES_SWEDISH,38805;TAX_WORLDLANGUAGES_SWEDISH,92452;TAX_WORLDLANGUAGES_SWEDISH,96610;TAX_WORLDLANGUAGES_SWEDISH,118642;TAX_WORLDLANGUAGES_SWEDISH,118809;TAX_WORLDLANGUAGES_SWEDISH,119265;TAX_WORLDLANGUAGES_SWEDISH,127914;ECON_WORLDCURRENCIES_AUSTRALIAN_DOLLARS,69126;ECON_WORLDCURRENCIES_AUSTRALIAN_DOLLARS,69713;ECON_WORLDCURRENCIES_AUSTRALIAN_DOLLARS,69846;TAX_FNCACT_DIRECTORS,2327;TAX_FNCACT_DIRECTORS,11948;TAX_FNCACT_DIRECTORS,12403;TAX_FNCACT_DIRECTORS,12751;TAX_FNCACT_DIRECTORS,12885;TAX_FNCACT_DIRECTORS,13913;TAX_FNCACT_DIRECTORS,13968;TAX_FNCACT_DIRECTORS,14260;TAX_FNCACT_DIRECTORS,15221;TAX_FNCACT_DIRECTORS,17649;TAX_FNCACT_DIRECTORS,18308;TAX_FNCACT_DIRECTORS,18424;TAX_FNCACT_DIRECTORS,18488;TAX_FNCACT_DIRECTORS,18735;TAX_FNCACT_DIRECTORS,20116;TAX_FNCACT_DIRECTORS,20335;TAX_FNCACT_DIRECTORS,22147;TAX_FNCACT_DIRECTORS,22230;TAX_FNCACT_DIRECTORS,23308;TAX_FNCACT_DIRECTORS,23345;TAX_FNCACT_DIRECTORS,23381;TAX_FNCACT_DIRECTORS,23593;TAX_FNCACT_DIRECTORS,23763;TAX_FNCACT_DIRECTORS,24326;TAX_FNCACT_DIRECTORS,24499;TAX_FNCACT_DIRECTORS,24668;TAX_FNCACT_DIRECTORS,24822;TAX_FNCACT_DIRECTORS,24848;TAX_FNCACT_DIRECTORS,24958;TAX_FNCACT_DIRECTORS,26042;TAX_FNCACT_DIRECTORS,26621;TAX_FNCACT_DIRECTORS,26948;TAX_FNCACT_DIRECTORS,27237;TAX_FNCACT_DIRECTORS,28559;TAX_FNCACT_DIRECTORS,28711;TAX_FNCACT_DIRECTORS,29199;TAX_FNCACT_DIRECTORS,29294;TAX_FNCACT_DIRECTORS,29597;TAX_FNCACT_DIRECTORS,29776;TAX_FNCACT_DIRECTORS,30275;TAX_FNCACT_DIRECTORS,31301;TAX_FNCACT_DIRECTORS,39937;TAX_FNCACT_DIRECTORS,40346;TAX_FNCACT_DIRECTORS,41024;TAX_FNCACT_DIRECTORS,44405;TAX_FNCACT_DIRECTORS,44625;TAX_FNCACT_DIRECTORS,48370;TAX_FNCACT_DIRECTORS,48900;TAX_FNCACT_DIRECTORS,49699;TAX_FNCACT_DIRECTORS,49857;TAX_FNCACT_DIRECTORS,50121;TAX_FNCACT_DIRECTORS,52390;TAX_FNCACT_DIRECTORS,53016;TAX_FNCACT_DIRECTORS,55865;TAX_FNCACT_DIRECTORS,55944;TAX_FNCACT_DIRECTORS,66067;TAX_FNCACT_DIRECTORS,66090;TAX_FNCACT_DIRECTORS,70792;TAX_FNCACT_DIRECTORS,72273;TAX_FNCACT_DIRECTORS,72315;TAX_FNCACT_DIRECTORS,73169;TAX_FNCACT_DIRECTORS,80137;TAX_FNCACT_DIRECTORS,80300;TAX_FNCACT_DIRECTORS,83164;TAX_FNCACT_DIRECTORS,83450;TAX_FNCACT_DIRECTORS,83623;TAX_FNCACT_DIRECTORS,84185;TAX_FNCACT_DIRECTORS,86622;TAX_FNCACT_DIRECTORS,89171;TAX_FNCACT_DIRECTORS,102583;TAX_FNCACT_DIRECTORS,112157;TAX_FNCACT_DIRECTORS,115769;TAX_FNCACT_DIRECTORS,118232;TAX_FNCACT_DIRECTORS,119666;TAX_FNCACT_DIRECTORS,119786;TAX_FNCACT_DIRECTORS,120303;TAX_FNCACT_DIRECTORS,121873;TAX_FNCACT_DIRECTORS,146135;TAX_FNCACT_DIRECTORS,146217;TAX_FNCACT_DIRECTORS,149116;TAX_FNCACT_DIRECTORS,149335;TAX_FNCACT_DIRECTORS,160276;TAX_FNCACT_DIRECTORS,160492;WB_720_TAX_AND_REVENUE_POLICY_AND_ADMINISTRATION,144873;EPU_POLICY_REGULATORY,7991;EPU_POLICY_REGULATORY,8441;EPU_POLICY_REGULATORY,8729;EPU_POLICY_REGULATORY,104959;WB_728_PUBLIC_SERVICE_DELIVERY,23085;WB_728_PUBLIC_SERVICE_DELIVERY,25364;WB_728_PUBLIC_SERVICE_DELIVERY,55294;WB_728_PUBLIC_SERVICE_DELIVERY,55348;WB_728_PUBLIC_SERVICE_DELIVERY,55520;WB_845_LEGAL_AND_REGULATORY_FRAMEWORK,23085;WB_845_LEGAL_AND_REGULATORY_FRAMEWORK,25364;WB_845_LEGAL_AND_REGULATORY_FRAMEWORK,55294;WB_845_LEGAL_AND_REGULATORY_FRAMEWORK,55348;WB_845_LEGAL_AND_REGULATORY_FRAMEWORK,55520;WB_410_BUSINESS_LAW_AND_REGULATION,23085;WB_410_BUSINESS_LAW_AND_REGULATION,25364;WB_410_BUSINESS_LAW_AND_REGULATION,55294;WB_410_BUSINESS_LAW_AND_REGULATION,55348;WB_410_BUSINESS_LAW_AND_REGULATION,55520;WB_417_CORPORATE_GOVERNANCE,23085;WB_417_CORPORATE_GOVERNANCE,25364;WB_417_CORPORATE_GOVERNANCE,55294;WB_417_CORPORATE_GOVERNANCE,55348;WB_417_CORPORATE_GOVERNANCE,55520;WB_515_POWER_SECTOR_POLICY_AND_INSTITUTIONS,23085;WB_515_POWER_SECTOR_POLICY_AND_INSTITUTIONS,25364;WB_515_POWER_SECTOR_POLICY_AND_INSTITUTIONS,55294;WB_515_POWER_SECTOR_POLICY_AND_INSTITUTIONS,55348;WB_515_POWER_SECTOR_POLICY_AND_INSTITUTIONS,55520;WB_519_UTILITIES_GOVERNANCE_AND_PERFORMANCE,23085;WB_519_UTILITIES_GOVERNANCE_AND_PERFORMANCE,25364;WB_519_UTILITIES_GOVERNANCE_AND_PERFORMANCE,55294;WB_519_UTILITIES_GOVERNANCE_AND_PERFORMANCE,55348;WB_519_UTILITIES_GOVERNANCE_AND_PERFORMANCE,55520;WB_847_COMPANY_AND_CORPORATE_LAW,23085;WB_847_COMPANY_AND_CORPORATE_LAW,25364;WB_847_COMPANY_AND_CORPORATE_LAW,55294;WB_847_COMPANY_AND_CORPORATE_LAW,55348;WB_847_COMPANY_AND_CORPORATE_LAW,55520;WB_332_CAPITAL_MARKETS,23085;WB_332_CAPITAL_MARKETS,25364;WB_332_CAPITAL_MARKETS,55294;WB_332_CAPITAL_MARKETS,55348;WB_332_CAPITAL_MARKETS,55520;WB_721_STATE_OWNED_ENTERPRISES,23085;WB_721_STATE_OWNED_ENTERPRISES,25364;WB_721_STATE_OWNED_ENTERPRISES,55294;WB_721_STATE_OWNED_ENTERPRISES,55348;WB_721_STATE_OWNED_ENTERPRISES,55520;TAX_FNCACT_CHIEF_EXECUTIVE_OFFICER,160340;TAX_FNCACT_ENGINEERS,34847;TAX_FNCACT_ENGINEERS,92806;ECON_WORLDCURRENCIES_UNITED_STATES_DOLLAR,127985;RESIGNATION,15872;RESIGNATION,19203;RESIGNATION,19748;RESIGNATION,20049;RESIGNATION,42866;RESIGNATION,43039;RESIGNATION,43478;RESIGNATION,44825;RESIGNATION,44972;RESIGNATION,45012;RESIGNATION,46905;RESIGNATION,47494;RESIGNATION,53981;RESIGNATION,148134;RECRUITMENT,33595;RECRUITMENT,91556;TAX_FNCACT_EXECUTIVE,955;TAX_FNCACT_EXECUTIVE,14061;TAX_FNCACT_EXECUTIVE,18258;TAX_FNCACT_EXECUTIVE,18478;TAX_FNCACT_EXECUTIVE,18522;TAX_FNCACT_EXECUTIVE,18570;TAX_FNCACT_EXECUTIVE,18615;TAX_FNCACT_EXECUTIVE,18660;TAX_FNCACT_EXECUTIVE,18704;TAX_FNCACT_EXECUTIVE,18725;TAX_FNCACT_EXECUTIVE,18770;TAX_FNCACT_EXECUTIVE,19284;TAX_FNCACT_EXECUTIVE,19303;TAX_FNCACT_EXECUTIVE,19351;TAX_FNCACT_EXECUTIVE,19481;TAX_FNCACT_EXECUTIVE,20325;TAX_FNCACT_EXECUTIVE,22403;TAX_FNCACT_EXECUTIVE,22823;TAX_FNCACT_EXECUTIVE,23118;TAX_FNCACT_EXECUTIVE,23139;TAX_FNCACT_EXECUTIVE,23190;TAX_FNCACT_EXECUTIVE,23930;TAX_FNCACT_EXECUTIVE,24812;TAX_FNCACT_EXECUTIVE,24838;TAX_FNCACT_EXECUTIVE,24971;TAX_FNCACT_EXECUTIVE,25025;TAX_FNCACT_EXECUTIVE,25165;TAX_FNCACT_EXECUTIVE,25290;TAX_FNCACT_EXECUTIVE,25512;TAX_FNCACT_EXECUTIVE,25619;TAX_FNCACT_EXECUTIVE,26111;TAX_FNCACT_EXECUTIVE,26182;TAX_FNCACT_EXECUTIVE,26303;TAX_FNCACT_EXECUTIVE,26611;TAX_FNCACT_EXECUTIVE,40336;TAX_FNCACT_EXECUTIVE,41014;TAX_FNCACT_EXECUTIVE,42885;TAX_FNCACT_EXECUTIVE,42949;TAX_FNCACT_EXECUTIVE,42971;TAX_FNCACT_EXECUTIVE,44395;TAX_FNCACT_EXECUTIVE,44615;TAX_FNCACT_EXECUTIVE,44880;TAX_FNCACT_EXECUTIVE,44902;TAX_FNCACT_EXECUTIVE,45580;TAX_FNCACT_EXECUTIVE,45646;TAX_FNCACT_EXECUTIVE,45669;TAX_FNCACT_EXECUTIVE,46231;TAX_FNCACT_EXECUTIVE,46250;TAX_FNCACT_EXECUTIVE,51086;TAX_FNCACT_EXECUTIVE,54168;TAX_FNCACT_EXECUTIVE,55977;TAX_FNCACT_EXECUTIVE,121885;TAX_FNCACT_EXECUTIVE,146147;TAX_FNCACT_EXECUTIVE,146229;TAX_FNCACT_EXECUTIVE,146814;TAX_FNCACT_EXECUTIVE,160332;TAX_FNCACT_EXECUTIVE,160525;ENV_MINING,3784;ENV_MINING,4464;ENV_MINING,4707;ENV_MINING,4785;ENV_MINING,4973;ENV_MINING,5024;ENV_MINING,5279;ENV_MINING,6688;ENV_MINING,6740;ENV_MINING,23439;ENV_MINING,110844;ENV_MINING,113051;ENV_MINING,116216;ENV_MINING,116267;ENV_MINING,116522;ENV_MINING,118649;ENV_MINING,119020;ENV_MINING,119187;ENV_MINING,119217;ENV_MINING,135655;ENV_MINING,135935;ENV_MINING,135986;ENV_MINING,136048;ENV_MINING,136498;ENV_MINING,145042;ENV_MINING,145105;ENV_MINING,156817;ENV_MINING,157279;TAX_FNCACT_MANAGERS,33698;TAX_FNCACT_MANAGERS,33715;TAX_FNCACT_MANAGERS,91659;TAX_FNCACT_MANAGERS,91676;TAX_ECON_PRICE,13111;TAX_ECON_PRICE,13126;TAX_ECON_PRICE,13711;TAX_ECON_PRICE,22695;TAX_ECON_PRICE,27080;TAX_ECON_PRICE,27552;TAX_ECON_PRICE,28061;TAX_ECON_PRICE,28807;TAX_ECON_PRICE,29448;TAX_ECON_PRICE,30595;TAX_ECON_PRICE,30642;TAX_ECON_PRICE,30824;TAX_ECON_PRICE,31006;TAX_ECON_PRICE,31126;TAX_ECON_PRICE,31587;TAX_ECON_PRICE,31634;TAX_ECON_PRICE,31816;TAX_ECON_PRICE,31998;TAX_ECON_PRICE,32118;TAX_ECON_PRICE,32325;TAX_ECON_PRICE,32415;TAX_ECON_PRICE,35235;TAX_ECON_PRICE,35316;TAX_ECON_PRICE,36097;TAX_ECON_PRICE,36298;TAX_ECON_PRICE,36591;TAX_ECON_PRICE,36706;TAX_ECON_PRICE,36768;TAX_ECON_PRICE,36886;TAX_ECON_PRICE,36966;TAX_ECON_PRICE,39143;TAX_ECON_PRICE,39230;TAX_ECON_PRICE,39283;TAX_ECON_PRICE,39429;TAX_ECON_PRICE,39630;TAX_ECON_PRICE,42394;TAX_ECON_PRICE,50830;TAX_ECON_PRICE,54878;TAX_ECON_PRICE,83268;TAX_ECON_PRICE,84506;TAX_ECON_PRICE,84553;TAX_ECON_PRICE,84755;TAX_ECON_PRICE,84955;TAX_ECON_PRICE,85427;TAX_ECON_PRICE,85469;TAX_ECON_PRICE,86908;TAX_ECON_PRICE,86955;TAX_ECON_PRICE,87157;TAX_ECON_PRICE,87357;TAX_ECON_PRICE,88587;TAX_ECON_PRICE,88994;TAX_ECON_PRICE,89048;TAX_ECON_PRICE,89144;TAX_ECON_PRICE,89427;TAX_ECON_PRICE,89454;TAX_ECON_PRICE,90256;TAX_ECON_PRICE,90366;TAX_ECON_PRICE,93192;TAX_ECON_PRICE,93273;TAX_ECON_PRICE,94053;TAX_ECON_PRICE,94254;TAX_ECON_PRICE,94547;TAX_ECON_PRICE,94662;TAX_ECON_PRICE,94724;TAX_ECON_PRICE,94842;TAX_ECON_PRICE,94922;TAX_ECON_PRICE,96947;TAX_ECON_PRICE,97034;TAX_ECON_PRICE,97087;TAX_ECON_PRICE,97233;TAX_ECON_PRICE,97434;TAX_ECON_PRICE,97746;TAX_ECON_PRICE,97861;TAX_ECON_PRICE,97923;TAX_ECON_PRICE,98042;TAX_ECON_PRICE,98122;TAX_ECON_PRICE,98468;TAX_ECON_PRICE,123151;TAX_ECON_PRICE,124105;TAX_ECON_PRICE,124236;TAX_ECON_PRICE,125031;WB_312_INTERNATIONAL_FINANCIAL_STANDARDS,67146;WB_312_INTERNATIONAL_FINANCIAL_STANDARDS,67324;WB_312_INTERNATIONAL_FINANCIAL_STANDARDS,160201;CRISISLEX_O02_RESPONSEAGENCIESATCRISIS,4429;TAX_ETHNICITY_INDIGENOUS,110695;ETH_INDIGINOUS,110695;EPU_POLICY_POLICY,4177;EPU_POLICY_POLICY,9008;EPU_POLICY_POLICY,20244;EPU_POLICY_POLICY,20385;EPU_POLICY_POLICY,25734;EPU_POLICY_POLICY,65245;EPU_POLICY_POLICY,65280;EPU_POLICY_POLICY,76768;EPU_POLICY_POLICY,78274;EPU_POLICY_POLICY,81344;EPU_POLICY_POLICY,82554;EPU_POLICY_POLICY,101065;EPU_POLICY_POLICY,102809;EPU_POLICY_POLICY,103418;EPU_POLICY_POLICY,105635;EPU_POLICY_POLICY,107778;EPU_POLICY_POLICY,113744;EPU_POLICY_POLICY,120625;EPU_POLICY_POLICY,126905;TAX_FNCACT_CHIEF,15881;TAX_FNCACT_CHIEF,16106;TAX_FNCACT_CHIEF,18854;TAX_FNCACT_CHIEF,18903;TAX_FNCACT_CHIEF,18978;TAX_FNCACT_CHIEF,19757;TAX_FNCACT_CHIEF,43487;TAX_FNCACT_CHIEF,45021;TAX_FNCACT_CHIEF,46298;TAX_FNCACT_CHIEF,46870;TAX_FNCACT_CHIEF,73370;TAX_FNCACT_CHIEF,148143;TAX_FNCACT_CHIEF,148368;TAX_FNCACT_CHIEF,160322;TAX_FNCACT_CHIEF,160348;NEGOTIATIONS,71770;WB_840_JUSTICE,71770;WB_2473_DIPLOMACY_AND_NEGOTIATIONS,71770;WB_939_NEGOTIATION,71770;WB_2470_PEACE_OPERATIONS_AND_CONFLICT_MANAGEMENT,71770;WB_936_ALTERNATIVE_DISPUTE_RESOLUTION,71770;WB_843_DISPUTE_RESOLUTION,71770;WB_2471_PEACEKEEPING,71770;EPU_POLICY_POLITICAL,8864;EPU_POLICY_POLITICAL,9689;EPU_POLICY_POLITICAL,9795;EPU_POLICY_POLITICAL,10037;WB_554_MINING_POLICY_LAWS_AND_REGULATIONS,119192;WB_2048_COMPENSATION_CAREERS_AND_INCENTIVES,20279;WB_2048_COMPENSATION_CAREERS_AND_INCENTIVES,25525;WB_2048_COMPENSATION_CAREERS_AND_INCENTIVES,27339;WB_2048_COMPENSATION_CAREERS_AND_INCENTIVES,48200;WB_2048_COMPENSATION_CAREERS_AND_INCENTIVES,48439;WB_2048_COMPENSATION_CAREERS_AND_INCENTIVES,48516;WB_2048_COMPENSATION_CAREERS_AND_INCENTIVES,49640;WB_2048_COMPENSATION_CAREERS_AND_INCENTIVES,49735;WB_2048_COMPENSATION_CAREERS_AND_INCENTIVES,50760;WB_2048_COMPENSATION_CAREERS_AND_INCENTIVES,50870;WB_2048_COMPENSATION_CAREERS_AND_INCENTIVES,51913;WB_2048_COMPENSATION_CAREERS_AND_INCENTIVES,110885;WB_2048_COMPENSATION_CAREERS_AND_INCENTIVES,145805;WB_2048_COMPENSATION_CAREERS_AND_INCENTIVES,146160;WB_2048_COMPENSATION_CAREERS_AND_INCENTIVES,146242;WB_723_PUBLIC_ADMINISTRATION,20279;WB_723_PUBLIC_ADMINISTRATION,25525;WB_723_PUBLIC_ADMINISTRATION,27339;WB_723_PUBLIC_ADMINISTRATION,48200;WB_723_PUBLIC_ADMINISTRATION,48439;WB_723_PUBLIC_ADMINISTRATION,48516;WB_723_PUBLIC_ADMINISTRATION,49640;WB_723_PUBLIC_ADMINISTRATION,49735;WB_723_PUBLIC_ADMINISTRATION,50760;WB_723_PUBLIC_ADMINISTRATION,50870;WB_723_PUBLIC_ADMINISTRATION,51913;WB_723_PUBLIC_ADMINISTRATION,110885;WB_723_PUBLIC_ADMINISTRATION,145805;WB_723_PUBLIC_ADMINISTRATION,146160;WB_723_PUBLIC_ADMINISTRATION,146242;WB_724_HUMAN_RESOURCES_FOR_PUBLIC_SECTOR,20279;WB_724_HUMAN_RESOURCES_FOR_PUBLIC_SECTOR,25525;WB_724_HUMAN_RESOURCES_FOR_PUBLIC_SECTOR,27339;WB_724_HUMAN_RESOURCES_FOR_PUBLIC_SECTOR,48200;WB_724_HUMAN_RESOURCES_FOR_PUBLIC_SECTOR,48439;WB_724_HUMAN_RESOURCES_FOR_PUBLIC_SECTOR,48516;WB_724_HUMAN_RESOURCES_FOR_PUBLIC_SECTOR,49640;WB_724_HUMAN_RESOURCES_FOR_PUBLIC_SECTOR,49735;WB_724_HUMAN_RESOURCES_FOR_PUBLIC_SECTOR,50760;WB_724_HUMAN_RESOURCES_FOR_PUBLIC_SECTOR,50870;WB_724_HUMAN_RESOURCES_FOR_PUBLIC_SECTOR,51913;WB_724_HUMAN_RESOURCES_FOR_PUBLIC_SECTOR,110885;WB_724_HUMAN_RESOURCES_FOR_PUBLIC_SECTOR,145805;WB_724_HUMAN_RESOURCES_FOR_PUBLIC_SECTOR,146160;WB_724_HUMAN_RESOURCES_FOR_PUBLIC_SECTOR,146242;EPU_POLICY_LEGISLATION,34503;EPU_POLICY_LEGISLATION,38817;EPU_POLICY_LEGISLATION,80282;EPU_POLICY_LEGISLATION,80393;EPU_POLICY_LEGISLATION,92464;EPU_POLICY_LEGISLATION,96622;EPU_POLICY_LEGISLATION,119648;EPU_POLICY_LEGISLATION,158478;EPU_POLICY_LEGISLATION,158807;TAX_FNCACT_MANAGING_DIRECTOR,18816;TAX_FNCACT_MANAGING_DIRECTOR,43064;TAX_FNCACT_MANAGING_DIRECTOR,47473;TAX_FNCACT_MANAGING_DIRECTOR,53944;TAX_FNCACT_MANAGING_DIRECTOR,54006;TAX_FNCACT_MANAGING_DIRECTOR,147394;GENERAL_GOVERNMENT,6043;GENERAL_GOVERNMENT,99110;GENERAL_GOVERNMENT,99853;GENERAL_GOVERNMENT,100600;GENERAL_GOVERNMENT,104946;GENERAL_GOVERNMENT,113609;GENERAL_GOVERNMENT,117286;GENERAL_GOVERNMENT,118820;GENERAL_GOVERNMENT,131021;GENERAL_GOVERNMENT,144480;EPU_POLICY_GOVERNMENT,6043;EPU_POLICY_GOVERNMENT,99110;EPU_POLICY_GOVERNMENT,99853;EPU_POLICY_GOVERNMENT,100600;EPU_POLICY_GOVERNMENT,104946;EPU_POLICY_GOVERNMENT,113609;EPU_POLICY_GOVERNMENT,117286;EPU_POLICY_GOVERNMENT,118820;EPU_POLICY_GOVERNMENT,131021;EPU_POLICY_GOVERNMENT,144480;WB_1078_DETERMINANTS_OF_GROWTH,25489;WB_1081_FINANCE_AND_GROWTH,25489;WB_863_FDI_SPILLOVERS,25489;WB_678_DIGITAL_GOVERNMENT,532;WB_670_ICT_SECURITY,532;WB_2372_AUTHENTICATION_AND_AUTHORIZATION,532;WB_133_INFORMATION_AND_COMMUNICATION_TECHNOLOGIES,532;WB_1973_FINANCIAL_RISK_REDUCTION,11460;WB_1973_FINANCIAL_RISK_REDUCTION,13900;WB_1973_FINANCIAL_RISK_REDUCTION,14411;WB_1973_FINANCIAL_RISK_REDUCTION,14516;WB_1973_FINANCIAL_RISK_REDUCTION,76230;WB_435_AGRICULTURE_AND_FOOD_SECURITY,11460;WB_435_AGRICULTURE_AND_FOOD_SECURITY,13900;WB_435_AGRICULTURE_AND_FOOD_SECURITY,14411;WB_435_AGRICULTURE_AND_FOOD_SECURITY,14516;WB_435_AGRICULTURE_AND_FOOD_SECURITY,76230;WB_337_INSURANCE,11460;WB_337_INSURANCE,13900;WB_337_INSURANCE,14411;WB_337_INSURANCE,14516;WB_337_INSURANCE,76230;WB_1967_AGRICULTURAL_RISK_AND_SECURITY,11460;WB_1967_AGRICULTURAL_RISK_AND_SECURITY,13900;WB_1967_AGRICULTURAL_RISK_AND_SECURITY,14411;WB_1967_AGRICULTURAL_RISK_AND_SECURITY,14516;WB_1967_AGRICULTURAL_RISK_AND_SECURITY,76230;TAX_MILITARY_TITLE_OFFICER,15899;TAX_MILITARY_TITLE_OFFICER,16124;TAX_MILITARY_TITLE_OFFICER,18874;TAX_MILITARY_TITLE_OFFICER,18921;TAX_MILITARY_TITLE_OFFICER,18996;TAX_MILITARY_TITLE_OFFICER,19775;TAX_MILITARY_TITLE_OFFICER,43505;TAX_MILITARY_TITLE_OFFICER,45039;TAX_MILITARY_TITLE_OFFICER,46318;TAX_MILITARY_TITLE_OFFICER,46888;TAX_MILITARY_TITLE_OFFICER,148161;TAX_MILITARY_TITLE_OFFICER,148386;TAX_MILITARY_TITLE_OFFICER,160340;TAX_MILITARY_TITLE_OFFICER,160366;TAX_FNCACT_OFFICER,15899;TAX_FNCACT_OFFICER,16124;TAX_FNCACT_OFFICER,18874;TAX_FNCACT_OFFICER,18921;TAX_FNCACT_OFFICER,18996;TAX_FNCACT_OFFICER,19775;TAX_FNCACT_OFFICER,43505;TAX_FNCACT_OFFICER,45039;TAX_FNCACT_OFFICER,46318;TAX_FNCACT_OFFICER,46888;TAX_FNCACT_OFFICER,148161;TAX_FNCACT_OFFICER,148386;TAX_FNCACT_OFFICER,160340;TAX_FNCACT_OFFICER,160366;WB_1921_PRIVATE_SECTOR_DEVELOPMENT,4900;WB_1921_PRIVATE_SECTOR_DEVELOPMENT,5114;WB_1921_PRIVATE_SECTOR_DEVELOPMENT,5292;WB_1921_PRIVATE_SECTOR_DEVELOPMENT,5487;WB_1921_PRIVATE_SECTOR_DEVELOPMENT,6360;WB_1921_PRIVATE_SECTOR_DEVELOPMENT,34678;WB_1921_PRIVATE_SECTOR_DEVELOPMENT,92639;WB_1921_PRIVATE_SECTOR_DEVELOPMENT,114183;WB_1921_PRIVATE_SECTOR_DEVELOPMENT,115612;WB_1921_PRIVATE_SECTOR_DEVELOPMENT,116191;WB_1921_PRIVATE_SECTOR_DEVELOPMENT,116357;WB_1921_PRIVATE_SECTOR_DEVELOPMENT,116535;WB_1921_PRIVATE_SECTOR_DEVELOPMENT,116730;WB_1921_PRIVATE_SECTOR_DEVELOPMENT,117601;WB_1921_PRIVATE_SECTOR_DEVELOPMENT,119165;WB_405_BUSINESS_CLIMATE,4900;WB_405_BUSINESS_CLIMATE,5114;WB_405_BUSINESS_CLIMATE,5292;WB_405_BUSINESS_CLIMATE,5487;WB_405_BUSINESS_CLIMATE,6360;WB_405_BUSINESS_CLIMATE,34678;WB_405_BUSINESS_CLIMATE,92639;WB_405_BUSINESS_CLIMATE,114183;WB_405_BUSINESS_CLIMATE,115612;WB_405_BUSINESS_CLIMATE,116191;WB_405_BUSINESS_CLIMATE,116357;WB_405_BUSINESS_CLIMATE,116535;WB_405_BUSINESS_CLIMATE,116730;WB_405_BUSINESS_CLIMATE,117601;WB_405_BUSINESS_CLIMATE,119165;WB_2531_INSPECTIONS_LICENSING_AND_PERMITS,4900;WB_2531_INSPECTIONS_LICENSING_AND_PERMITS,5114;WB_2531_INSPECTIONS_LICENSING_AND_PERMITS,5292;WB_2531_INSPECTIONS_LICENSING_AND_PERMITS,5487;WB_2531_INSPECTIONS_LICENSING_AND_PERMITS,6360;WB_2531_INSPECTIONS_LICENSING_AND_PERMITS,34678;WB_2531_INSPECTIONS_LICENSING_AND_PERMITS,92639;WB_2531_INSPECTIONS_LICENSING_AND_PERMITS,114183;WB_2531_INSPECTIONS_LICENSING_AND_PERMITS,115612;WB_2531_INSPECTIONS_LICENSING_AND_PERMITS,116191;WB_2531_INSPECTIONS_LICENSING_AND_PERMITS,116357;WB_2531_INSPECTIONS_LICENSING_AND_PERMITS,116535;WB_2531_INSPECTIONS_LICENSING_AND_PERMITS,116730;WB_2531_INSPECTIONS_LICENSING_AND_PERMITS,117601;WB_2531_INSPECTIONS_LICENSING_AND_PERMITS,119165;WB_2530_BUSINESS_ENVIRONMENT,4900;WB_2530_BUSINESS_ENVIRONMENT,5114;WB_2530_BUSINESS_ENVIRONMENT,5292;WB_2530_BUSINESS_ENVIRONMENT,5487;WB_2530_BUSINESS_ENVIRONMENT,6360;WB_2530_BUSINESS_ENVIRONMENT,34678;WB_2530_BUSINESS_ENVIRONMENT,92639;WB_2530_BUSINESS_ENVIRONMENT,114183;WB_2530_BUSINESS_ENVIRONMENT,115612;WB_2530_BUSINESS_ENVIRONMENT,116191;WB_2530_BUSINESS_ENVIRONMENT,116357;WB_2530_BUSINESS_ENVIRONMENT,116535;WB_2530_BUSINESS_ENVIRONMENT,116730;WB_2530_BUSINESS_ENVIRONMENT,117601;WB_2530_BUSINESS_ENVIRONMENT,119165;TAX_FNCACT_DIRECTOR,2304;TAX_FNCACT_DIRECTOR,14049;TAX_FNCACT_DIRECTOR,17370;TAX_FNCACT_DIRECTOR,18240;TAX_FNCACT_DIRECTOR,18531;TAX_FNCACT_DIRECTOR,18579;TAX_FNCACT_DIRECTOR,18624;TAX_FNCACT_DIRECTOR,18669;TAX_FNCACT_DIRECTOR,18713;TAX_FNCACT_DIRECTOR,18816;TAX_FNCACT_DIRECTOR,19070;TAX_FNCACT_DIRECTOR,19150;TAX_FNCACT_DIRECTOR,23127;TAX_FNCACT_DIRECTOR,23148;TAX_FNCACT_DIRECTOR,23199;TAX_FNCACT_DIRECTOR,23939;TAX_FNCACT_DIRECTOR,23980;TAX_FNCACT_DIRECTOR,24020;TAX_FNCACT_DIRECTOR,24167;TAX_FNCACT_DIRECTOR,42894;TAX_FNCACT_DIRECTOR,43064;TAX_FNCACT_DIRECTOR,47473;TAX_FNCACT_DIRECTOR,51518;TAX_FNCACT_DIRECTOR,53073;TAX_FNCACT_DIRECTOR,53944;TAX_FNCACT_DIRECTOR,54006;TAX_FNCACT_DIRECTOR,55845;TAX_FNCACT_DIRECTOR,66712;TAX_FNCACT_DIRECTOR,80450;TAX_FNCACT_DIRECTOR,89617;TAX_FNCACT_DIRECTOR,140491;TAX_FNCACT_DIRECTOR,146391;TAX_FNCACT_DIRECTOR,146496;TAX_FNCACT_DIRECTOR,146649;TAX_FNCACT_DIRECTOR,146834;TAX_FNCACT_DIRECTOR,147394;TAX_FNCACT_DIRECTOR,159182;TAX_FNCACT_DIRECTOR,159212;TAX_MILITARY_TITLE_SUPERINTENDENT,33579;TAX_MILITARY_TITLE_SUPERINTENDENT,91540;TAX_FNCACT_SUPERINTENDENT,33579;TAX_FNCACT_SUPERINTENDENT,91540;ECON_WORLDCURRENCIES_BRITISH_POUNDS,127958;WB_2203_HUMAN_RIGHTS,52144;WB_2203_HUMAN_RIGHTS,77062;WB_2203_HUMAN_RIGHTS,105382;WB_2482_RECONCILIATION,52144;WB_2482_RECONCILIATION,77062;WB_2482_RECONCILIATION,105382;WB_2519_RESPONSES_TO_HUMAN_RIGHTS_ABUSES,52144;WB_2519_RESPONSES_TO_HUMAN_RIGHTS_ABUSES,77062;WB_2519_RESPONSES_TO_HUMAN_RIGHTS_ABUSES,105382;TAX_FNCACT_EXECUTIVE_OFFICER,160340;TAX_MILITARY_TITLE_SUPERINTENDENTS,33738;TAX_MILITARY_TITLE_SUPERINTENDENTS,91699;TAX_FNCACT_SUPERINTENDENTS,33738;TAX_FNCACT_SUPERINTENDENTS,91699;TAX_FNCACT_VENDOR,71118;TAX_FNCACT_INVESTOR,1032;TAX_FNCACT_INVESTOR,53861;TAX_FNCACT_INVESTOR,76265;TAX_FNCACT_INVESTOR,105158;TAX_FNCACT_INVESTOR,126956;TAX_FNCACT_INVESTOR,147443;CORRUPTION,8977;CORRUPTION,9117;ECON_CURRENCY_RESERVES,70085;ECON_CURRENCY_RESERVES,70127;TAX_FNCACT_GENERAL_MANAGER,33552;TAX_FNCACT_GENERAL_MANAGER,91513;EPU_UNCERTAINTY,72531;TAX_FNCACT_REPRESENTATIVE,157549;SLFID_MINERAL_RESOURCES,7543;TAX_FNCACT_EXECUTIVES,13981;TAX_FNCACT_EXECUTIVES,14273;TAX_FNCACT_EXECUTIVES,18321;TAX_FNCACT_EXECUTIVES,18437;TAX_FNCACT_EXECUTIVES,20348;TAX_FNCACT_EXECUTIVES,21093;TAX_FNCACT_EXECUTIVES,21595;TAX_FNCACT_EXECUTIVES,21734;TAX_FNCACT_EXECUTIVES,21873;TAX_FNCACT_EXECUTIVES,22160;TAX_FNCACT_EXECUTIVES,22243;TAX_FNCACT_EXECUTIVES,22752;TAX_FNCACT_EXECUTIVES,25817;TAX_FNCACT_EXECUTIVES,25873;TAX_FNCACT_EXECUTIVES,26541;TAX_FNCACT_EXECUTIVES,26644;TAX_FNCACT_EXECUTIVES,26971;TAX_FNCACT_EXECUTIVES,27250;TAX_FNCACT_EXECUTIVES,28572;TAX_FNCACT_EXECUTIVES,28724;TAX_FNCACT_EXECUTIVES,29307;TAX_FNCACT_EXECUTIVES,29610;TAX_FNCACT_EXECUTIVES,29789;TAX_FNCACT_EXECUTIVES,30288;TAX_FNCACT_EXECUTIVES,45247;TAX_FNCACT_EXECUTIVES,83463;TAX_FNCACT_EXECUTIVES,83636;TAX_FNCACT_EXECUTIVES,84198;TAX_FNCACT_ADVISERS,158689;WB_1502_EDUCATIONAL_DECENTRALIZATION,6701;WB_1502_EDUCATIONAL_DECENTRALIZATION,6753;WB_1502_EDUCATIONAL_DECENTRALIZATION,118662;WB_1502_EDUCATIONAL_DECENTRALIZATION,119284;WB_470_EDUCATION,6701;WB_470_EDUCATION,6753;WB_470_EDUCATION,118662;WB_470_EDUCATION,119284;WB_2140_INSPECTORATE,6701;WB_2140_INSPECTORATE,6753;WB_2140_INSPECTORATE,118662;WB_2140_INSPECTORATE,119284;WB_1497_EDUCATION_MANAGEMENT_AND_ADMINISTRATION,6701;WB_1497_EDUCATION_MANAGEMENT_AND_ADMINISTRATION,6753;WB_1497_EDUCATION_MANAGEMENT_AND_ADMINISTRATION,118662;WB_1497_EDUCATION_MANAGEMENT_AND_ADMINISTRATION,119284;TRANSPARENCY,25548;TAX_FNCACT_PRODUCER,1852;ECON_STOCKMARKET,66309;ECON_STOCKMARKET,66371;EPU_CATS_MIGRATION_FEAR_FEAR,70236;EPU_CATS_MIGRATION_FEAR_FEAR,70301;EPU_CATS_MIGRATION_FEAR_FEAR,70867;EPU_CATS_MIGRATION_FEAR_FEAR,72409;EPU_CATS_MIGRATION_FEAR_FEAR,72631;EPU_CATS_MIGRATION_FEAR_FEAR,73000;EPU_CATS_MIGRATION_FEAR_FEAR,127266;APPOINTMENT,16077;APPOINTMENT,19468;APPOINTMENT,148339;ECON_WORLDCURRENCIES_DOLLARS,69126;ECON_WORLDCURRENCIES_DOLLARS,69713;ECON_WORLDCURRENCIES_DOLLARS,69846;WB_315_INTERNATIONAL_ACCOUNTING_STANDARDS,160253;WB_1458_HEALTH_PROMOTION_AND_DISEASE_PREVENTION,3253;WB_1458_HEALTH_PROMOTION_AND_DISEASE_PREVENTION,56361;WB_1458_HEALTH_PROMOTION_AND_DISEASE_PREVENTION,63167;WB_1458_HEALTH_PROMOTION_AND_DISEASE_PREVENTION,68297;WB_1458_HEALTH_PROMOTION_AND_DISEASE_PREVENTION,74900;WB_1458_HEALTH_PROMOTION_AND_DISEASE_PREVENTION,75548;WB_1458_HEALTH_PROMOTION_AND_DISEASE_PREVENTION,77423;WB_1458_HEALTH_PROMOTION_AND_DISEASE_PREVENTION,108348;WB_1458_HEALTH_PROMOTION_AND_DISEASE_PREVENTION,110120;WB_1458_HEALTH_PROMOTION_AND_DISEASE_PREVENTION,111005;WB_1458_HEALTH_PROMOTION_AND_DISEASE_PREVENTION,111534;WB_1458_HEALTH_PROMOTION_AND_DISEASE_PREVENTION,111813;WB_1458_HEALTH_PROMOTION_AND_DISEASE_PREVENTION,112450;WB_1458_HEALTH_PROMOTION_AND_DISEASE_PREVENTION,112609;WB_1458_HEALTH_PROMOTION_AND_DISEASE_PREVENTION,115295;WB_1458_HEALTH_PROMOTION_AND_DISEASE_PREVENTION,115941;WB_1458_HEALTH_PROMOTION_AND_DISEASE_PREVENTION,116039;WB_1458_HEALTH_PROMOTION_AND_DISEASE_PREVENTION,116070;WB_1458_HEALTH_PROMOTION_AND_DISEASE_PREVENTION,141172;WB_1458_HEALTH_PROMOTION_AND_DISEASE_PREVENTION,152340;WB_1458_HEALTH_PROMOTION_AND_DISEASE_PREVENTION,152629;WB_1458_HEALTH_PROMOTION_AND_DISEASE_PREVENTION,152726;WB_1458_HEALTH_PROMOTION_AND_DISEASE_PREVENTION,152997;WB_1458_HEALTH_PROMOTION_AND_DISEASE_PREVENTION,153122;WB_1458_HEALTH_PROMOTION_AND_DISEASE_PREVENTION,153266;WB_1458_HEALTH_PROMOTION_AND_DISEASE_PREVENTION,154032;WB_1458_HEALTH_PROMOTION_AND_DISEASE_PREVENTION,154185;WB_1458_HEALTH_PROMOTION_AND_DISEASE_PREVENTION,154302;WB_1458_HEALTH_PROMOTION_AND_DISEASE_PREVENTION,154493;WB_1458_HEALTH_PROMOTION_AND_DISEASE_PREVENTION,154534;WB_1458_HEALTH_PROMOTION_AND_DISEASE_PREVENTION,154607;WB_1458_HEALTH_PROMOTION_AND_DISEASE_PREVENTION,154722;WB_1458_HEALTH_PROMOTION_AND_DISEASE_PREVENTION,155365;WB_635_PUBLIC_HEALTH,3253;WB_635_PUBLIC_HEALTH,56361;WB_635_PUBLIC_HEALTH,63167;WB_635_PUBLIC_HEALTH,68297;WB_635_PUBLIC_HEALTH,74900;WB_635_PUBLIC_HEALTH,75548;WB_635_PUBLIC_HEALTH,77423;WB_635_PUBLIC_HEALTH,108348;WB_635_PUBLIC_HEALTH,110120;WB_635_PUBLIC_HEALTH,111005;WB_635_PUBLIC_HEALTH,111534;WB_635_PUBLIC_HEALTH,111813;WB_635_PUBLIC_HEALTH,112450;WB_635_PUBLIC_HEALTH,112609;WB_635_PUBLIC_HEALTH,115295;WB_635_PUBLIC_HEALTH,115941;WB_635_PUBLIC_HEALTH,116039;WB_635_PUBLIC_HEALTH,116070;WB_635_PUBLIC_HEALTH,141172;WB_635_PUBLIC_HEALTH,152340;WB_635_PUBLIC_HEALTH,152629;WB_635_PUBLIC_HEALTH,152726;WB_635_PUBLIC_HEALTH,152997;WB_635_PUBLIC_HEALTH,153122;WB_635_PUBLIC_HEALTH,153266;WB_635_PUBLIC_HEALTH,154032;WB_635_PUBLIC_HEALTH,154185;WB_635_PUBLIC_HEALTH,154302;WB_635_PUBLIC_HEALTH,154493;WB_635_PUBLIC_HEALTH,154534;WB_635_PUBLIC_HEALTH,154607;WB_635_PUBLIC_HEALTH,154722;WB_635_PUBLIC_HEALTH,155365;WB_1464_HEALTH_OF_THE_DISABLED,3253;WB_1464_HEALTH_OF_THE_DISABLED,56361;WB_1464_HEALTH_OF_THE_DISABLED,63167;WB_1464_HEALTH_OF_THE_DISABLED,68297;WB_1464_HEALTH_OF_THE_DISABLED,74900;WB_1464_HEALTH_OF_THE_DISABLED,75548;WB_1464_HEALTH_OF_THE_DISABLED,77423;WB_1464_HEALTH_OF_THE_DISABLED,108348;WB_1464_HEALTH_OF_THE_DISABLED,110120;WB_1464_HEALTH_OF_THE_DISABLED,111005;WB_1464_HEALTH_OF_THE_DISABLED,111534;WB_1464_HEALTH_OF_THE_DISABLED,111813;WB_1464_HEALTH_OF_THE_DISABLED,112450;WB_1464_HEALTH_OF_THE_DISABLED,112609;WB_1464_HEALTH_OF_THE_DISABLED,115295;WB_1464_HEALTH_OF_THE_DISABLED,115941;WB_1464_HEALTH_OF_THE_DISABLED,116039;WB_1464_HEALTH_OF_THE_DISABLED,116070;WB_1464_HEALTH_OF_THE_DISABLED,141172;WB_1464_HEALTH_OF_THE_DISABLED,152340;WB_1464_HEALTH_OF_THE_DISABLED,152629;WB_1464_HEALTH_OF_THE_DISABLED,152726;WB_1464_HEALTH_OF_THE_DISABLED,152997;WB_1464_HEALTH_OF_THE_DISABLED,153122;WB_1464_HEALTH_OF_THE_DISABLED,153266;WB_1464_HEALTH_OF_THE_DISABLED,154032;WB_1464_HEALTH_OF_THE_DISABLED,154185;WB_1464_HEALTH_OF_THE_DISABLED,154302;WB_1464_HEALTH_OF_THE_DISABLED,154493;WB_1464_HEALTH_OF_THE_DISABLED,154534;WB_1464_HEALTH_OF_THE_DISABLED,154607;WB_1464_HEALTH_OF_THE_DISABLED,154722;WB_1464_HEALTH_OF_THE_DISABLED,155365;WB_621_HEALTH_NUTRITION_AND_POPULATION,3253;WB_621_HEALTH_NUTRITION_AND_POPULATION,56361;WB_621_HEALTH_NUTRITION_AND_POPULATION,63167;WB_621_HEALTH_NUTRITION_AND_POPULATION,68297;WB_621_HEALTH_NUTRITION_AND_POPULATION,74900;WB_621_HEALTH_NUTRITION_AND_POPULATION,75548;WB_621_HEALTH_NUTRITION_AND_POPULATION,77423;WB_621_HEALTH_NUTRITION_AND_POPULATION,108348;WB_621_HEALTH_NUTRITION_AND_POPULATION,110120;WB_621_HEALTH_NUTRITION_AND_POPULATION,111005;WB_621_HEALTH_NUTRITION_AND_POPULATION,111534;WB_621_HEALTH_NUTRITION_AND_POPULATION,111813;WB_621_HEALTH_NUTRITION_AND_POPULATION,112450;WB_621_HEALTH_NUTRITION_AND_POPULATION,112609;WB_621_HEALTH_NUTRITION_AND_POPULATION,115295;WB_621_HEALTH_NUTRITION_AND_POPULATION,115941;WB_621_HEALTH_NUTRITION_AND_POPULATION,116039;WB_621_HEALTH_NUTRITION_AND_POPULATION,116070;WB_621_HEALTH_NUTRITION_AND_POPULATION,141172;WB_621_HEALTH_NUTRITION_AND_POPULATION,152340;WB_621_HEALTH_NUTRITION_AND_POPULATION,152629;WB_621_HEALTH_NUTRITION_AND_POPULATION,152726;WB_621_HEALTH_NUTRITION_AND_POPULATION,152997;WB_621_HEALTH_NUTRITION_AND_POPULATION,153122;WB_621_HEALTH_NUTRITION_AND_POPULATION,153266;WB_621_HEALTH_NUTRITION_AND_POPULATION,154032;WB_621_HEALTH_NUTRITION_AND_POPULATION,154185;WB_621_HEALTH_NUTRITION_AND_POPULATION,154302;WB_621_HEALTH_NUTRITION_AND_POPULATION,154493;WB_621_HEALTH_NUTRITION_AND_POPULATION,154534;WB_621_HEALTH_NUTRITION_AND_POPULATION,154607;WB_621_HEALTH_NUTRITION_AND_POPULATION,154722;WB_621_HEALTH_NUTRITION_AND_POPULATION,155365;USPEC_POLICY1,749;USPEC_POLICY1,12236;EPU_POLICY_REGULATION,749;EPU_POLICY_REGULATION,12236;EPU_CATS_REGULATION,749;EPU_CATS_REGULATION,12236;WB_2960_INDIGENOUS_PEOPLES,110702;WB_421_SOCIAL_INCLUSION,110702;WB_899_SOCIAL_SAFEGUARDS,110702;WB_749_INDIGENOUS_PEOPLES,110702;WB_933_ETHNIC_RELIGIOUS_AND_OTHER_MINORITIES,110702;WB_134_SOCIAL_DEVELOPMENT,110702;IDEOLOGY,22272;TAX_FNCACT_BOARD_MEMBERS,25804;REBELLION,9783;WB_539_OIL_AND_GAS_POLICY_STRATEGY_AND_INSTITUTIONS,114510;WB_2273_UPSTREAM_OIL_AND_GAS,114510;WB_2300_EXPLORATORY_DRILLING,114510;TAX_ETHNICITY_AUSTRALIAN,1023;TAX_ETHNICITY_AUSTRALIAN,15566;TAX_ETHNICITY_AUSTRALIAN,66303;TAX_ETHNICITY_AUSTRALIAN,67039;TAX_ETHNICITY_AUSTRALIAN,67087;TAX_ETHNICITY_AUSTRALIAN,69118;TAX_ETHNICITY_AUSTRALIAN,69705;TAX_ETHNICITY_AUSTRALIAN,69838;TAX_ETHNICITY_AUSTRALIAN,127722;TAX_ETHNICITY_AUSTRALIAN,128467;TAX_ETHNICITY_AUSTRALIAN,140557;TAX_ETHNICITY_AUSTRALIAN,149208;TAX_ETHNICITY_AUSTRALIAN,149576;TAX_ETHNICITY_AUSTRALIAN,156364;TAX_ETHNICITY_AUSTRALIAN,156522;TAX_ETHNICITY_AUSTRALIAN,156698;TAX_ETHNICITY_AUSTRALIAN,156982;TAX_ETHNICITY_AUSTRALIAN,157074;TAX_ETHNICITY_AUSTRALIAN,157165;TAX_ETHNICITY_AUSTRALIAN,157628;TAX_ETHNICITY_AUSTRALIAN,158406;TAX_ETHNICITY_AUSTRALIAN,158916;WB_1045_TREASURY,131754;TAX_FNCACT_ADVISER,1124;ECON_DEBT,11082;ECON_DEBT,71451;ECON_DEBT,71669;ECON_DEBT,71842;ECON_DEBT,72111;WB_1104_MACROECONOMIC_VULNERABILITY_AND_DEBT,11082;WB_1104_MACROECONOMIC_VULNERABILITY_AND_DEBT,71451;WB_1104_MACROECONOMIC_VULNERABILITY_AND_DEBT,71669;WB_1104_MACROECONOMIC_VULNERABILITY_AND_DEBT,71842;WB_1104_MACROECONOMIC_VULNERABILITY_AND_DEBT,72111;WB_450_DEBT,11082;WB_450_DEBT,71451;WB_450_DEBT,71669;WB_450_DEBT,71842;WB_450_DEBT,72111;WB_2433_CONFLICT_AND_VIOLENCE,21028;WB_2432_FRAGILITY_CONFLICT_AND_VIOLENCE,21028;WB_1245_FINANCIAL_VULNERABILITY_AND_RISKS,10116;WB_1245_FINANCIAL_VULNERABILITY_AND_RISKS,127348;WB_318_FINANCIAL_ARCHITECTURE_AND_BANKING,10116;WB_318_FINANCIAL_ARCHITECTURE_AND_BANKING,127348;WB_1247_MARKET_RISKS,10116;WB_1247_MARKET_RISKS,127348;WB_1920_FINANCIAL_SECTOR_DEVELOPMENT,10116;WB_1920_FINANCIAL_SECTOR_DEVELOPMENT,127348;EPU_POLICY_INTEREST_RATES,127454;EPU_POLICY_INTEREST_RATES,129770;EPU_POLICY_INTEREST_RATES,129893;EPU_POLICY_INTEREST_RATES,130511;EPU_CATS_MONETARY_POLICY,127454;EPU_CATS_MONETARY_POLICY,129770;EPU_CATS_MONETARY_POLICY,129893;EPU_CATS_MONETARY_POLICY,130511;WB_2737_EMPLOYEE_BENEFITS,56173;WB_2737_EMPLOYEE_BENEFITS,58828;WB_2737_EMPLOYEE_BENEFITS,59023;WB_2737_EMPLOYEE_BENEFITS,63611;WB_2737_EMPLOYEE_BENEFITS,82091;WB_2737_EMPLOYEE_BENEFITS,82417;WB_2737_EMPLOYEE_BENEFITS,82590;WB_2737_EMPLOYEE_BENEFITS,82716;WB_2737_EMPLOYEE_BENEFITS,141063;WB_2737_EMPLOYEE_BENEFITS,142855;WB_2737_EMPLOYEE_BENEFITS,143025;WB_2737_EMPLOYEE_BENEFITS,145862;TAX_FNCACT_DECISION_MAKER,73395;LEADER,16152;LEADER,18950;LEADER,148414;TAX_FNCACT_PRESIDENT,16152;TAX_FNCACT_PRESIDENT,18950;TAX_FNCACT_PRESIDENT,148414;USPEC_POLITICS_GENERAL1,16152;USPEC_POLITICS_GENERAL1,18950;USPEC_POLITICS_GENERAL1,148414;TAX_FNCACT_EXECUTIVE_DIRECTOR,18531;TAX_FNCACT_EXECUTIVE_DIRECTOR,18579;TAX_FNCACT_EXECUTIVE_DIRECTOR,18624;TAX_FNCACT_EXECUTIVE_DIRECTOR,18669;TAX_FNCACT_EXECUTIVE_DIRECTOR,18713;TAX_FNCACT_EXECUTIVE_DIRECTOR,23127;TAX_FNCACT_EXECUTIVE_DIRECTOR,23148;TAX_FNCACT_EXECUTIVE_DIRECTOR,23199;TAX_FNCACT_EXECUTIVE_DIRECTOR,23939;TAX_FNCACT_EXECUTIVE_DIRECTOR,42894;WB_716_MANAGING_PUBLIC_FINANCES,34801;WB_716_MANAGING_PUBLIC_FINANCES,92760;WB_713_PUBLIC_FINANCE,34801;WB_713_PUBLIC_FINANCE,92760;WB_2065_EXTERNAL_AUDIT,34801;WB_2065_EXTERNAL_AUDIT,92760;TAX_FNCACT_EMPLOYEES,4241;TAX_FNCACT_EMPLOYEES,9187;TAX_FNCACT_EMPLOYEES,9337;TAX_FNCACT_EMPLOYEES,20360;TAX_FNCACT_EMPLOYEES,27266;TAX_FNCACT_EMPLOYEES,43986;TAX_FNCACT_EMPLOYEES,82264;TAX_FNCACT_EMPLOYEES,98595;TAX_FNCACT_EMPLOYEES,99998;TAX_FNCACT_EMPLOYEES,101155;TAX_FNCACT_EMPLOYEES,102196;TAX_FNCACT_EMPLOYEES,126302;MANMADE_DISASTER_IMPLIED,1775;MANMADE_DISASTER_IMPLIED,32853;MANMADE_DISASTER_IMPLIED,33111;MANMADE_DISASTER_IMPLIED,33154;MANMADE_DISASTER_IMPLIED,34149;MANMADE_DISASTER_IMPLIED,34215;MANMADE_DISASTER_IMPLIED,34995;MANMADE_DISASTER_IMPLIED,37926;MANMADE_DISASTER_IMPLIED,37969;MANMADE_DISASTER_IMPLIED,38405;MANMADE_DISASTER_IMPLIED,38466;MANMADE_DISASTER_IMPLIED,38561;MANMADE_DISASTER_IMPLIED,38711;MANMADE_DISASTER_IMPLIED,90814;MANMADE_DISASTER_IMPLIED,91072;MANMADE_DISASTER_IMPLIED,91115;MANMADE_DISASTER_IMPLIED,92110;MANMADE_DISASTER_IMPLIED,92176;MANMADE_DISASTER_IMPLIED,92952;MANMADE_DISASTER_IMPLIED,95731;MANMADE_DISASTER_IMPLIED,95774;MANMADE_DISASTER_IMPLIED,96210;MANMADE_DISASTER_IMPLIED,96271;MANMADE_DISASTER_IMPLIED,96366;MANMADE_DISASTER_IMPLIED,96516;MANMADE_DISASTER_IMPLIED,98766;MANMADE_DISASTER_IMPLIED,98809;MANMADE_DISASTER_IMPLIED,99127;MANMADE_DISASTER_IMPLIED,99332;MANMADE_DISASTER_IMPLIED,99454;MANMADE_DISASTER_IMPLIED,99499;MANMADE_DISASTER_IMPLIED,99870;MANMADE_DISASTER_IMPLIED,100069;MANMADE_DISASTER_IMPLIED,100192;MANMADE_DISASTER_IMPLIED,100237;MANMADE_DISASTER_IMPLIED,100617;ECON_TAXATION,2908;ECON_TAXATION,8765;ECON_TAXATION,56649;ECON_TAXATION,56704;ECON_TAXATION,56748;ECON_TAXATION,57274;ECON_TAXATION,57346;ECON_TAXATION,58164;ECON_TAXATION,60182;ECON_TAXATION,60333;ECON_TAXATION,60631;ECON_TAXATION,61629;ECON_TAXATION,61780;ECON_TAXATION,62093;ECON_TAXATION,62981;ECON_TAXATION,68881;ECON_TAXATION,77033;ECON_TAXATION,77076;ECON_TAXATION,77090;ECON_TAXATION,77142;ECON_TAXATION,77189;ECON_TAXATION,77221;ECON_TAXATION,77277;ECON_TAXATION,77706;ECON_TAXATION,77757;ECON_TAXATION,77825;ECON_TAXATION,77849;ECON_TAXATION,77887;ECON_TAXATION,77944;ECON_TAXATION,78016;ECON_TAXATION,78032;ECON_TAXATION,78113;ECON_TAXATION,78291;ECON_TAXATION,78335;ECON_TAXATION,78428;ECON_TAXATION,78491;ECON_TAXATION,78566;ECON_TAXATION,78599;ECON_TAXATION,78644;ECON_TAXATION,78897;ECON_TAXATION,78924;ECON_TAXATION,79072;ECON_TAXATION,79084;ECON_TAXATION,79210;ECON_TAXATION,79285;ECON_TAXATION,79496;ECON_TAXATION,79518;ECON_TAXATION,79602;ECON_TAXATION,79629;ECON_TAXATION,79779;ECON_TAXATION,80417;ECON_TAXATION,80495;ECON_TAXATION,81837;ECON_TAXATION,103154;ECON_TAXATION,103436;ECON_TAXATION,120520;ECON_TAXATION,122414;ECON_TAXATION,129239;ECON_TAXATION,137974;ECON_TAXATION,141486;ECON_TAXATION,141541;ECON_TAXATION,141581;ECON_TAXATION,144862;ECON_TAXATION,152442;ECON_TAXATION,152467;ECON_TAXATION,157423;ECON_TAXATION,157632;ECON_TAXATION,157977;ECON_TAXATION,158042;ECON_TAXATION,158092;ECON_TAXATION,158136;ECON_TAXATION,158313;ECON_TAXATION,158410;ECON_TAXATION,158536;ECON_TAXATION,158572;ECON_TAXATION,158601;ECON_TAXATION,158680;ECON_TAXATION,158752;ECON_TAXATION,158795;ECON_TAXATION,158920;ECON_TAXATION,159104;EPU_POLICY_TAX,2908;EPU_POLICY_TAX,8765;EPU_POLICY_TAX,56649;EPU_POLICY_TAX,56704;EPU_POLICY_TAX,56748;EPU_POLICY_TAX,57274;EPU_POLICY_TAX,57346;EPU_POLICY_TAX,58164;EPU_POLICY_TAX,60182;EPU_POLICY_TAX,60333;EPU_POLICY_TAX,60631;EPU_POLICY_TAX,61629;EPU_POLICY_TAX,61780;EPU_POLICY_TAX,62093;EPU_POLICY_TAX,62981;EPU_POLICY_TAX,68881;EPU_POLICY_TAX,77033;EPU_POLICY_TAX,77076;EPU_POLICY_TAX,77090;EPU_POLICY_TAX,77142;EPU_POLICY_TAX,77189;EPU_POLICY_TAX,77221;EPU_POLICY_TAX,77277;EPU_POLICY_TAX,77706;EPU_POLICY_TAX,77757;EPU_POLICY_TAX,77825;EPU_POLICY_TAX,77849;EPU_POLICY_TAX,77887;EPU_POLICY_TAX,77944;EPU_POLICY_TAX,78016;EPU_POLICY_TAX,78032;EPU_POLICY_TAX,78113;EPU_POLICY_TAX,78291;EPU_POLICY_TAX,78335;EPU_POLICY_TAX,78428;EPU_POLICY_TAX,78491;EPU_POLICY_TAX,78566;EPU_POLICY_TAX,78599;EPU_POLICY_TAX,78644;EPU_POLICY_TAX,78897;EPU_POLICY_TAX,78924;EPU_POLICY_TAX,79072;EPU_POLICY_TAX,79084;EPU_POLICY_TAX,79210;EPU_POLICY_TAX,79285;EPU_POLICY_TAX,79496;EPU_POLICY_TAX,79518;EPU_POLICY_TAX,79602;EPU_POLICY_TAX,79629;EPU_POLICY_TAX,79779;EPU_POLICY_TAX,80417;EPU_POLICY_TAX,80495;EPU_POLICY_TAX,81837;EPU_POLICY_TAX,103154;EPU_POLICY_TAX,103436;EPU_POLICY_TAX,120520;EPU_POLICY_TAX,122414;EPU_POLICY_TAX,129239;EPU_POLICY_TAX,137974;EPU_POLICY_TAX,141486;EPU_POLICY_TAX,141541;EPU_POLICY_TAX,141581;EPU_POLICY_TAX,144862;EPU_POLICY_TAX,152442;EPU_POLICY_TAX,152467;EPU_POLICY_TAX,157423;EPU_POLICY_TAX,157632;EPU_POLICY_TAX,157977;EPU_POLICY_TAX,158042;EPU_POLICY_TAX,158092;EPU_POLICY_TAX,158136;EPU_POLICY_TAX,158313;EPU_POLICY_TAX,158410;EPU_POLICY_TAX,158536;EPU_POLICY_TAX,158572;EPU_POLICY_TAX,158601;EPU_POLICY_TAX,158680;EPU_POLICY_TAX,158752;EPU_POLICY_TAX,158795;EPU_POLICY_TAX,158920;EPU_POLICY_TAX,159104;EPU_CATS_TAXES,2908;EPU_CATS_TAXES,8765;EPU_CATS_TAXES,56649;EPU_CATS_TAXES,56704;EPU_CATS_TAXES,56748;EPU_CATS_TAXES,57274;EPU_CATS_TAXES,57346;EPU_CATS_TAXES,58164;EPU_CATS_TAXES,60182;EPU_CATS_TAXES,60333;EPU_CATS_TAXES,60631;EPU_CATS_TAXES,61629;EPU_CATS_TAXES,61780;EPU_CATS_TAXES,62093;EPU_CATS_TAXES,62981;EPU_CATS_TAXES,68881;EPU_CATS_TAXES,77033;EPU_CATS_TAXES,77076;EPU_CATS_TAXES,77090;EPU_CATS_TAXES,77142;EPU_CATS_TAXES,77189;EPU_CATS_TAXES,77221;EPU_CATS_TAXES,77277;EPU_CATS_TAXES,77706;EPU_CATS_TAXES,77757;EPU_CATS_TAXES,77825;EPU_CATS_TAXES,77849;EPU_CATS_TAXES,77887;EPU_CATS_TAXES,77944;EPU_CATS_TAXES,78016;EPU_CATS_TAXES,78032;EPU_CATS_TAXES,78113;EPU_CATS_TAXES,78291;EPU_CATS_TAXES,78335;EPU_CATS_TAXES,78428;EPU_CATS_TAXES,78491;EPU_CATS_TAXES,78566;EPU_CATS_TAXES,78599;EPU_CATS_TAXES,78644;EPU_CATS_TAXES,78897;EPU_CATS_TAXES,78924;EPU_CATS_TAXES,79072;EPU_CATS_TAXES,79084;EPU_CATS_TAXES,79210;EPU_CATS_TAXES,79285;EPU_CATS_TAXES,79496;EPU_CATS_TAXES,79518;EPU_CATS_TAXES,79602;EPU_CATS_TAXES,79629;EPU_CATS_TAXES,79779;EPU_CATS_TAXES,80417;EPU_CATS_TAXES,80495;EPU_CATS_TAXES,81837;EPU_CATS_TAXES,103154;EPU_CATS_TAXES,103436;EPU_CATS_TAXES,120520;EPU_CATS_TAXES,122414;EPU_CATS_TAXES,129239;EPU_CATS_TAXES,137974;EPU_CATS_TAXES,141486;EPU_CATS_TAXES,141541;EPU_CATS_TAXES,141581;EPU_CATS_TAXES,144862;EPU_CATS_TAXES,152442;EPU_CATS_TAXES,152467;EPU_CATS_TAXES,157423;EPU_CATS_TAXES,157632;EPU_CATS_TAXES,157977;EPU_CATS_TAXES,158042;EPU_CATS_TAXES,158092;EPU_CATS_TAXES,158136;EPU_CATS_TAXES,158313;EPU_CATS_TAXES,158410;EPU_CATS_TAXES,158536;EPU_CATS_TAXES,158572;EPU_CATS_TAXES,158601;EPU_CATS_TAXES,158680;EPU_CATS_TAXES,158752;EPU_CATS_TAXES,158795;EPU_CATS_TAXES,158920;EPU_CATS_TAXES,159104;TAX_FNCACT_PRINCIPAL,2527;TAX_FNCACT_PRINCIPAL,2554;TAX_FNCACT_PRINCIPAL,66417;TAX_FNCACT_PRINCIPAL,66671;TAX_FNCACT_PRINCIPAL,107284;TAX_FNCACT_PRINCIPAL,109402;TAX_FNCACT_PRINCIPAL,152315;CRISISLEX_T11_UPDATESSYMPATHY,104831;WB_1893_TAX_LAW,78649;WB_1893_TAX_LAW,79089;WB_856_WAGES,82600;WB_1654_ACTIVE_LABOR_MARKET_POLICIES,82600;WB_2745_JOB_QUALITY_AND_LABOR_MARKET_PERFORMANCE,30420;WB_2745_JOB_QUALITY_AND_LABOR_MARKET_PERFORMANCE,31412;WB_2745_JOB_QUALITY_AND_LABOR_MARKET_PERFORMANCE,40091;WB_2745_JOB_QUALITY_AND_LABOR_MARKET_PERFORMANCE,41401;WB_2745_JOB_QUALITY_AND_LABOR_MARKET_PERFORMANCE,42357;WB_2745_JOB_QUALITY_AND_LABOR_MARKET_PERFORMANCE,43202;WB_2745_JOB_QUALITY_AND_LABOR_MARKET_PERFORMANCE,45232;WB_2745_JOB_QUALITY_AND_LABOR_MARKET_PERFORMANCE,45727;WB_2745_JOB_QUALITY_AND_LABOR_MARKET_PERFORMANCE,46184;WB_2745_JOB_QUALITY_AND_LABOR_MARKET_PERFORMANCE,46395;WB_2745_JOB_QUALITY_AND_LABOR_MARKET_PERFORMANCE,46843;WB_2745_JOB_QUALITY_AND_LABOR_MARKET_PERFORMANCE,46986;WB_2745_JOB_QUALITY_AND_LABOR_MARKET_PERFORMANCE,47434;WB_2745_JOB_QUALITY_AND_LABOR_MARKET_PERFORMANCE,47575;WB_2745_JOB_QUALITY_AND_LABOR_MARKET_PERFORMANCE,48019;WB_2745_JOB_QUALITY_AND_LABOR_MARKET_PERFORMANCE,51686;WB_2745_JOB_QUALITY_AND_LABOR_MARKET_PERFORMANCE,53839;WB_2745_JOB_QUALITY_AND_LABOR_MARKET_PERFORMANCE,84413;WB_2745_JOB_QUALITY_AND_LABOR_MARKET_PERFORMANCE,86815;WB_2745_JOB_QUALITY_AND_LABOR_MARKET_PERFORMANCE,145953;WB_2748_EMPLOYMENT,30420;WB_2748_EMPLOYMENT,31412;WB_2748_EMPLOYMENT,40091;WB_2748_EMPLOYMENT,41401;WB_2748_EMPLOYMENT,42357;WB_2748_EMPLOYMENT,43202;WB_2748_EMPLOYMENT,45232;WB_2748_EMPLOYMENT,45727;WB_2748_EMPLOYMENT,46184;WB_2748_EMPLOYMENT,46395;WB_2748_EMPLOYMENT,46843;WB_2748_EMPLOYMENT,46986;WB_2748_EMPLOYMENT,47434;WB_2748_EMPLOYMENT,47575;WB_2748_EMPLOYMENT,48019;WB_2748_EMPLOYMENT,51686;WB_2748_EMPLOYMENT,53839;WB_2748_EMPLOYMENT,84413;WB_2748_EMPLOYMENT,86815;WB_2748_EMPLOYMENT,145953;CRISISLEX_C07_SAFETY,13080;CRISISLEX_C07_SAFETY,58345;CRISISLEX_C07_SAFETY,64008;CRISISLEX_C07_SAFETY,103367;CRISISLEX_C07_SAFETY,104338;CRISISLEX_C07_SAFETY,104362;CRISISLEX_C07_SAFETY,142395;TAX_FNCACT_AUDITOR,14645;TAX_FNCACT_AUDITOR,14725;TAX_FNCACT_AUDITOR,14838;TAX_FNCACT_AUDITOR,14999;TAX_FNCACT_AUDITOR,55673;TAX_FNCACT_AUDITOR,55722;ECON_WORLDCURRENCIES_SOUTH_AFRICAN_RAND,128010;WB_449_FISCAL_RISKS,139313;WB_449_FISCAL_RISKS,139363;WB_449_FISCAL_RISKS,145013;WB_1145_CONTINGENT_LIABILITIES,139313;WB_1145_CONTINGENT_LIABILITIES,139363;WB_1145_CONTINGENT_LIABILITIES,145013;"
20260930034500-154,20260930034500,timeslive.co.za,https://www.timeslive.co.za/opinion/2026-09-30-editorial-use-your-vote-to-wipe-out-corruption-collusion-and-greed/,"LEGISLATION,3130;LEGISLATION,4800;EPU_POLICY_LAW,3130;EPU_POLICY_LAW,4800;SOC_USSECURITYAGENCIES,789;WB_2433_CONFLICT_AND_VIOLENCE,4408;WB_2432_FRAGILITY_CONFLICT_AND_VIOLENCE,4408;UNGP_CRIME_VIOLENCE,4408;TAX_FNCACT_MINISTER,2043;TAX_FNCACT_MINISTER,2170;AFFECT,3836;SICKENED,3836;TAX_FNCACT_OFFICERS,669;TAX_FNCACT_OFFICERS,1818;SECURITY_SERVICES,854;SECURITY_SERVICES,1809;SECURITY_SERVICES,2341;SECURITY_SERVICES,2899;SECURITY_SERVICES,3418;SECURITY_SERVICES,3783;TAX_FNCACT_POLICE,854;TAX_FNCACT_POLICE,1809;TAX_FNCACT_POLICE,2341;TAX_FNCACT_POLICE,2899;TAX_FNCACT_POLICE,3418;TAX_FNCACT_POLICE,3783;CRISISLEX_C07_SAFETY,854;CRISISLEX_C07_SAFETY,1809;CRISISLEX_C07_SAFETY,2341;CRISISLEX_C07_SAFETY,2899;CRISISLEX_C07_SAFETY,3418;CRISISLEX_C07_SAFETY,3783;TAX_FNCACT_LEADERS,5374;SOC_POINTSOFINTEREST_POLICE_STATION,2349;SOC_POINTSOFINTEREST_POLICE_STATION,3426;GRIEVANCES,3705;TAX_FNCACT_CRIMINAL,1245;TAX_FNCACT_MAGISTRATE,576;TAX_RELIGION_CHURCHES,3917;TAX_TERROR_GROUP_SOUTH_AFRICAN_NATIONAL_DEFENCE_FORCE,2484;TAX_FNCACT_ROBBERS,2824;CORRUPTION,2101;CORRUPTION,5425;TRIAL,603;ARREST,2870;TRANSPARENCY,3603;TAX_FNCACT_VETERANS,2034;ECON_MONEYLAUNDERING,2125;WB_2076_MONEY_LAUNDERING,2125;WB_1920_FINANCIAL_SECTOR_DEVELOPMENT,2125;WB_328_FINANCIAL_INTEGRITY,2125;SOC_GENERALCRIME,647;EPU_CATS_MIGRATION_FEAR_FEAR,647;TAX_FNCACT_CHAMPION,3588;TAX_FNCACT_WOMAN,151;WB_168_ROADS_AND_HIGHWAYS,2927;WB_135_TRANSPORT,2927;WB_1809_HIGHWAYS,2927;WB_1803_TRANSPORT_INFRASTRUCTURE,2927;TERROR,1783;TAX_FNCACT_HITMEN,1783;TAX_FNCACT_DEPUTY,2737;USPEC_POLITICS_GENERAL1,4071;CONSTITUTIONAL,5012;WOUND,4180;WOUND,4262;TAX_ETHNICITY_ZULU,474;NATURAL_DISASTER_EROSION,3562;NATURAL_DISASTER_EROSION,3857;NATURAL_DISASTER_EROSION,4834;CRIME_COMMON_ROBBERY,753;CRIME_COMMON_ROBBERY,3047;TAX_WEAPONS_GUNS,2998;ARMEDCONFLICT,628;WB_696_PUBLIC_SECTOR_MANAGEMENT,1155;WB_840_JUSTICE,1155;WB_1014_CRIMINAL_JUSTICE,1155;TAX_FNCACT_SECRETARY,1197;TAX_FNCACT_SECRETARY,4459;TAX_FNCACT_CONTRACTOR,2511;TAX_FNCACT_BOSS,1371;TAX_FNCACT_WOMEN,3739;TAX_FNCACT_LEADER,1093;TAX_FNCACT_CITIZENS,3498;KILL,315;KILL,2839;KILL,4054;CRISISLEX_CRISISLEXREC,315;CRISISLEX_CRISISLEXREC,2839;CRISISLEX_CRISISLEXREC,4054;CRISISLEX_T02_INJURED,315;CRISISLEX_T02_INJURED,2839;CRISISLEX_T02_INJURED,4054;CRISISLEX_T03_DEAD,315;CRISISLEX_T03_DEAD,2839;CRISISLEX_T03_DEAD,4054;WB_2019_ANTI_CORRUPTION_LEGISLATION,3793;WB_2019_ANTI_CORRUPTION_LEGISLATION,5437;WB_831_GOVERNANCE,3793;WB_831_GOVERNANCE,5437;WB_832_ANTI_CORRUPTION,3793;WB_832_ANTI_CORRUPTION,5437;WB_2020_BRIBERY_FRAUD_AND_COLLUSION,3793;WB_2020_BRIBERY_FRAUD_AND_COLLUSION,5437;MANMADE_DISASTER_IMPLIED,354;TAX_FNCACT_ATTORNEY,901;"
20260930034500-211,20260930034500,citizen.co.za,https://www.citizen.co.za/news/south-africa/crime/over-100-illegal-miners-arrested-gauteng-pre-dawn-blitz/,"TAX_WORLDMAMMALS_DRILL,2197;SECURITY_SERVICES,65;SECURITY_SERVICES,447;SECURITY_SERVICES,757;SECURITY_SERVICES,1637;TAX_FNCACT_POLICE,65;TAX_FNCACT_POLICE,447;TAX_FNCACT_POLICE,757;TAX_FNCACT_POLICE,1637;CRISISLEX_C07_SAFETY,65;CRISISLEX_C07_SAFETY,447;CRISISLEX_C07_SAFETY,757;CRISISLEX_C07_SAFETY,1637;TAX_MILITARY_TITLE_OFFICERS,620;TAX_FNCACT_OFFICERS,620;UNREST_CRACKDOWN,1284;IMMIGRATION,611;IMMIGRATION,2089;WB_2670_JOBS,611;WB_2670_JOBS,2089;WB_2769_JOBS_STRATEGIES,611;WB_2769_JOBS_STRATEGIES,2089;WB_2837_IMMIGRATION,611;WB_2837_IMMIGRATION,2089;WB_2836_MIGRATION_POLICIES_AND_JOBS,611;WB_2836_MIGRATION_POLICIES_AND_JOBS,2089;EPU_CATS_MIGRATION_FEAR_MIGRATION,611;EPU_CATS_MIGRATION_FEAR_MIGRATION,2089;TAX_WEAPONS_PISTOL,918;WB_2936_GOLD,1060;WB_507_ENERGY_AND_EXTRACTIVES,1060;WB_895_MINING_SYSTEMS,1060;WB_1699_METAL_ORE_MINING,1060;TAX_FNCACT_CRIMINAL,230;TAX_FNCACT_MAGISTRATE,2317;TAX_TERROR_GROUP_SOUTH_AFRICAN_NATIONAL_DEFENCE_FORCE,535;TAX_FNCACT_MINERS,112;WB_137_WATER,2210;ARREST,83;CRISISLEX_CRISISLEXREC,83;TAX_FNCACT_SPOKESPERSON,770;SEIZE,120;UNGP_CRIME_VIOLENCE,214;TAX_WEAPONS_EXPLOSIVES,2248;ENV_MINING,276;ENV_MINING,1011;ENV_MINING,1141;ENV_MINING,1750;ENV_MINING,2047;ENV_MINING,2070;SOC_GENERALCRIME,578;EPU_CATS_MIGRATION_FEAR_FEAR,578;MILITARY,76;MILITARY,1648;TAX_MILITARY_TITLE_SOLDIERS,76;TAX_MILITARY_TITLE_SOLDIERS,1648;TAX_FNCACT_SOLDIERS,76;TAX_FNCACT_SOLDIERS,1648;WB_2024_ANTI_CORRUPTION_AUTHORITIES,592;WB_696_PUBLIC_SECTOR_MANAGEMENT,592;WB_840_JUSTICE,592;WB_2025_INVESTIGATION,592;WB_831_GOVERNANCE,592;WB_832_ANTI_CORRUPTION,592;WB_1014_CRIMINAL_JUSTICE,592;TAX_WEAPONS_FIREARMS,131;TAX_WEAPONS_FIREARMS,843;USPEC_POLICY1,284;USPEC_POLICY1,1445;EPU_ECONOMY,284;EPU_ECONOMY,1445;EPU_ECONOMY_HISTORIC,284;EPU_ECONOMY_HISTORIC,1445;TAX_MILITARY_TITLE_COLONEL,778;TAX_FNCACT_COLONEL,778;TAX_WEAPONS_PISTOLS,865;"
20260929151500-17,20260929151500,investegate.co.uk,https://www.investegate.co.uk/announcement/rns/schroder-european-real-estate-investment-trust--sere/dividend-currency-exchange-rate-sa-rand-/9797020,"TAX_FNCACT_INVESTOR,1716;ECON_HOUSING_PRICES,107;ECON_HOUSING_PRICES,1327;ECON_STOCKMARKET,2031;TAX_FNCACT_SECRETARY,1689;ECON_WORLDCURRENCIES_EURO,522;ECON_TAXATION,575;ECON_TAXATION,821;ECON_TAXATION,949;ECON_TAXATION,1655;USPEC_POLICY1,575;USPEC_POLICY1,821;USPEC_POLICY1,949;USPEC_POLICY1,1655;EPU_POLICY_TAX,575;EPU_POLICY_TAX,821;EPU_POLICY_TAX,949;EPU_POLICY_TAX,1655;EPU_CATS_TAXES,575;EPU_CATS_TAXES,821;EPU_CATS_TAXES,949;EPU_CATS_TAXES,1655;ECON_WORLDCURRENCIES_SOUTH_AFRICAN_RAND,66;WB_696_PUBLIC_SECTOR_MANAGEMENT,1202;WB_696_PUBLIC_SECTOR_MANAGEMENT,1268;WB_713_PUBLIC_FINANCE,1202;WB_713_PUBLIC_FINANCE,1268;WB_1045_TREASURY,1202;WB_1045_TREASURY,1268;ECON_CURRENCY_EXCHANGE_RATE,47;ECON_CURRENCY_EXCHANGE_RATE,259;ECON_CURRENCY_EXCHANGE_RATE,402;ECON_CURRENCY_EXCHANGE_RATE,466;EPU_CATS_SOVEREIGN_DEBT_CURRENCY_CRISES,47;EPU_CATS_SOVEREIGN_DEBT_CURRENCY_CRISES,259;EPU_CATS_SOVEREIGN_DEBT_CURRENCY_CRISES,402;EPU_CATS_SOVEREIGN_DEBT_CURRENCY_CRISES,466;"
20260929150000-535,20260929150000,cnbcafrica.com,https://www.cnbcafrica.com/2026/south-african-rand-steady-as-markets-weigh-mixed-economic-data,"GENERAL_HEALTH,330;MEDICAL,330;ECON_WORLDCURRENCIES_SOUTH_AFRICAN_RAND,18;ECON_WORLDCURRENCIES_SOUTH_AFRICAN_RAND,189;WB_2936_GOLD,271;WB_507_ENERGY_AND_EXTRACTIVES,271;WB_895_MINING_SYSTEMS,271;WB_1699_METAL_ORE_MINING,271;EPU_ECONOMY,298;EPU_ECONOMY_HISTORIC,298;ECON_GOLDPRICE,278;ENV_OIL,250;TAX_ECON_PRICE,257;TAX_ECON_PRICE,278;ECON_OILPRICE,257;USPEC_POLICY1,356;"
20260929143000-490,20260929143000,timeslive.co.za,https://www.timeslive.co.za/news/south-africa/2026-09-29-more-than-100-suspected-illegal-miners-arrested-in-fochville/,"TAX_FNCACT_SPOKESPERSON,469;ENV_MINING,78;ENV_MINING,944;ENV_MINING,1073;TAX_FNCACT_MINERS,204;IMMIGRATION,626;WB_2670_JOBS,626;WB_2769_JOBS_STRATEGIES,626;WB_2837_IMMIGRATION,626;WB_2836_MIGRATION_POLICIES_AND_JOBS,626;EPU_CATS_MIGRATION_FEAR_MIGRATION,626;TAX_WEAPONS_FIREARMS,233;TAX_WEAPONS_FIREARMS,806;SEIZE,904;TAX_WEAPONS_PISTOL,876;TAX_TERROR_GROUP_SOUTH_AFRICAN_NATIONAL_DEFENCE_FORCE,577;TAX_MILITARY_TITLE_OFFICERS,635;TAX_FNCACT_OFFICERS,635;SECURITY_SERVICES,456;SECURITY_SERVICES,514;SECURITY_SERVICES,749;SECURITY_SERVICES,914;TAX_FNCACT_POLICE,456;TAX_FNCACT_POLICE,514;TAX_FNCACT_POLICE,749;TAX_FNCACT_POLICE,914;CRISISLEX_C07_SAFETY,456;CRISISLEX_C07_SAFETY,514;CRISISLEX_C07_SAFETY,749;CRISISLEX_C07_SAFETY,914;TAX_WEAPONS_PISTOLS,839;ARREST,172;CRISISLEX_CRISISLEXREC,172;"
20260929124500-676,20260929124500,allafrica.com,https://allafrica.com/stories/202609290214.html,"AGRICULTURE,12;AGRICULTURE,272;AGRICULTURE,1100;AGRICULTURE,2300;MEDIA_SOCIAL,1022;APPOINTMENT,1603;APPOINTMENT,1775;APPOINTMENT,1805;TAX_FNCACT_SPECIALIST,1256;STRIKE,2868;STRIKE,3395;TAX_ETHNICITY_ENGLISH,3754;TAX_WORLDLANGUAGES_ENGLISH,3754;WB_1331_HEALTH_TECHNOLOGIES,2142;WB_1350_PHARMACEUTICALS,2142;WB_621_HEALTH_NUTRITION_AND_POPULATION,2142;AFFECT,1739;AFFECT,1790;WB_2936_GOLD,3986;WB_2936_GOLD,4126;WB_507_ENERGY_AND_EXTRACTIVES,3986;WB_507_ENERGY_AND_EXTRACTIVES,4126;WB_895_MINING_SYSTEMS,3986;WB_895_MINING_SYSTEMS,4126;WB_1699_METAL_ORE_MINING,3986;WB_1699_METAL_ORE_MINING,4126;USPEC_POLICY1,636;EPU_UNCERTAINTY,636;SOC_POINTSOFINTEREST_HOSPITAL,1185;SOC_POINTSOFINTEREST_HOSPITAL,1350;SOC_POINTSOFINTEREST_HOSPITAL,1429;TAX_FNCACT_AUDIOLOGIST,4242;WB_695_POVERTY,2689;WB_701_JOBS_AND_POVERTY,2689;WB_1170_JOB_CREATION_AND_JOB_OPPORTUNITIES,2689;UNGP_JOB_OPPORTUNITIES_EMPLOYMENT,2689;UNGP_FORESTS_RIVERS_OCEANS,3004;WB_1305_HEALTH_SERVICES_DELIVERY,3471;LITERACY,3785;UNGP_EDUCATION,3785;TAX_WORLDLANGUAGES_SIGN_LANGUAGE,3247;TAX_FNCACT_INTERPRETERS,3901;MEDICAL,158;MEDICAL,405;MEDICAL,2930;MEDICAL,3088;MEDICAL,4085;TAX_WORLDLANGUAGES_SOUTH_AFRICAN_SIGN_LANGUAGE,3247;TAX_WORLDLANGUAGES_BARA,1190;TAX_WORLDLANGUAGES_BARA,2370;TAX_FNCACT_INTERPRETER,4380;CRISISLEX_C03_WELLBEING_HEALTH,104;TAX_FNCACT_NURSES,1123;TAX_FNCACT_NURSES,1710;TAX_DISEASE_HEARING_LOSS,2555;TAX_DISEASE_HEARING_LOSS,3066;TAX_DISEASE_HEARING_LOSS,3192;GENERAL_HEALTH,219;GENERAL_HEALTH,2278;GENERAL_HEALTH,3464;WB_635_PUBLIC_HEALTH,3464;TAX_FNCACT_NURSE,2104;TAX_DISEASE_TRAUMA,3835;CRISISLEX_T11_UPDATESSYMPATHY,3835;TAX_FNCACT_REPRESENTATIVES,4494;"
20260929121500-73,20260929121500,newvision.co.ug,https://www.newvision.co.ug/category/entertainment/shakib-gifts-zari-only-sh200k-as-she-turns-46-NV_241471_092026,"USPEC_POLITICS_GENERAL1,29;TAX_FNCACT_WOMAN,894;ECON_WORLDCURRENCIES_SOUTH_AFRICAN_RAND,659;MEDIA_SOCIAL,172;MEDIA_SOCIAL,492;MEDIA_SOCIAL,805;WB_652_ICT_APPLICATIONS,172;WB_652_ICT_APPLICATIONS,492;WB_652_ICT_APPLICATIONS,805;WB_662_SOCIAL_MEDIA,172;WB_662_SOCIAL_MEDIA,492;WB_662_SOCIAL_MEDIA,805;WB_658_ENTERPRISE_APPLICATIONS,172;WB_658_ENTERPRISE_APPLICATIONS,492;WB_658_ENTERPRISE_APPLICATIONS,805;WB_678_DIGITAL_GOVERNMENT,172;WB_678_DIGITAL_GOVERNMENT,492;WB_678_DIGITAL_GOVERNMENT,805;WB_694_BROADCAST_AND_MEDIA,172;WB_694_BROADCAST_AND_MEDIA,492;WB_694_BROADCAST_AND_MEDIA,805;WB_133_INFORMATION_AND_COMMUNICATION_TECHNOLOGIES,172;WB_133_INFORMATION_AND_COMMUNICATION_TECHNOLOGIES,492;WB_133_INFORMATION_AND_COMMUNICATION_TECHNOLOGIES,805;TAX_ETHNICITY_CHAM,144;TAX_FNCACT_DESIGNER,936;ECON_CURRENCY_EXCHANGE_RATE,761;EPU_CATS_SOVEREIGN_DEBT_CURRENCY_CRISES,761;"
20260929114500-679,20260929114500,timeslive.co.za,https://www.timeslive.co.za/news/south-africa/2026-09-29-mapisa-nqakula-didnt-declare-travel-allowance-to-sars-court-hears/,"ECON_MONEYLAUNDERING,482;WB_2076_MONEY_LAUNDERING,482;WB_1920_FINANCIAL_SECTOR_DEVELOPMENT,482;WB_328_FINANCIAL_INTEGRITY,482;GENERAL_GOVERNMENT,755;GENERAL_GOVERNMENT,1595;GENERAL_GOVERNMENT,1660;EPU_POLICY_GOVERNMENT,755;EPU_POLICY_GOVERNMENT,1595;EPU_POLICY_GOVERNMENT,1660;TAX_DISEASE_SARS,301;TAX_DISEASE_SARS,1407;TAX_DISEASE_SARS,1878;TAX_DISEASE_SARS,2039;TAX_DISEASE_SARS,2207;TAX_DISEASE_SARS,2276;TAX_DISEASE_SARS,2682;TAX_DISEASE_SARS,2746;TAX_DISEASE_SARS,2812;TRIAL,1284;TAX_FNCACT_PROSECUTOR,1284;CRISISLEX_C07_SAFETY,1284;TAX_FNCACT_CONTRACTOR,698;WB_2024_ANTI_CORRUPTION_AUTHORITIES,1717;WB_696_PUBLIC_SECTOR_MANAGEMENT,1717;WB_840_JUSTICE,1717;WB_2025_INVESTIGATION,1717;WB_831_GOVERNANCE,1717;WB_832_ANTI_CORRUPTION,1717;WB_1014_CRIMINAL_JUSTICE,1717;TAX_FNCACT_VETERANS,155;TAX_FNCACT_BOOKKEEPER,2180;TAX_TERROR_GROUP_SOUTH_AFRICAN_NATIONAL_DEFENCE_FORCE,671;TAX_FNCACT_MINISTER,164;TAX_FNCACT_MINISTER,527;TAX_FNCACT_ACCOUNTANT,1207;TAX_FNCACT_ACCOUNTANT,2724;UNGP_FORESTS_RIVERS_OCEANS,3412;TAX_FNCACT_EMPLOYER,1921;TAX_FNCACT_EMPLOYER,3000;WB_2690_CATEGORIES_OF_EMPLOYMENT,1921;WB_2690_CATEGORIES_OF_EMPLOYMENT,3000;WB_2670_JOBS,1921;WB_2670_JOBS,3000;WB_2689_JOBS_DIAGNOSTICS,1921;WB_2689_JOBS_DIAGNOSTICS,3000;WB_2704_EMPLOYER,1921;WB_2704_EMPLOYER,3000;TAX_FNCACT_OFFICIAL,873;ECON_TAXATION,402;ECON_TAXATION,1025;ECON_TAXATION,1247;ECON_TAXATION,1455;ECON_TAXATION,1860;ECON_TAXATION,2047;ECON_TAXATION,2442;ECON_TAXATION,3084;ECON_TAXATION,3188;USPEC_POLICY1,402;USPEC_POLICY1,1025;USPEC_POLICY1,1247;USPEC_POLICY1,1455;USPEC_POLICY1,1860;USPEC_POLICY1,2047;USPEC_POLICY1,2442;USPEC_POLICY1,3084;USPEC_POLICY1,3188;EPU_POLICY_TAX,402;EPU_POLICY_TAX,1025;EPU_POLICY_TAX,1247;EPU_POLICY_TAX,1455;EPU_POLICY_TAX,1860;EPU_POLICY_TAX,2047;EPU_POLICY_TAX,2442;EPU_POLICY_TAX,3084;EPU_POLICY_TAX,3188;EPU_CATS_TAXES,402;EPU_CATS_TAXES,1025;EPU_CATS_TAXES,1247;EPU_CATS_TAXES,1455;EPU_CATS_TAXES,1860;EPU_CATS_TAXES,2047;EPU_CATS_TAXES,2442;EPU_CATS_TAXES,3084;EPU_CATS_TAXES,3188;CORRUPTION,452;WB_713_PUBLIC_FINANCE,2453;WB_720_TAX_AND_REVENUE_POLICY_AND_ADMINISTRATION,2453;"
20260929114500-705,20260929114500,thesouthafrican.com,https://www.thesouthafrican.com/lifestyle/what-r10-000-can-buy-for-a-family-in-south-africa-vs-botswana/,"EDUCATION,2465;SOC_POINTSOFINTEREST_SCHOOL,2465;ECON_WORLDCURRENCIES_BOTSWANA_PULA,126;ECON_WORLDCURRENCIES_SOUTH_AFRICAN_RAND,110;TAX_FOODSTAPLES_MAIZE,683;ECON_INFLATION,1880;ECON_INFLATION,1987;ECON_INFLATION,2041;WB_1104_MACROECONOMIC_VULNERABILITY_AND_DEBT,1880;WB_1104_MACROECONOMIC_VULNERABILITY_AND_DEBT,1987;WB_1104_MACROECONOMIC_VULNERABILITY_AND_DEBT,2041;WB_442_INFLATION,1880;WB_442_INFLATION,1987;WB_442_INFLATION,2041;SANITATION,821;ECON_GASOLINEPRICE,2149;USPEC_POLICY1,1751;EPU_POLICY_BUDGET,1751;TAX_FNCACT_OFFICIAL,1870;TAX_ECON_PRICE,471;TAX_ECON_PRICE,1166;TAX_ECON_PRICE,1280;TAX_ECON_PRICE,1317;TAX_ECON_PRICE,1813;TAX_ECON_PRICE,1918;TAX_ECON_PRICE,2674;ECON_CURRENCY_EXCHANGE_RATE,1439;EPU_CATS_SOVEREIGN_DEBT_CURRENCY_CRISES,1439;"
20260929110000-208,20260929110000,businessday.co.za,https://www.businessday.co.za/news/2026-09-29-mapisa-nqakula-didnt-declare-travel-allowance-to-sars-court-hears/,"TAX_FNCACT_OFFICIAL,873;WB_2024_ANTI_CORRUPTION_AUTHORITIES,1717;WB_696_PUBLIC_SECTOR_MANAGEMENT,1717;WB_840_JUSTICE,1717;WB_2025_INVESTIGATION,1717;WB_831_GOVERNANCE,1717;WB_832_ANTI_CORRUPTION,1717;WB_1014_CRIMINAL_JUSTICE,1717;TAX_FNCACT_EMPLOYER,1921;TAX_FNCACT_EMPLOYER,3000;WB_2690_CATEGORIES_OF_EMPLOYMENT,1921;WB_2690_CATEGORIES_OF_EMPLOYMENT,3000;WB_2670_JOBS,1921;WB_2670_JOBS,3000;WB_2689_JOBS_DIAGNOSTICS,1921;WB_2689_JOBS_DIAGNOSTICS,3000;WB_2704_EMPLOYER,1921;WB_2704_EMPLOYER,3000;TAX_FNCACT_BOOKKEEPER,2180;TAX_FNCACT_VETERANS,155;TAX_FNCACT_ACCOUNTANT,1207;TAX_FNCACT_ACCOUNTANT,2724;ECON_TAXATION,402;ECON_TAXATION,1025;ECON_TAXATION,1247;ECON_TAXATION,1455;ECON_TAXATION,1860;ECON_TAXATION,2047;ECON_TAXATION,2442;ECON_TAXATION,3084;ECON_TAXATION,3188;USPEC_POLICY1,402;USPEC_POLICY1,1025;USPEC_POLICY1,1247;USPEC_POLICY1,1455;USPEC_POLICY1,1860;USPEC_POLICY1,2047;USPEC_POLICY1,2442;USPEC_POLICY1,3084;USPEC_POLICY1,3188;EPU_POLICY_TAX,402;EPU_POLICY_TAX,1025;EPU_POLICY_TAX,1247;EPU_POLICY_TAX,1455;EPU_POLICY_TAX,1860;EPU_POLICY_TAX,2047;EPU_POLICY_TAX,2442;EPU_POLICY_TAX,3084;EPU_POLICY_TAX,3188;EPU_CATS_TAXES,402;EPU_CATS_TAXES,1025;EPU_CATS_TAXES,1247;EPU_CATS_TAXES,1455;EPU_CATS_TAXES,1860;EPU_CATS_TAXES,2047;EPU_CATS_TAXES,2442;EPU_CATS_TAXES,3084;EPU_CATS_TAXES,3188;TRIAL,1284;TAX_FNCACT_PROSECUTOR,1284;CRISISLEX_C07_SAFETY,1284;TAX_FNCACT_CONTRACTOR,698;TAX_FNCACT_MINISTER,164;TAX_FNCACT_MINISTER,527;GENERAL_GOVERNMENT,755;GENERAL_GOVERNMENT,1595;GENERAL_GOVERNMENT,1660;EPU_POLICY_GOVERNMENT,755;EPU_POLICY_GOVERNMENT,1595;EPU_POLICY_GOVERNMENT,1660;CORRUPTION,452;ECON_MONEYLAUNDERING,482;WB_2076_MONEY_LAUNDERING,482;WB_1920_FINANCIAL_SECTOR_DEVELOPMENT,482;WB_328_FINANCIAL_INTEGRITY,482;TAX_TERROR_GROUP_SOUTH_AFRICAN_NATIONAL_DEFENCE_FORCE,671;TAX_DISEASE_SARS,301;TAX_DISEASE_SARS,1407;TAX_DISEASE_SARS,1878;TAX_DISEASE_SARS,2039;TAX_DISEASE_SARS,2207;TAX_DISEASE_SARS,2276;TAX_DISEASE_SARS,2682;TAX_DISEASE_SARS,2746;TAX_DISEASE_SARS,2812;WB_713_PUBLIC_FINANCE,2453;WB_720_TAX_AND_REVENUE_POLICY_AND_ADMINISTRATION,2453;UNGP_FORESTS_RIVERS_OCEANS,3412;"
20260929110000-456,20260929110000,cnbcafrica.com,https://www.cnbcafrica.com/2026/south-african-rand-extends-losses-before-local-economic-releases,"WB_698_TRADE,225;EPU_ECONOMY,325;EPU_ECONOMY_HISTORIC,325;TAX_ECON_PRICE,257;ENV_OIL,250;GENERAL_HEALTH,354;MEDICAL,354;ECON_WORLDCURRENCIES_SOUTH_AFRICAN_RAND,20;ECON_WORLDCURRENCIES_SOUTH_AFRICAN_RAND,173;USPEC_POLICY1,380;ECON_OILPRICE,257;"
20260929110000-303,20260929110000,econotimes.com,http://www.econotimes.com/FxWirePro-USD-ZAR-edges-higher-ahead-of-South-African-employment-data-1753381,"ECON_WORLDCURRENCIES_US_DOLLAR,174;ENV_OIL,121;ENV_OIL,240;GENERAL_HEALTH,420;MEDICAL,420;USPEC_POLICY1,446;ECON_WORLDCURRENCIES_SOUTH_AFRICAN_RAND,68;EPU_POLICY_POLICY,725;EPU_ECONOMY,391;EPU_ECONOMY,711;EPU_ECONOMY_HISTORIC,391;EPU_ECONOMY_HISTORIC,711;ECON_WORLDCURRENCIES_DOLLAR,174;EPU_CATS_MIGRATION_FEAR_FEAR,307;WB_2745_JOB_QUALITY_AND_LABOR_MARKET_PERFORMANCE,524;WB_2670_JOBS,524;WB_2689_JOBS_DIAGNOSTICS,524;WB_2748_EMPLOYMENT,524;ECON_OILPRICE,128;ECON_OILPRICE,247;AGRICULTURE,553;TAX_ECON_PRICE,128;TAX_ECON_PRICE,247;"
20260929110000-1104,20260929110000,sowetan.co.za,https://www.sowetan.co.za/news/2026-09-29-mapisa-nqakula-didnt-declare-travel-allowance-to-sars-court-hears/,"TAX_FNCACT_VETERANS,155;TAX_FNCACT_BOOKKEEPER,2180;TAX_FNCACT_ACCOUNTANT,1207;TAX_FNCACT_ACCOUNTANT,2724;TRIAL,1284;TAX_FNCACT_PROSECUTOR,1284;CRISISLEX_C07_SAFETY,1284;ECON_TAXATION,402;ECON_TAXATION,1025;ECON_TAXATION,1247;ECON_TAXATION,1455;ECON_TAXATION,1860;ECON_TAXATION,2047;ECON_TAXATION,2442;ECON_TAXATION,3084;ECON_TAXATION,3188;USPEC_POLICY1,402;USPEC_POLICY1,1025;USPEC_POLICY1,1247;USPEC_POLICY1,1455;USPEC_POLICY1,1860;USPEC_POLICY1,2047;USPEC_POLICY1,2442;USPEC_POLICY1,3084;USPEC_POLICY1,3188;EPU_POLICY_TAX,402;EPU_POLICY_TAX,1025;EPU_POLICY_TAX,1247;EPU_POLICY_TAX,1455;EPU_POLICY_TAX,1860;EPU_POLICY_TAX,2047;EPU_POLICY_TAX,2442;EPU_POLICY_TAX,3084;EPU_POLICY_TAX,3188;EPU_CATS_TAXES,402;EPU_CATS_TAXES,1025;EPU_CATS_TAXES,1247;EPU_CATS_TAXES,1455;EPU_CATS_TAXES,1860;EPU_CATS_TAXES,2047;EPU_CATS_TAXES,2442;EPU_CATS_TAXES,3084;EPU_CATS_TAXES,3188;TAX_FNCACT_CONTRACTOR,698;TAX_FNCACT_MINISTER,164;TAX_FNCACT_MINISTER,527;TAX_FNCACT_OFFICIAL,873;WB_2024_ANTI_CORRUPTION_AUTHORITIES,1717;WB_696_PUBLIC_SECTOR_MANAGEMENT,1717;WB_840_JUSTICE,1717;WB_2025_INVESTIGATION,1717;WB_831_GOVERNANCE,1717;WB_832_ANTI_CORRUPTION,1717;WB_1014_CRIMINAL_JUSTICE,1717;TAX_FNCACT_EMPLOYER,1921;TAX_FNCACT_EMPLOYER,3000;WB_2690_CATEGORIES_OF_EMPLOYMENT,1921;WB_2690_CATEGORIES_OF_EMPLOYMENT,3000;WB_2670_JOBS,1921;WB_2670_JOBS,3000;WB_2689_JOBS_DIAGNOSTICS,1921;WB_2689_JOBS_DIAGNOSTICS,3000;WB_2704_EMPLOYER,1921;WB_2704_EMPLOYER,3000;ECON_MONEYLAUNDERING,482;WB_2076_MONEY_LAUNDERING,482;WB_1920_FINANCIAL_SECTOR_DEVELOPMENT,482;WB_328_FINANCIAL_INTEGRITY,482;TAX_TERROR_GROUP_SOUTH_AFRICAN_NATIONAL_DEFENCE_FORCE,671;WB_713_PUBLIC_FINANCE,2453;WB_720_TAX_AND_REVENUE_POLICY_AND_ADMINISTRATION,2453;TAX_DISEASE_SARS,301;TAX_DISEASE_SARS,1407;TAX_DISEASE_SARS,1878;TAX_DISEASE_SARS,2039;TAX_DISEASE_SARS,2207;TAX_DISEASE_SARS,2276;TAX_DISEASE_SARS,2682;TAX_DISEASE_SARS,2746;TAX_DISEASE_SARS,2812;UNGP_FORESTS_RIVERS_OCEANS,3412;GENERAL_GOVERNMENT,755;GENERAL_GOVERNMENT,1595;GENERAL_GOVERNMENT,1660;EPU_POLICY_GOVERNMENT,755;EPU_POLICY_GOVERNMENT,1595;EPU_POLICY_GOVERNMENT,1660;CORRUPTION,452;"
20260929110000-1166,20260929110000,sowetan.co.za,https://www.sowetan.co.za/news/2026-09-29-the-am-check-in-chats-show-sindane-had-cops-at-fingertips/,"TAX_FNCACT_BOSS,463;TAX_FNCACT_BOSS,506;EPU_POLICY_GOVERNMENT,1874;TRIAL,1383;TAX_FNCACT_CRIMINAL,1298;CORRUPTION,1632;TAX_TERROR_GROUP_SOUTH_AFRICAN_NATIONAL_DEFENCE_FORCE,1471;TERROR,156;ARMEDCONFLICT,156;TAX_FNCACT_HITMEN,156;CRISISLEX_C07_SAFETY,27;TAX_FNCACT_OFFICIAL,990;TAX_FNCACT_OFFICIAL,1195;GENERAL_GOVERNMENT,1030;TAX_ECON_PRICE,833;TAX_ECON_PRICE,1016;SECURITY_SERVICES,182;TAX_FNCACT_POLICE,182;USPEC_POLITICS_GENERAL1,1055;TAX_FNCACT_MINISTER,883;TAX_FNCACT_MINISTER,1335;TAX_FNCACT_MINISTER,1715;TAX_FNCACT_CONTRACTOR,1492;TAX_FNCACT_OFFICERS,191;"
20260929031500-742,20260929031500,timeslive.co.za,https://www.timeslive.co.za/news/south-africa/2026-09-29-im-not-a-criminal-mapisa-nqakula-denies-bribe-codes-and-whatsapp-chats-in-court/,"TAX_FNCACT_CRIMINAL,5770;TAX_FNCACT_CRIMINAL,5816;TAX_FNCACT_CRIMINAL,5879;USPEC_UNCERTAINTY1,7673;TRIAL,2825;TAX_FNCACT_PROSECUTOR,2825;CRISISLEX_C07_SAFETY,2825;WB_2024_ANTI_CORRUPTION_AUTHORITIES,3669;WB_696_PUBLIC_SECTOR_MANAGEMENT,3669;WB_840_JUSTICE,3669;WB_2025_INVESTIGATION,3669;WB_831_GOVERNANCE,3669;WB_832_ANTI_CORRUPTION,3669;WB_1014_CRIMINAL_JUSTICE,3669;APPOINTMENT,1274;CORRUPTION,300;TAX_FNCACT_VETERANS,70;TAX_FNCACT_VETERANS,2773;TAX_FNCACT_CRIMINALS,5585;TAX_FNCACT_CRIMINALS,5839;TAX_FNCACT_CRIMINALS,5853;TAX_FNCACT_CRIMINALS,6033;TAX_FNCACT_ELDER,1761;WB_1609_FOOD_AND_IN_KIND_TRANSFERS,1761;WB_1620_ELDERLY,1761;WB_1466_SOCIAL_ASSISTANCE,1761;WB_1618_FOOD_DISTRIBUTION,1761;WB_697_SOCIAL_PROTECTION_AND_LABOR,1761;SOC_GENERALCRIME,5604;EPU_CATS_MIGRATION_FEAR_FEAR,5604;TAX_DISEASE_SARS,7468;TAX_DISEASE_SARS,7593;TAX_FNCACT_DEPUTY,991;TAX_FNCACT_DEPUTY,3773;ECON_TAXATION,7472;ECON_TAXATION,7919;USPEC_POLICY1,7472;USPEC_POLICY1,7919;EPU_POLICY_TAX,7472;EPU_POLICY_TAX,7919;EPU_CATS_TAXES,7472;EPU_CATS_TAXES,7919;TAX_FNCACT_CONTRACTOR,227;TAX_FNCACT_CONTRACTOR,3857;TAX_FNCACT_CONTRACTOR,4053;TAX_FNCACT_CONTRACTOR,6291;TAX_TERROR_GROUP_SOUTH_AFRICAN_NATIONAL_DEFENCE_FORCE,200;ECON_MONEYLAUNDERING,324;WB_2076_MONEY_LAUNDERING,324;WB_1920_FINANCIAL_SECTOR_DEVELOPMENT,324;WB_328_FINANCIAL_INTEGRITY,324;TAX_FNCACT_MINISTER,79;TAX_FNCACT_MINISTER,369;TAX_FNCACT_MINISTER,2782;TAX_FNCACT_OFFICIALS,3240;TAX_FNCACT_LAWYERS,6736;DELAY,7960;GENERAL_GOVERNMENT,525;EPU_POLICY_GOVERNMENT,525;"
20260929023000-546,20260929023000,dailypolitical.com,https://www.dailypolitical.com/2026/09/28/harmony-gold-mining-eyes-copper-growth-after-record-fy2026-results.html,"UNGP_FORESTS_RIVERS_OCEANS,2421;UNGP_FORESTS_RIVERS_OCEANS,2830;UNGP_FORESTS_RIVERS_OCEANS,2880;ECON_WORLDCURRENCIES_SOUTH_AFRICAN_RAND,1268;WB_698_TRADE,5571;TAX_FNCACT_PRODUCER,5245;ECON_CURRENCY_EXCHANGE_RATE,4480;WB_1428_INJURY,683;WB_1406_DISEASES,683;WB_621_HEALTH_NUTRITION_AND_POPULATION,683;WB_1427_NON_COMMUNICABLE_DISEASE_AND_INJURY,683;EPU_ECONOMY_HISTORIC,1995;TAX_ETHNICITY_AMERICAN,5547;WB_856_WAGES,1802;WB_1654_ACTIVE_LABOR_MARKET_POLICIES,1802;MANMADE_DISASTER_IMPLIED,19;MANMADE_DISASTER_IMPLIED,1626;MANMADE_DISASTER_IMPLIED,5149;MANMADE_DISASTER_IMPLIED,5182;ENV_MINING,19;ENV_MINING,1626;ENV_MINING,5149;ENV_MINING,5182;WB_2936_GOLD,12;WB_2936_GOLD,118;WB_2936_GOLD,364;WB_2936_GOLD,450;WB_2936_GOLD,531;WB_2936_GOLD,1004;WB_2936_GOLD,1061;WB_2936_GOLD,2705;WB_2936_GOLD,2759;WB_2936_GOLD,2820;WB_2936_GOLD,4131;WB_2936_GOLD,4215;WB_2936_GOLD,4331;WB_2936_GOLD,4673;WB_2936_GOLD,5142;WB_2936_GOLD,5175;WB_2936_GOLD,5236;WB_2936_GOLD,5359;WB_2936_GOLD,5431;WB_507_ENERGY_AND_EXTRACTIVES,12;WB_507_ENERGY_AND_EXTRACTIVES,118;WB_507_ENERGY_AND_EXTRACTIVES,364;WB_507_ENERGY_AND_EXTRACTIVES,450;WB_507_ENERGY_AND_EXTRACTIVES,531;WB_507_ENERGY_AND_EXTRACTIVES,1004;WB_507_ENERGY_AND_EXTRACTIVES,1061;WB_507_ENERGY_AND_EXTRACTIVES,2705;WB_507_ENERGY_AND_EXTRACTIVES,2759;WB_507_ENERGY_AND_EXTRACTIVES,2820;WB_507_ENERGY_AND_EXTRACTIVES,4131;WB_507_ENERGY_AND_EXTRACTIVES,4215;WB_507_ENERGY_AND_EXTRACTIVES,4331;WB_507_ENERGY_AND_EXTRACTIVES,4673;WB_507_ENERGY_AND_EXTRACTIVES,5142;WB_507_ENERGY_AND_EXTRACTIVES,5175;WB_507_ENERGY_AND_EXTRACTIVES,5236;WB_507_ENERGY_AND_EXTRACTIVES,5359;WB_507_ENERGY_AND_EXTRACTIVES,5431;WB_895_MINING_SYSTEMS,12;WB_895_MINING_SYSTEMS,118;WB_895_MINING_SYSTEMS,364;WB_895_MINING_SYSTEMS,450;WB_895_MINING_SYSTEMS,531;WB_895_MINING_SYSTEMS,1004;WB_895_MINING_SYSTEMS,1061;WB_895_MINING_SYSTEMS,2705;WB_895_MINING_SYSTEMS,2759;WB_895_MINING_SYSTEMS,2820;WB_895_MINING_SYSTEMS,4131;WB_895_MINING_SYSTEMS,4215;WB_895_MINING_SYSTEMS,4331;WB_895_MINING_SYSTEMS,4673;WB_895_MINING_SYSTEMS,5142;WB_895_MINING_SYSTEMS,5175;WB_895_MINING_SYSTEMS,5236;WB_895_MINING_SYSTEMS,5359;WB_895_MINING_SYSTEMS,5431;WB_1699_METAL_ORE_MINING,12;WB_1699_METAL_ORE_MINING,118;WB_1699_METAL_ORE_MINING,364;WB_1699_METAL_ORE_MINING,450;WB_1699_METAL_ORE_MINING,531;WB_1699_METAL_ORE_MINING,1004;WB_1699_METAL_ORE_MINING,1061;WB_1699_METAL_ORE_MINING,2705;WB_1699_METAL_ORE_MINING,2759;WB_1699_METAL_ORE_MINING,2820;WB_1699_METAL_ORE_MINING,4131;WB_1699_METAL_ORE_MINING,4215;WB_1699_METAL_ORE_MINING,4331;WB_1699_METAL_ORE_MINING,4673;WB_1699_METAL_ORE_MINING,5142;WB_1699_METAL_ORE_MINING,5175;WB_1699_METAL_ORE_MINING,5236;WB_1699_METAL_ORE_MINING,5359;WB_1699_METAL_ORE_MINING,5431;USPEC_POLICY1,2116;EPU_POLICY_SPENDING,2116;SLFID_MINERAL_RESOURCES,2421;WB_2934_COPPER,160;WB_2934_COPPER,294;WB_2934_COPPER,478;WB_2934_COPPER,603;WB_2934_COPPER,1566;WB_2934_COPPER,2322;WB_2934_COPPER,2870;WB_2934_COPPER,2921;WB_2934_COPPER,2994;WB_2934_COPPER,3010;WB_2934_COPPER,3069;WB_2934_COPPER,3486;WB_2934_COPPER,3679;WB_2934_COPPER,4105;WB_2934_COPPER,4494;WB_2934_COPPER,4576;WB_2934_COPPER,4746;ECON_GOLDPRICE,125;ECON_GOLDPRICE,1011;ECON_INFLATION,1636;WB_1104_MACROECONOMIC_VULNERABILITY_AND_DEBT,1636;WB_442_INFLATION,1636;WB_696_PUBLIC_SECTOR_MANAGEMENT,4645;WB_713_PUBLIC_FINANCE,4645;WB_718_PUBLIC_INVESTMENT_MANAGEMENT,4645;WB_1668_LABOR_STANDARDS,1733;WB_855_LABOR_MARKETS,1733;WB_697_SOCIAL_PROTECTION_AND_LABOR,1733;ECON_STOCKMARKET,24;ECON_STOCKMARKET,5154;TAX_ECON_PRICE,125;TAX_ECON_PRICE,1011;"
20260928211500-868,20260928211500,blueprint.ng,https://blueprint.ng/south-africa-shooting-death-toll-rises-to-18/,"TAX_TERROR_GROUP_SOUTH_AFRICAN_NATIONAL_DEFENCE_FORCE,2985;TAX_WEAPONS_GUN,4935;TAX_WEAPONS_GUN,5013;MANMADE_DISASTER_IMPLIED,1333;MANMADE_DISASTER_IMPLIED,1345;ARREST,3088;TAX_FNCACT_VICTIM,195;TAX_FNCACT_VICTIM,553;SOC_POINTSOFINTEREST_HOSPITALS,1962;KILL,54;KILL,4617;KILL,6924;CRISISLEX_T01_CAUTION_ADVICE,54;CRISISLEX_T01_CAUTION_ADVICE,4617;CRISISLEX_T01_CAUTION_ADVICE,6924;UNGP_FORESTS_RIVERS_OCEANS,2064;ENV_MINING,3489;ENV_MINING,3657;ENV_MINING,3847;ENV_MINING,4030;ENV_MINING,4063;TAX_WEAPONS_FIREARMS,5092;TAX_WEAPONS_FIREARMS,5236;TAX_WEAPONS_FIREARMS,6632;WB_2936_GOLD,3650;WB_507_ENERGY_AND_EXTRACTIVES,3650;WB_895_MINING_SYSTEMS,3650;WB_1699_METAL_ORE_MINING,3650;TAX_FNCACT_COMMISSIONER,2392;TERROR,430;TERROR,820;TERROR,4361;WB_2433_CONFLICT_AND_VIOLENCE,4944;WB_2433_CONFLICT_AND_VIOLENCE,5022;WB_2433_CONFLICT_AND_VIOLENCE,5826;WB_2432_FRAGILITY_CONFLICT_AND_VIOLENCE,4944;WB_2432_FRAGILITY_CONFLICT_AND_VIOLENCE,5022;WB_2432_FRAGILITY_CONFLICT_AND_VIOLENCE,5826;UNGP_CRIME_VIOLENCE,4944;UNGP_CRIME_VIOLENCE,5022;UNGP_CRIME_VIOLENCE,5826;CRISISLEX_T03_DEAD,49;CRISISLEX_T03_DEAD,6919;TAX_FNCACT_VICTIMS,1261;TAX_FNCACT_VICTIMS,1409;TAX_FNCACT_VICTIMS,1692;TAX_FNCACT_VICTIMS,1751;TAX_FNCACT_VICTIMS,1929;TAX_FNCACT_VICTIMS,2112;TAX_FNCACT_VICTIMS,2288;TAX_FNCACT_VICTIMS,5860;TAX_FNCACT_VICTIMS,6863;TAX_FNCACT_VICTIMS,6984;CRISISLEX_T08_MISSINGFOUNDTRAPPEDPEOPLE,1261;CRISISLEX_T08_MISSINGFOUNDTRAPPEDPEOPLE,1409;CRISISLEX_T08_MISSINGFOUNDTRAPPEDPEOPLE,1692;CRISISLEX_T08_MISSINGFOUNDTRAPPEDPEOPLE,1751;CRISISLEX_T08_MISSINGFOUNDTRAPPEDPEOPLE,1929;CRISISLEX_T08_MISSINGFOUNDTRAPPEDPEOPLE,2112;CRISISLEX_T08_MISSINGFOUNDTRAPPEDPEOPLE,2288;CRISISLEX_T08_MISSINGFOUNDTRAPPEDPEOPLE,5860;CRISISLEX_T08_MISSINGFOUNDTRAPPEDPEOPLE,6863;CRISISLEX_T08_MISSINGFOUNDTRAPPEDPEOPLE,6984;CRIME_COMMON_ROBBERY,1679;CRIME_COMMON_ROBBERY,2553;CRIME_COMMON_ROBBERY,3439;WB_1428_INJURY,575;WB_1428_INJURY,6836;WB_1428_INJURY,7010;WB_1406_DISEASES,575;WB_1406_DISEASES,6836;WB_1406_DISEASES,7010;WB_621_HEALTH_NUTRITION_AND_POPULATION,575;WB_621_HEALTH_NUTRITION_AND_POPULATION,6836;WB_621_HEALTH_NUTRITION_AND_POPULATION,7010;WB_1427_NON_COMMUNICABLE_DISEASE_AND_INJURY,575;WB_1427_NON_COMMUNICABLE_DISEASE_AND_INJURY,6836;WB_1427_NON_COMMUNICABLE_DISEASE_AND_INJURY,7010;CRISISLEX_T02_INJURED,575;CRISISLEX_T02_INJURED,6836;CRISISLEX_T02_INJURED,7010;TAX_FNCACT_BRIGADIER,2651;EPU_CATS_MIGRATION_FEAR_FEAR,2572;EPU_CATS_MIGRATION_FEAR_FEAR,2673;EPU_CATS_MIGRATION_FEAR_FEAR,3786;EPU_CATS_MIGRATION_FEAR_FEAR,4962;EPU_CATS_MIGRATION_FEAR_FEAR,6650;GENERAL_HEALTH,212;MEDICAL,212;SOC_POINTSOFINTEREST_HOSPITAL,212;CRISISLEX_C03_WELLBEING_HEALTH,212;TAX_MILITARY_TITLE_OFFICERS,2631;TAX_FNCACT_OFFICERS,2631;TAX_FNCACT_POLICE_COMMISSIONER,2392;ORGANIZED_CRIME,4962;ORGANIZED_CRIME,6650;WB_2453_ORGANIZED_CRIME,4962;WB_2453_ORGANIZED_CRIME,6650;USPEC_POLICY1,4071;EPU_ECONOMY,4071;EPU_ECONOMY_HISTORIC,4071;ARMEDCONFLICT,5009;SECURITY_SERVICES,221;SECURITY_SERVICES,481;SECURITY_SERVICES,670;SECURITY_SERVICES,892;SECURITY_SERVICES,1140;SECURITY_SERVICES,1712;SECURITY_SERVICES,2298;SECURITY_SERVICES,2379;SECURITY_SERVICES,2747;SECURITY_SERVICES,2904;SECURITY_SERVICES,3133;SECURITY_SERVICES,3371;SECURITY_SERVICES,3806;SECURITY_SERVICES,4710;SECURITY_SERVICES,5590;SECURITY_SERVICES,6009;SECURITY_SERVICES,6372;TAX_FNCACT_POLICE,221;TAX_FNCACT_POLICE,481;TAX_FNCACT_POLICE,670;TAX_FNCACT_POLICE,892;TAX_FNCACT_POLICE,1140;TAX_FNCACT_POLICE,1712;TAX_FNCACT_POLICE,2298;TAX_FNCACT_POLICE,2379;TAX_FNCACT_POLICE,2747;TAX_FNCACT_POLICE,2904;TAX_FNCACT_POLICE,3133;TAX_FNCACT_POLICE,3371;TAX_FNCACT_POLICE,3806;TAX_FNCACT_POLICE,4710;TAX_FNCACT_POLICE,5590;TAX_FNCACT_POLICE,6009;TAX_FNCACT_POLICE,6372;CRISISLEX_C07_SAFETY,221;CRISISLEX_C07_SAFETY,481;CRISISLEX_C07_SAFETY,670;CRISISLEX_C07_SAFETY,892;CRISISLEX_C07_SAFETY,1140;CRISISLEX_C07_SAFETY,1712;CRISISLEX_C07_SAFETY,2298;CRISISLEX_C07_SAFETY,2379;CRISISLEX_C07_SAFETY,2747;CRISISLEX_C07_SAFETY,2904;CRISISLEX_C07_SAFETY,3133;CRISISLEX_C07_SAFETY,3371;CRISISLEX_C07_SAFETY,3806;CRISISLEX_C07_SAFETY,4710;CRISISLEX_C07_SAFETY,5590;CRISISLEX_C07_SAFETY,6009;CRISISLEX_C07_SAFETY,6372;TAX_FNCACT_AUTHORITIES,1536;TAX_FNCACT_AUTHORITIES,1900;TAX_FNCACT_AUTHORITIES,2196;TAX_FNCACT_AUTHORITIES,3004;TAX_FNCACT_AUTHORITIES,3753;TAX_FNCACT_AUTHORITIES,5297;TAX_FNCACT_AUTHORITIES,5743;TAX_FNCACT_AUTHORITIES,6769;EPU_POLICY_AUTHORITIES,1536;EPU_POLICY_AUTHORITIES,1900;EPU_POLICY_AUTHORITIES,2196;EPU_POLICY_AUTHORITIES,3004;EPU_POLICY_AUTHORITIES,3753;EPU_POLICY_AUTHORITIES,5297;EPU_POLICY_AUTHORITIES,5743;EPU_POLICY_AUTHORITIES,6769;CRISISLEX_CRISISLEXREC,49;CRISISLEX_CRISISLEXREC,256;CRISISLEX_CRISISLEXREC,1522;CRISISLEX_CRISISLEXREC,4612;CRISISLEX_CRISISLEXREC,6919;WB_2452_GANGS,5150;WB_2445_NON_STATE_SECURITY_ACTORS,5150;TAX_DISEASE_WOUNDS,2027;TAX_MILITARY_TITLE_LIEUTENANTGENERAL,2410;TAX_FNCACT_LIEUTENANTGENERAL,2410;WOUND,1467;WOUND,1921;WOUND,2003;WOUND,2104;WOUND,6976;TAX_FNCACT_CRIMINAL,3612;TAX_FNCACT_CRIMINAL,4096;TAX_FNCACT_CRIMINAL,5134;TAX_FNCACT_CRIMINAL,5323;TAX_FNCACT_CRIMINAL,5509;TAX_FNCACT_CRIMINAL,5720;TAX_FNCACT_CRIMINAL,5926;WB_2024_ANTI_CORRUPTION_AUTHORITIES,2337;WB_2024_ANTI_CORRUPTION_AUTHORITIES,2622;WB_2024_ANTI_CORRUPTION_AUTHORITIES,2687;WB_2024_ANTI_CORRUPTION_AUTHORITIES,3306;WB_2024_ANTI_CORRUPTION_AUTHORITIES,3955;WB_2024_ANTI_CORRUPTION_AUTHORITIES,4853;WB_2024_ANTI_CORRUPTION_AUTHORITIES,5957;WB_2024_ANTI_CORRUPTION_AUTHORITIES,5990;WB_2024_ANTI_CORRUPTION_AUTHORITIES,6802;WB_696_PUBLIC_SECTOR_MANAGEMENT,2337;WB_696_PUBLIC_SECTOR_MANAGEMENT,2622;WB_696_PUBLIC_SECTOR_MANAGEMENT,2687;WB_696_PUBLIC_SECTOR_MANAGEMENT,3306;WB_696_PUBLIC_SECTOR_MANAGEMENT,3955;WB_696_PUBLIC_SECTOR_MANAGEMENT,4853;WB_696_PUBLIC_SECTOR_MANAGEMENT,5957;WB_696_PUBLIC_SECTOR_MANAGEMENT,5990;WB_696_PUBLIC_SECTOR_MANAGEMENT,6802;WB_840_JUSTICE,2337;WB_840_JUSTICE,2622;WB_840_JUSTICE,2687;WB_840_JUSTICE,3306;WB_840_JUSTICE,3955;WB_840_JUSTICE,4853;WB_840_JUSTICE,5957;WB_840_JUSTICE,5990;WB_840_JUSTICE,6802;WB_2025_INVESTIGATION,2337;WB_2025_INVESTIGATION,2622;WB_2025_INVESTIGATION,2687;WB_2025_INVESTIGATION,3306;WB_2025_INVESTIGATION,3955;WB_2025_INVESTIGATION,4853;WB_2025_INVESTIGATION,5957;WB_2025_INVESTIGATION,5990;WB_2025_INVESTIGATION,6802;WB_831_GOVERNANCE,2337;WB_831_GOVERNANCE,2622;WB_831_GOVERNANCE,2687;WB_831_GOVERNANCE,3306;WB_831_GOVERNANCE,3955;WB_831_GOVERNANCE,4853;WB_831_GOVERNANCE,5957;WB_831_GOVERNANCE,5990;WB_831_GOVERNANCE,6802;WB_832_ANTI_CORRUPTION,2337;WB_832_ANTI_CORRUPTION,2622;WB_832_ANTI_CORRUPTION,2687;WB_832_ANTI_CORRUPTION,3306;WB_832_ANTI_CORRUPTION,3955;WB_832_ANTI_CORRUPTION,4853;WB_832_ANTI_CORRUPTION,5957;WB_832_ANTI_CORRUPTION,5990;WB_832_ANTI_CORRUPTION,6802;WB_1014_CRIMINAL_JUSTICE,2337;WB_1014_CRIMINAL_JUSTICE,2622;WB_1014_CRIMINAL_JUSTICE,2687;WB_1014_CRIMINAL_JUSTICE,3306;WB_1014_CRIMINAL_JUSTICE,3955;WB_1014_CRIMINAL_JUSTICE,4853;WB_1014_CRIMINAL_JUSTICE,5957;WB_1014_CRIMINAL_JUSTICE,5990;WB_1014_CRIMINAL_JUSTICE,6802;SOC_GENERALCRIME,1578;SOC_GENERALCRIME,1610;SOC_GENERALCRIME,2543;TAX_FNCACT_DETECTIVES,2564;TAX_FNCACT_DETECTIVES,6480;TAX_FNCACT_MINERS,3996;"
20260928164500-1030,20260928164500,businessday.co.za,https://www.businessday.co.za/news/2026-09-28-mapisa-nqakula-denies-soliciting-r2m-bribe-for-sandf-promotion/,"TRIAL,1222;TAX_FNCACT_CONTRACTOR,194;TAX_WORLDFISH_COD,3597;WB_838_PUBLIC_ACCOUNTABILITY_MECHANISMS,3779;TAX_FNCACT_OFFICIALS,2822;TAX_FNCACT_OFFICIALS,3655;TAX_FNCACT_VETERANS,70;TAX_FNCACT_SURGEON_GENERAL,291;TAX_FNCACT_SURGEON_GENERAL,461;TAX_FNCACT_SURGEON_GENERAL,3162;MEDICAL,283;MEDICAL,453;MEDICAL,3154;TAX_FNCACT_SURGEON,283;TAX_FNCACT_SURGEON,453;TAX_FNCACT_SURGEON,3154;TAX_FNCACT_DEPUTY,275;TAX_FNCACT_DEPUTY,3356;TAX_FNCACT_PROSECUTOR,2407;CRISISLEX_C07_SAFETY,2407;ECON_MONEYLAUNDERING,1143;WB_2076_MONEY_LAUNDERING,1143;WB_1920_FINANCIAL_SECTOR_DEVELOPMENT,1143;WB_328_FINANCIAL_INTEGRITY,1143;GENERAL_GOVERNMENT,1343;EPU_POLICY_GOVERNMENT,1343;LEADER,3988;TAX_FNCACT_PRESIDENT,3988;USPEC_POLITICS_GENERAL1,3988;APPOINTMENT,622;APPOINTMENT,3971;TAX_FNCACT_MINISTER,79;TAX_FNCACT_MINISTER,1188;TAX_FNCACT_MINISTER,3867;TAX_TERROR_GROUP_SOUTH_AFRICAN_NATIONAL_DEFENCE_FORCE,505;TAX_FNCACT_ELDER,1072;WB_1609_FOOD_AND_IN_KIND_TRANSFERS,1072;WB_1620_ELDERLY,1072;WB_1466_SOCIAL_ASSISTANCE,1072;WB_1618_FOOD_DISTRIBUTION,1072;WB_697_SOCIAL_PROTECTION_AND_LABOR,1072;CORRUPTION,410;CORRUPTION,2500;TAX_FNCACT_CANDIDATE,3841;WB_2024_ANTI_CORRUPTION_AUTHORITIES,3252;WB_696_PUBLIC_SECTOR_MANAGEMENT,3252;WB_840_JUSTICE,3252;WB_2025_INVESTIGATION,3252;WB_831_GOVERNANCE,3252;WB_832_ANTI_CORRUPTION,3252;WB_1014_CRIMINAL_JUSTICE,3252;"
20260928163000-1297,20260928163000,sowetan.co.za,https://www.sowetan.co.za/news/2026-09-28-watch-mapisa-nqakula-says-she-has-no-code-words-for-criminal-activities/,"TAX_FNCACT_PROSECUTOR,960;CRISISLEX_C07_SAFETY,960;GENERAL_GOVERNMENT,614;EPU_POLICY_GOVERNMENT,614;TAX_FNCACT_MINISTER,59;TAX_FNCACT_MINISTER,445;TRIAL,106;TRIAL,2166;TAX_FNCACT_CONTRACTOR,221;TAX_FNCACT_CONTRACTOR,1130;TAX_FNCACT_CONTRACTOR,4519;TAX_FOODSTAPLES_BREAD,4151;TAX_TERROR_GROUP_SOUTH_AFRICAN_NATIONAL_DEFENCE_FORCE,194;TAX_FNCACT_CRIMINALS,3265;TAX_FNCACT_CRIMINALS,3279;TAX_FNCACT_CRIMINALS,3450;TAX_FNCACT_CRIMINALS,3577;TAX_FNCACT_CRIMINALS,3833;TAX_FNCACT_CRIMINALS,3847;TAX_FNCACT_CRIMINALS,4026;SOC_GENERALCRIME,3596;SOC_GENERALCRIME,3676;EPU_CATS_MIGRATION_FEAR_FEAR,3596;EPU_CATS_MIGRATION_FEAR_FEAR,3676;TAX_FNCACT_CHILD,4267;TAX_WORLDMAMMALS_HUMAN,1438;TAX_WORLDMAMMALS_HUMAN,1474;TAX_WORLDMAMMALS_HUMAN,1847;TAX_WORLDMAMMALS_HUMAN,1883;TAX_FNCACT_CRIMINAL,3305;TAX_FNCACT_CRIMINAL,3762;TAX_FNCACT_CRIMINAL,3808;TAX_FNCACT_CRIMINAL,3873;CORRUPTION,361;ECON_MONEYLAUNDERING,391;WB_2076_MONEY_LAUNDERING,391;WB_1920_FINANCIAL_SECTOR_DEVELOPMENT,391;WB_328_FINANCIAL_INTEGRITY,391;"
20260928163000-803,20260928163000,sowetan.co.za,https://www.sowetan.co.za/news/2026-09-28-mapisa-nqakula-denies-soliciting-r2m-bribe-for-sandf-promotion/,"TAX_FNCACT_CONTRACTOR,194;TAX_WORLDFISH_COD,3597;TAX_FNCACT_DEPUTY,275;TAX_FNCACT_DEPUTY,3356;TAX_FNCACT_MINISTER,79;TAX_FNCACT_MINISTER,1188;TAX_FNCACT_MINISTER,3867;GENERAL_GOVERNMENT,1343;EPU_POLICY_GOVERNMENT,1343;TAX_FNCACT_ELDER,1072;WB_1609_FOOD_AND_IN_KIND_TRANSFERS,1072;WB_1620_ELDERLY,1072;WB_1466_SOCIAL_ASSISTANCE,1072;WB_1618_FOOD_DISTRIBUTION,1072;WB_697_SOCIAL_PROTECTION_AND_LABOR,1072;TAX_FNCACT_CANDIDATE,3841;LEADER,3988;TAX_FNCACT_PRESIDENT,3988;USPEC_POLITICS_GENERAL1,3988;TAX_FNCACT_PROSECUTOR,2407;CRISISLEX_C07_SAFETY,2407;CORRUPTION,410;CORRUPTION,2500;TAX_TERROR_GROUP_SOUTH_AFRICAN_NATIONAL_DEFENCE_FORCE,505;MEDICAL,283;MEDICAL,453;MEDICAL,3154;TAX_FNCACT_SURGEON,283;TAX_FNCACT_SURGEON,453;TAX_FNCACT_SURGEON,3154;TAX_FNCACT_VETERANS,70;TRIAL,1222;TAX_FNCACT_SURGEON_GENERAL,291;TAX_FNCACT_SURGEON_GENERAL,461;TAX_FNCACT_SURGEON_GENERAL,3162;WB_838_PUBLIC_ACCOUNTABILITY_MECHANISMS,3779;ECON_MONEYLAUNDERING,1143;WB_2076_MONEY_LAUNDERING,1143;WB_1920_FINANCIAL_SECTOR_DEVELOPMENT,1143;WB_328_FINANCIAL_INTEGRITY,1143;TAX_FNCACT_OFFICIALS,2822;TAX_FNCACT_OFFICIALS,3655;WB_2024_ANTI_CORRUPTION_AUTHORITIES,3252;WB_696_PUBLIC_SECTOR_MANAGEMENT,3252;WB_840_JUSTICE,3252;WB_2025_INVESTIGATION,3252;WB_831_GOVERNANCE,3252;WB_832_ANTI_CORRUPTION,3252;WB_1014_CRIMINAL_JUSTICE,3252;APPOINTMENT,622;APPOINTMENT,3971;"
20260928160000-1043,20260928160000,timeslive.co.za,https://www.timeslive.co.za/politics/2026-09-28-im-harsh-not-vicious-mapisa-nqakula-says-she-has-never-been-a-criminal/,"CORRUPTION,361;TAX_FNCACT_PROSECUTOR,960;CRISISLEX_C07_SAFETY,960;TAX_TERROR_GROUP_SOUTH_AFRICAN_NATIONAL_DEFENCE_FORCE,194;TAX_FOODSTAPLES_BREAD,4151;GENERAL_GOVERNMENT,614;EPU_POLICY_GOVERNMENT,614;SOC_GENERALCRIME,3596;SOC_GENERALCRIME,3676;EPU_CATS_MIGRATION_FEAR_FEAR,3596;EPU_CATS_MIGRATION_FEAR_FEAR,3676;TAX_FNCACT_CHILD,4267;TAX_FNCACT_CRIMINALS,3265;TAX_FNCACT_CRIMINALS,3279;TAX_FNCACT_CRIMINALS,3450;TAX_FNCACT_CRIMINALS,3577;TAX_FNCACT_CRIMINALS,3833;TAX_FNCACT_CRIMINALS,3847;TAX_FNCACT_CRIMINALS,4026;TAX_WORLDMAMMALS_HUMAN,1438;TAX_WORLDMAMMALS_HUMAN,1474;TAX_WORLDMAMMALS_HUMAN,1847;TAX_WORLDMAMMALS_HUMAN,1883;TRIAL,106;TRIAL,2166;ECON_MONEYLAUNDERING,391;WB_2076_MONEY_LAUNDERING,391;WB_1920_FINANCIAL_SECTOR_DEVELOPMENT,391;WB_328_FINANCIAL_INTEGRITY,391;TAX_FNCACT_CRIMINAL,3305;TAX_FNCACT_CRIMINAL,3762;TAX_FNCACT_CRIMINAL,3808;TAX_FNCACT_CRIMINAL,3873;TAX_FNCACT_CONTRACTOR,221;TAX_FNCACT_CONTRACTOR,1130;TAX_FNCACT_CONTRACTOR,4519;TAX_FNCACT_MINISTER,59;TAX_FNCACT_MINISTER,445;"
20260928131500-246,20260928131500,polity.org.za,https://www.polity.org.za/article/sacp-condemns-spate-of-mass-shootings-in-gauteng-and-western-cape-and-calls-for-justice-for-the-victims-2026-09-28,"SOC_POINTSOFINTEREST_POLICE_STATIONS,2654;SOC_GENERALCRIME,1510;SOC_GENERALCRIME,2099;SOC_GENERALCRIME,2246;SOC_GENERALCRIME,2804;TAX_FNCACT_AUTHORITIES,1896;EPU_POLICY_AUTHORITIES,1896;DEMOCRACY,2276;CRISISLEX_T03_DEAD,151;CRISISLEX_T03_DEAD,764;GENERAL_GOVERNMENT,1666;EPU_POLICY_GOVERNMENT,1666;KILL,534;TAX_POLITICAL_PARTY_COMMUNIST_PARTY,36;EPU_CATS_MIGRATION_FEAR_FEAR,1397;EPU_CATS_MIGRATION_FEAR_FEAR,1595;WOUND,193;WOUND,346;WOUND,558;WOUND,984;CRISISLEX_C03_WELLBEING_HEALTH,193;CRISISLEX_C03_WELLBEING_HEALTH,346;CRISISLEX_C03_WELLBEING_HEALTH,558;CRISISLEX_C03_WELLBEING_HEALTH,984;CRISISLEX_T02_INJURED,193;CRISISLEX_T02_INJURED,346;CRISISLEX_T02_INJURED,558;CRISISLEX_T02_INJURED,984;ECON_WORKINGCLASS,2145;DISASTER_FIRE,710;WB_696_PUBLIC_SECTOR_MANAGEMENT,215;WB_840_JUSTICE,215;TRANSPARENCY,1706;TRANSPARENCY,2608;CRISISLEX_T11_UPDATESSYMPATHY,290;TAX_FNCACT_CRIMINAL,2475;ORGANIZED_CRIME,2099;WB_2453_ORGANIZED_CRIME,2099;WB_2433_CONFLICT_AND_VIOLENCE,2099;WB_2432_FRAGILITY_CONFLICT_AND_VIOLENCE,2099;SECURITY_SERVICES,1466;SECURITY_SERVICES,1884;SECURITY_SERVICES,2406;WB_1920_FINANCIAL_SECTOR_DEVELOPMENT,1466;WB_1920_FINANCIAL_SECTOR_DEVELOPMENT,1884;WB_1920_FINANCIAL_SECTOR_DEVELOPMENT,2406;WB_328_FINANCIAL_INTEGRITY,1466;WB_328_FINANCIAL_INTEGRITY,1884;WB_328_FINANCIAL_INTEGRITY,2406;WB_1014_CRIMINAL_JUSTICE,1466;WB_1014_CRIMINAL_JUSTICE,1884;WB_1014_CRIMINAL_JUSTICE,2406;WB_2082_LAW_ENFORCEMENT,1466;WB_2082_LAW_ENFORCEMENT,1884;WB_2082_LAW_ENFORCEMENT,2406;TAX_POLITICAL_PARTY_SOUTH_AFRICAN_COMMUNIST_PARTY,36;CRIME_COMMON_ROBBERY,721;TERROR,621;TERROR,1220;ELECTION,1676;JUSTICE,219;UNGP_CRIME_VIOLENCE,219;RURAL,1487;RURAL,2525;USPEC_POLITICS_GENERAL1,36;TAX_FNCACT_COMMUNIST,30;LEGISLATION,1454;LEGISLATION,1872;LEGISLATION,1967;LEGISLATION,2394;EPU_POLICY_LAW,1454;EPU_POLICY_LAW,1872;EPU_POLICY_LAW,1967;EPU_POLICY_LAW,2394;SLUMS,1029;TAX_FNCACT_KILLERS,1933;TAX_FNCACT_VICTIMS,231;TAX_FNCACT_VICTIMS,298;TAX_FNCACT_VICTIMS,1380;TAX_FNCACT_VICTIMS,2695;CRISISLEX_T08_MISSINGFOUNDTRAPPEDPEOPLE,231;CRISISLEX_T08_MISSINGFOUNDTRAPPEDPEOPLE,298;CRISISLEX_T08_MISSINGFOUNDTRAPPEDPEOPLE,1380;CRISISLEX_T08_MISSINGFOUNDTRAPPEDPEOPLE,2695;GOV_LOCALGOV,1666;WB_2142_LOCAL_GOVERNMENT,1666;WB_1502_EDUCATIONAL_DECENTRALIZATION,1666;WB_470_EDUCATION,1666;WB_1497_EDUCATION_MANAGEMENT_AND_ADMINISTRATION,1666;CRISISLEX_CRISISLEXREC,151;CRISISLEX_CRISISLEXREC,764;TAX_FNCACT_POLICE,2645;CRISISLEX_C07_SAFETY,2645;GENERAL_HEALTH,1164;MEDICAL,1164;SOC_POINTSOFINTEREST_HOSPITAL,1164;UNGP_FORESTS_RIVERS_OCEANS,1814;MANMADE_DISASTER_IMPLIED,702;"
20260928131500-642,20260928131500,polity.org.za,https://www.polity.org.za/article/parties-call-for-urgent-action-after-mass-weekend-shootings-2026-09-28,"TAX_DISEASE_TRAUMA,63;CRISISLEX_T11_UPDATESSYMPATHY,63;TAX_FNCACT_CRIMINAL,1614;TAX_FNCACT_CRIMINAL,3857;KILL,143;KILL,2700;CRISISLEX_CRISISLEXREC,143;CRISISLEX_CRISISLEXREC,2700;CRISISLEX_T02_INJURED,143;CRISISLEX_T02_INJURED,2700;CRISISLEX_T03_DEAD,143;CRISISLEX_T03_DEAD,2700;ARREST,1067;AFFECT,816;WB_1160_SHOCKS_AND_VULNERABILITY,1164;WB_1160_SHOCKS_AND_VULNERABILITY,2098;WB_695_POVERTY,1164;WB_695_POVERTY,2098;WB_696_PUBLIC_SECTOR_MANAGEMENT,3611;WB_840_JUSTICE,3611;WB_1920_FINANCIAL_SECTOR_DEVELOPMENT,3611;WB_328_FINANCIAL_INTEGRITY,3611;WB_1014_CRIMINAL_JUSTICE,3611;WB_2082_LAW_ENFORCEMENT,3611;ARMEDCONFLICT,1189;ARMEDCONFLICT,2497;ARMEDCONFLICT,2735;CRISISLEX_C01_CHILDREN_AND_EDUCATION,1771;ACT_MAKESTATEMENT,1942;TAX_POLITICAL_PARTY_SOUTH_AFRICAN_COMMUNIST_PARTY,3391;SOC_GENERALCRIME,1220;SOC_GENERALCRIME,1376;SOC_GENERALCRIME,3222;EPU_CATS_MIGRATION_FEAR_FEAR,1220;EPU_CATS_MIGRATION_FEAR_FEAR,1376;EPU_CATS_MIGRATION_FEAR_FEAR,3222;CRISISLEX_T01_CAUTION_ADVICE,2442;GENERAL_GOVERNMENT,316;GENERAL_GOVERNMENT,3519;EPU_POLICY_GOVERNMENT,316;EPU_POLICY_GOVERNMENT,3519;WB_1428_INJURY,2387;WB_1406_DISEASES,2387;WB_621_HEALTH_NUTRITION_AND_POPULATION,2387;WB_1427_NON_COMMUNICABLE_DISEASE_AND_INJURY,2387;UNGP_FORESTS_RIVERS_OCEANS,384;UNGP_FORESTS_RIVERS_OCEANS,2005;WB_134_SOCIAL_DEVELOPMENT,3116;TAX_POLITICAL_PARTY_COMMUNIST_PARTY,3391;TAX_FNCACT_CRIMINALS,3235;ECON_WORKINGCLASS,3573;EDUCATION,3128;WB_470_EDUCATION,3128;WOUND,161;CRISISLEX_C03_WELLBEING_HEALTH,161;TAX_FNCACT_CANDIDATE,1705;TAX_FNCACT_CANDIDATE,2774;TAX_FNCACT_VICTIMS,2327;CRISISLEX_T08_MISSINGFOUNDTRAPPEDPEOPLE,2327;GOV_LOCALGOV,3519;WB_2142_LOCAL_GOVERNMENT,3519;WB_1502_EDUCATIONAL_DECENTRALIZATION,3519;WB_1497_EDUCATION_MANAGEMENT_AND_ADMINISTRATION,3519;LEGISLATION,2061;LEGISLATION,3599;EPU_POLICY_LAW,2061;EPU_POLICY_LAW,3599;TAX_FNCACT_COMMUNIST,3385;ELECTION,3528;EPU_POLICY_POLITICAL,267;EPU_POLICY_POLITICAL,3417;MANMADE_DISASTER_IMPLIED,788;SECURITY_SERVICES,343;SECURITY_SERVICES,957;TAX_FNCACT_POLICE,343;TAX_FNCACT_POLICE,957;CRISISLEX_C07_SAFETY,343;CRISISLEX_C07_SAFETY,957;TERROR,616;TERROR,2279;CRIME_COMMON_ROBBERY,806;RURAL,3703;TAX_FNCACT_WOMEN,907;WB_2433_CONFLICT_AND_VIOLENCE,428;WB_2432_FRAGILITY_CONFLICT_AND_VIOLENCE,428;UNGP_CRIME_VIOLENCE,428;TRANSPARENCY,1981;TAX_WEAPONS_FIREARMS,1411;TAX_WEAPONS_FIREARMS,1501;GENERAL_HEALTH,2405;MEDICAL,2405;USPEC_POLITICS_GENERAL1,1257;USPEC_POLITICS_GENERAL1,3391;USPEC_POLITICS_GENERAL1,3659;WB_2670_JOBS,3084;WB_2769_JOBS_STRATEGIES,3084;WB_2840_INTEGRATION,3084;WB_2836_MIGRATION_POLICIES_AND_JOBS,3084;"
20260928124500-983,20260928124500,timeslive.co.za,https://www.timeslive.co.za/news/south-africa/2026-09-28-watch-west-rand-tavern-shooting-death-toll-rises-to-18/,"TAX_FNCACT_COMMISSIONER,1136;CRISISLEX_CRISISLEXREC,9;TAX_FNCACT_VICTIMS,379;CRISISLEX_T08_MISSINGFOUNDTRAPPEDPEOPLE,379;MANMADE_DISASTER_IMPLIED,1011;MANMADE_DISASTER_IMPLIED,1025;TAX_FNCACT_SPOKESPERSON,183;SECURITY_SERVICES,170;SECURITY_SERVICES,461;SECURITY_SERVICES,780;SECURITY_SERVICES,841;SECURITY_SERVICES,1123;SECURITY_SERVICES,1482;SECURITY_SERVICES,1727;TAX_FNCACT_POLICE,170;TAX_FNCACT_POLICE,461;TAX_FNCACT_POLICE,780;TAX_FNCACT_POLICE,841;TAX_FNCACT_POLICE,1123;TAX_FNCACT_POLICE,1482;TAX_FNCACT_POLICE,1727;CRISISLEX_C07_SAFETY,170;CRISISLEX_C07_SAFETY,461;CRISISLEX_C07_SAFETY,780;CRISISLEX_C07_SAFETY,841;CRISISLEX_C07_SAFETY,1123;CRISISLEX_C07_SAFETY,1482;CRISISLEX_C07_SAFETY,1727;EPU_CATS_MIGRATION_FEAR_FEAR,1304;EPU_CATS_MIGRATION_FEAR_FEAR,1325;EPU_CATS_MIGRATION_FEAR_FEAR,1408;WB_2024_ANTI_CORRUPTION_AUTHORITIES,1345;WB_2024_ANTI_CORRUPTION_AUTHORITIES,1422;WB_696_PUBLIC_SECTOR_MANAGEMENT,1345;WB_696_PUBLIC_SECTOR_MANAGEMENT,1422;WB_840_JUSTICE,1345;WB_840_JUSTICE,1422;WB_2025_INVESTIGATION,1345;WB_2025_INVESTIGATION,1422;WB_831_GOVERNANCE,1345;WB_831_GOVERNANCE,1422;WB_832_ANTI_CORRUPTION,1345;WB_832_ANTI_CORRUPTION,1422;WB_1014_CRIMINAL_JUSTICE,1345;WB_1014_CRIMINAL_JUSTICE,1422;KILL,14;CRISISLEX_T01_CAUTION_ADVICE,14;TAX_FNCACT_DETECTIVES,1296;TAX_TERROR_GROUP_SOUTH_AFRICAN_NATIONAL_DEFENCE_FORCE,1704;TAX_FNCACT_BRIGADIER,1386;TERROR,650;CRISISLEX_T03_DEAD,9;WOUND,371;WOUND,831;CRISISLEX_T02_INJURED,371;CRISISLEX_T02_INJURED,831;ARREST,1949;CRIME_COMMON_ROBBERY,1285;CRIME_COMMON_ROBBERY,1611;TAX_FNCACT_VICTIM,218;TAX_FNCACT_POLICE_COMMISSIONER,1136;GENERAL_HEALTH,239;GENERAL_HEALTH,391;MEDICAL,239;MEDICAL,391;SOC_POINTSOFINTEREST_HOSPITAL,239;SOC_POINTSOFINTEREST_HOSPITAL,391;CRISISLEX_C03_WELLBEING_HEALTH,239;CRISISLEX_C03_WELLBEING_HEALTH,391;SOC_GENERALCRIME,1275;SOC_GENERALCRIME,1520;SOC_GENERALCRIME,1552;"
20260928123000-842,20260928123000,timeslive.co.za,https://www.timeslive.co.za/news/south-africa/2026-09-28-mapisa-nqakula-denies-soliciting-r2m-bribe-for-sandf-promotion/,"ECON_MONEYLAUNDERING,1342;WB_2076_MONEY_LAUNDERING,1342;WB_1920_FINANCIAL_SECTOR_DEVELOPMENT,1342;WB_328_FINANCIAL_INTEGRITY,1342;TAX_FNCACT_SURGEON_GENERAL,291;TAX_FNCACT_SURGEON_GENERAL,628;TAX_FNCACT_SURGEON_GENERAL,3193;WB_2024_ANTI_CORRUPTION_AUTHORITIES,3283;WB_696_PUBLIC_SECTOR_MANAGEMENT,3283;WB_840_JUSTICE,3283;WB_2025_INVESTIGATION,3283;WB_831_GOVERNANCE,3283;WB_832_ANTI_CORRUPTION,3283;WB_1014_CRIMINAL_JUSTICE,3283;GENERAL_GOVERNMENT,1542;EPU_POLICY_GOVERNMENT,1542;MEDICAL,283;MEDICAL,620;MEDICAL,3185;TAX_FNCACT_SURGEON,283;TAX_FNCACT_SURGEON,620;TAX_FNCACT_SURGEON,3185;TAX_FNCACT_MINISTER,79;TAX_FNCACT_MINISTER,1387;TAX_FNCACT_MINISTER,3898;TRIAL,1421;APPOINTMENT,789;APPOINTMENT,4002;TAX_FNCACT_CONTRACTOR,194;TAX_FNCACT_PROSECUTOR,2438;CRISISLEX_C07_SAFETY,2438;LEADER,4019;TAX_FNCACT_PRESIDENT,4019;USPEC_POLITICS_GENERAL1,4019;TAX_FNCACT_CANDIDATE,3872;TAX_FNCACT_DEPUTY,275;TAX_FNCACT_DEPUTY,3387;CORRUPTION,577;CORRUPTION,2531;TAX_FNCACT_ELDER,1271;WB_1609_FOOD_AND_IN_KIND_TRANSFERS,1271;WB_1620_ELDERLY,1271;WB_1466_SOCIAL_ASSISTANCE,1271;WB_1618_FOOD_DISTRIBUTION,1271;WB_697_SOCIAL_PROTECTION_AND_LABOR,1271;TAX_TERROR_GROUP_SOUTH_AFRICAN_NATIONAL_DEFENCE_FORCE,672;TAX_FNCACT_OFFICIALS,2853;TAX_FNCACT_OFFICIALS,3686;WB_838_PUBLIC_ACCOUNTABILITY_MECHANISMS,3810;TAX_WORLDFISH_COD,3628;TAX_FNCACT_VETERANS,70;"
20260928120000-1012,20260928120000,cnbcafrica.com,https://www.cnbcafrica.com/2026/south-african-rand-slips-as-us-iran-stalemate-pushes-oil-prices-higher,"TAX_ECON_PRICE,246;ECON_WORLDCURRENCIES_SOUTH_AFRICAN_RAND,49;ECON_WORLDCURRENCIES_SOUTH_AFRICAN_RAND,145;ECON_OILPRICE,246;ENV_OIL,239;WB_698_TRADE,183;"
20260928110000-118,20260928110000,timeslive.co.za,https://www.timeslive.co.za/news/south-africa/2026-09-28-poll-should-ramaphosa-consider-deploying-the-army-to-fight-violent-crime-in-ekurhuleni/,"LEGISLATION,307;EPU_POLICY_LAW,307;TAX_TERROR_GROUP_SOUTH_AFRICAN_NATIONAL_DEFENCE_FORCE,486;TAX_FNCACT_POLICE,694;CRISISLEX_C07_SAFETY,694;GENERAL_GOVERNMENT,141;EPU_POLICY_GOVERNMENT,141;KILL,29;TAX_FNCACT_WOMEN,22;SECURITY_SERVICES,319;WB_696_PUBLIC_SECTOR_MANAGEMENT,319;WB_840_JUSTICE,319;WB_1920_FINANCIAL_SECTOR_DEVELOPMENT,319;WB_328_FINANCIAL_INTEGRITY,319;WB_1014_CRIMINAL_JUSTICE,319;WB_2082_LAW_ENFORCEMENT,319;LEADER,332;TAX_FNCACT_PRESIDENT,332;USPEC_POLITICS_GENERAL1,332;EPU_CATS_MIGRATION_FEAR_FEAR,168;WB_2433_CONFLICT_AND_VIOLENCE,267;WB_2432_FRAGILITY_CONFLICT_AND_VIOLENCE,267;UNGP_CRIME_VIOLENCE,267;CRISISLEX_CRISISLEXREC,319;"
20260928110000-287,20260928110000,defenceweb.co.za,https://defenceweb.co.za/industry/industry-industry/making-headway-at-denel-landward/,"UNGP_FORESTS_RIVERS_OCEANS,276;GENERAL_GOVERNMENT,397;WB_2670_JOBS,535;WB_2670_JOBS,2473;WB_2769_JOBS_STRATEGIES,535;WB_2769_JOBS_STRATEGIES,2473;WB_2840_INTEGRATION,535;WB_2840_INTEGRATION,2473;WB_2836_MIGRATION_POLICIES_AND_JOBS,535;WB_2836_MIGRATION_POLICIES_AND_JOBS,2473;CRISISLEX_CRISISLEXREC,1856;SOC_INNOVATION,2497;SECURITY_SERVICES,2081;SECURITY_SERVICES,3038;TAX_FNCACT_POLICE,2081;TAX_FNCACT_POLICE,3038;CRISISLEX_C07_SAFETY,2081;CRISISLEX_C07_SAFETY,3038;TAX_TERROR_GROUP_SOUTH_AFRICAN_NATIONAL_DEFENCE_FORCE,1299;TAX_TERROR_GROUP_SOUTH_AFRICAN_NATIONAL_DEFENCE_FORCE,2312;CRISISLEX_T11_UPDATESSYMPATHY,2124;ARMEDCONFLICT,3903;UNGP_CRIME_VIOLENCE,2613;UNGP_CRIME_VIOLENCE,2983;UNGP_CRIME_VIOLENCE,3171;UNGP_CRIME_VIOLENCE,3308;DELAY,1772;USPEC_UNCERTAINTY1,1772;CRISISLEX_C04_LOGISTICS_TRANSPORT,1772;TAX_ETHNICITY_ARAB,825;MANMADE_DISASTER_IMPLIED,262;WB_2299_PIPELINES,262;WB_539_OIL_AND_GAS_POLICY_STRATEGY_AND_INSTITUTIONS,262;WB_507_ENERGY_AND_EXTRACTIVES,262;WB_548_PPP_IN_OIL_AND_GAS,262;EPU_CATS_NATIONAL_SECURITY,806;EPU_ECONOMY_HISTORIC,107;EPU_ECONOMY_HISTORIC,3822;WB_678_DIGITAL_GOVERNMENT,3717;WB_678_DIGITAL_GOVERNMENT,3971;WB_694_BROADCAST_AND_MEDIA,3717;WB_694_BROADCAST_AND_MEDIA,3971;WB_133_INFORMATION_AND_COMMUNICATION_TECHNOLOGIES,3717;WB_133_INFORMATION_AND_COMMUNICATION_TECHNOLOGIES,3971;MILITARY,780;MILITARY,2072;MILITARY,2909;LANDMINE,1850;TAX_WEAPONS_LANDMINE,1850;TAX_FNCACT_EXECUTIVE,1025;TAX_FNCACT_PILOT,4612;TAX_WEAPONS_ARTILLERY,318;TAX_WEAPONS_ARTILLERY,731;TAX_WEAPONS_ARTILLERY,885;TAX_WEAPONS_ARTILLERY,1235;TAX_WEAPONS_ARTILLERY,1452;"
20260928101500-124,20260928101500,allafrica.com,https://allafrica.com/stories/202609280003.html,"SOC_FASCISM,7488;KILL,210;KILL,242;KILL,1382;KILL,2243;KILL,2630;KILL,3276;KILL,3650;KILL,3728;KILL,4441;KILL,5877;KILL,6178;KILL,6608;KILL,6644;KILL,6976;KILL,7379;TERROR,210;TERROR,242;TERROR,1382;TERROR,2243;TERROR,2630;TERROR,3276;TERROR,3650;TERROR,3728;TERROR,4441;TERROR,5877;TERROR,6178;TERROR,6608;TERROR,6644;TERROR,6976;TERROR,7379;ARMEDCONFLICT,210;ARMEDCONFLICT,242;ARMEDCONFLICT,1382;ARMEDCONFLICT,2243;ARMEDCONFLICT,2630;ARMEDCONFLICT,3276;ARMEDCONFLICT,3650;ARMEDCONFLICT,3728;ARMEDCONFLICT,4441;ARMEDCONFLICT,5877;ARMEDCONFLICT,6178;ARMEDCONFLICT,6608;ARMEDCONFLICT,6644;ARMEDCONFLICT,6976;ARMEDCONFLICT,7379;VIOLENT_UNREST,6431;PROTEST,325;SELF_IDENTIFIED_ATROCITY,2975;SELF_IDENTIFIED_ATROCITY,7149;ARREST,5459;TAX_FNCACT_WOMEN,7299;TAX_FNCACT_WOMEN,7406;TAX_TERROR_GROUP_AFRICAN_NATIONAL_CONGRESS,1237;TAX_POLITICAL_PARTY_AFRICAN_NATIONAL_CONGRESS,1237;EPU_POLICY_LAW,6785;EPU_POLICY_LAW,6917;WOUND,1552;CRISISLEX_CRISISLEXREC,1552;CRISISLEX_C03_WELLBEING_HEALTH,1552;CRISISLEX_T02_INJURED,1552;USPEC_POLICY1,3061;BAN,5496;WB_2433_CONFLICT_AND_VIOLENCE,92;WB_2432_FRAGILITY_CONFLICT_AND_VIOLENCE,92;UNGP_CRIME_VIOLENCE,1845;SOC_GENERALCRIME,2958;SOC_GENERALCRIME,7132;EPU_CATS_MIGRATION_FEAR_FEAR,2958;EPU_CATS_MIGRATION_FEAR_FEAR,7132;MEDIA_SOCIAL,1099;TAX_FNCACT_WOMAN,5154;LEGISLATION,928;LEGISLATION,1167;JUSTICE,7206;IDEOLOGY,813;TAX_ETHNICITY_RUSSIAN,4063;TAX_WORLDLANGUAGES_RUSSIAN,4063;TAX_FNCACT_OFFICIALS,6570;TRIAL,6830;TAX_FNCACT_LAWYERS,6830;URBAN,1661;MOVEMENT_GENERAL,778;MOVEMENT_GENERAL,1205;TAX_ETHNICITY_BLACK,716;TAX_ETHNICITY_BLACK,1667;SECURITY_SERVICES,272;SECURITY_SERVICES,476;SECURITY_SERVICES,1398;SECURITY_SERVICES,5114;SECURITY_SERVICES,5370;SECURITY_SERVICES,6410;SECURITY_SERVICES,6538;SECURITY_SERVICES,6776;TAX_FNCACT_POLICE,272;TAX_FNCACT_POLICE,476;TAX_FNCACT_POLICE,1398;TAX_FNCACT_POLICE,5114;TAX_FNCACT_POLICE,5370;TAX_FNCACT_POLICE,6410;TAX_FNCACT_POLICE,6538;TAX_FNCACT_POLICE,6776;CRISISLEX_C07_SAFETY,272;CRISISLEX_C07_SAFETY,476;CRISISLEX_C07_SAFETY,1398;CRISISLEX_C07_SAFETY,5114;CRISISLEX_C07_SAFETY,5370;CRISISLEX_C07_SAFETY,6410;CRISISLEX_C07_SAFETY,6538;CRISISLEX_C07_SAFETY,6776;SELF_IDENTIFIED_HUMAN_RIGHTS,6847;WB_2203_HUMAN_RIGHTS,6847;TAX_FNCACT_PHOTOJOURNALIST,40;TAX_FNCACT_PHOTOJOURNALIST,3428;TAX_ETHNICITY_ENGLISH,3461;TAX_WORLDLANGUAGES_ENGLISH,3461;TAX_FNCACT_EDITOR,2357;SCIENCE,4855;TAX_POLITICAL_PARTY_SOUTH_AFRICAN_COMMUNIST_PARTY,1273;TAX_FNCACT_VICTIMS,6720;TAX_FNCACT_VICTIMS,6960;CRISISLEX_T08_MISSINGFOUNDTRAPPEDPEOPLE,6720;CRISISLEX_T08_MISSINGFOUNDTRAPPEDPEOPLE,6960;WB_840_JUSTICE,7202;TAX_FNCACT_OFFICERS,6547;CONFISCATION,5356;DISCRIMINATION,804;DISCRIMINATION,3052;DISCRIMINATION_RACE_RACIST,804;DISCRIMINATION_RACE_RACIST,3052;WB_2519_RESPONSES_TO_HUMAN_RIGHTS_ABUSES,6939;WB_2520_REPARATIONS,6939;TAX_WORLDMAMMALS_HUMAN,6840;AFFECT,7220;TAX_POLITICAL_PARTY_COMMUNIST_PARTY,1273;EPU_POLICY_GOVERNMENT,904;EPU_POLICY_GOVERNMENT,5806;EPU_POLICY_GOVERNMENT,6560;EPU_POLICY_GOVERNMENT,6763;TAX_FNCACT_VETERAN,24;SOC_POINTSOFINTEREST_POLICE_STATION,484;TAX_FNCACT_PHOTOGRAPHER,1588;TAX_FNCACT_PHOTOGRAPHER,2163;UNGP_FREEDOM_FROM_DISCRIMINATION,7571;MEDIA_MSM,1646;MEDIA_MSM,3592;MEDIA_MSM,5734;MEDIA_MSM,6022;TAX_FNCACT_COMMUNIST,1267;UNGP_FORESTS_RIVERS_OCEANS,3207;UNGP_FORESTS_RIVERS_OCEANS,3548;POLITICAL_TURMOIL,5424;STATE_OF_EMERGENCY,5424;WB_135_TRANSPORT,4913;WB_2670_JOBS,3407;WB_2670_JOBS,7622;WB_696_PUBLIC_SECTOR_MANAGEMENT,3407;WB_696_PUBLIC_SECTOR_MANAGEMENT,7622;WB_2048_COMPENSATION_CAREERS_AND_INCENTIVES,3407;WB_2048_COMPENSATION_CAREERS_AND_INCENTIVES,7622;WB_723_PUBLIC_ADMINISTRATION,3407;WB_723_PUBLIC_ADMINISTRATION,7622;WB_724_HUMAN_RESOURCES_FOR_PUBLIC_SECTOR,3407;WB_724_HUMAN_RESOURCES_FOR_PUBLIC_SECTOR,7622;GENERAL_GOVERNMENT,628;GENERAL_GOVERNMENT,1237;GENERAL_GOVERNMENT,1305;USPEC_POLITICS_GENERAL1,628;USPEC_POLITICS_GENERAL1,1237;USPEC_POLITICS_GENERAL1,1305;EPU_POLICY_CONGRESS,628;EPU_POLICY_CONGRESS,1237;EPU_POLICY_CONGRESS,1305;CRISISLEX_T03_DEAD,1524;CRISISLEX_T03_DEAD,4505;MANMADE_DISASTER_IMPLIED,2855;"
20260928093000-89,20260928093000,citizen.co.za,https://www.citizen.co.za/news/mthombeni-deploys-elite-saps-team-as-wedela-tavern-massacre-death-toll-rises/,"SOC_GENERALCRIME,156;SOC_GENERALCRIME,1943;EPU_CATS_MIGRATION_FEAR_FEAR,156;EPU_CATS_MIGRATION_FEAR_FEAR,1943;CRIME_COMMON_ROBBERY,870;TAX_FNCACT_VICTIM,887;GENERAL_HEALTH,908;GENERAL_HEALTH,1136;MEDICAL,908;MEDICAL,1136;SOC_POINTSOFINTEREST_HOSPITAL,908;SOC_POINTSOFINTEREST_HOSPITAL,1136;CRISISLEX_C03_WELLBEING_HEALTH,908;CRISISLEX_C03_WELLBEING_HEALTH,1136;LEADER,1729;TAX_FNCACT_PRESIDENT,1729;USPEC_POLITICS_GENERAL1,1729;TAX_FNCACT_POLICE_CHIEF,34;WB_696_PUBLIC_SECTOR_MANAGEMENT,180;WB_840_JUSTICE,180;WB_1014_CRIMINAL_JUSTICE,180;WB_678_DIGITAL_GOVERNMENT,1968;WB_694_BROADCAST_AND_MEDIA,1968;WB_133_INFORMATION_AND_COMMUNICATION_TECHNOLOGIES,1968;TAX_FNCACT_DETECTIVES,148;KILL,244;TERROR,244;ARMEDCONFLICT,244;WOUND,279;WOUND,1265;UNGP_CRIME_VIOLENCE,2024;ARREST,1682;TAX_MILITARY_TITLE_LIEUTENANT_GENERAL,53;TAX_FNCACT_LIEUTENANT_GENERAL,53;CRISISLEX_CRISISLEXREC,262;CRISISLEX_T02_INJURED,262;CRISISLEX_T03_DEAD,262;TAX_FNCACT_CHIEF,34;TAX_FNCACT_VICTIMS,1067;TAX_FNCACT_VICTIMS,1124;CRISISLEX_T08_MISSINGFOUNDTRAPPEDPEOPLE,1067;CRISISLEX_T08_MISSINGFOUNDTRAPPEDPEOPLE,1124;TAX_FNCACT_BRIGADIER,703;MEDIA_MSM,1968;SECURITY_SERVICES,28;SECURITY_SERVICES,307;SECURITY_SERVICES,680;SECURITY_SERVICES,1208;SECURITY_SERVICES,1666;TAX_FNCACT_POLICE,28;TAX_FNCACT_POLICE,307;TAX_FNCACT_POLICE,680;TAX_FNCACT_POLICE,1208;TAX_FNCACT_POLICE,1666;CRISISLEX_C07_SAFETY,28;CRISISLEX_C07_SAFETY,307;CRISISLEX_C07_SAFETY,680;CRISISLEX_C07_SAFETY,1208;CRISISLEX_C07_SAFETY,1666;WB_2468_CONVENTIONAL_WAR,1873;WB_2433_CONFLICT_AND_VIOLENCE,1873;WB_2432_FRAGILITY_CONFLICT_AND_VIOLENCE,1873;WB_2462_POLITICAL_VIOLENCE_AND_WAR,1873;TAX_TERROR_GROUP_SOUTH_AFRICAN_NATIONAL_DEFENCE_FORCE,1389;TAX_FNCACT_SPOKESPERSON,693;TAX_FNCACT_CRIMINALS,583;TAX_MILITARY_TITLE_LIEUTENANT,45;TAX_FNCACT_LIEUTENANT,45;"
20260928081500-27,20260928081500,jacarandafm.com,https://www.jacarandafm.com/news/news/wedela-tarven-shooting-death-toll-rises-to-18/,"CRISISLEX_T03_DEAD,62;TAX_FNCACT_BRIGADIER,479;CRIME_COMMON_ROBBERY,367;CRIME_COMMON_ROBBERY,695;TAX_FNCACT_POLICE_COMMISSIONER,232;TAX_TERROR_GROUP_SOUTH_AFRICAN_NATIONAL_DEFENCE_FORCE,996;TAX_DISEASE_WOUNDS,847;SECURITY_SERVICES,156;SECURITY_SERVICES,219;TAX_FNCACT_POLICE,156;TAX_FNCACT_POLICE,219;CRISISLEX_C07_SAFETY,156;CRISISLEX_C07_SAFETY,219;WB_2024_ANTI_CORRUPTION_AUTHORITIES,438;WB_2024_ANTI_CORRUPTION_AUTHORITIES,515;WB_696_PUBLIC_SECTOR_MANAGEMENT,438;WB_696_PUBLIC_SECTOR_MANAGEMENT,515;WB_840_JUSTICE,438;WB_840_JUSTICE,515;WB_2025_INVESTIGATION,438;WB_2025_INVESTIGATION,515;WB_831_GOVERNANCE,438;WB_831_GOVERNANCE,515;WB_832_ANTI_CORRUPTION,438;WB_832_ANTI_CORRUPTION,515;WB_1014_CRIMINAL_JUSTICE,438;WB_1014_CRIMINAL_JUSTICE,515;TAX_FNCACT_SPOKESPERSON,169;ARREST,1179;TAX_FNCACT_VICTIMS,742;CRISISLEX_T08_MISSINGFOUNDTRAPPEDPEOPLE,742;TAX_FNCACT_COMMISSIONER,232;SOC_GENERALCRIME,357;SOC_GENERALCRIME,602;SOC_GENERALCRIME,634;CRISISLEX_CRISISLEXREC,665;EPU_CATS_MIGRATION_FEAR_FEAR,397;EPU_CATS_MIGRATION_FEAR_FEAR,418;EPU_CATS_MIGRATION_FEAR_FEAR,501;MANMADE_DISASTER_IMPLIED,1208;UNGP_FORESTS_RIVERS_OCEANS,867;GENERAL_HEALTH,786;MEDICAL,786;SOC_POINTSOFINTEREST_HOSPITAL,786;CRISISLEX_C03_WELLBEING_HEALTH,786;WOUND,734;CRISISLEX_T02_INJURED,734;TAX_FNCACT_DETECTIVES,378;"
20260928074500-207,20260928074500,timeslive.co.za,https://www.timeslive.co.za/news/south-africa/2026-09-28-west-rand-tavern-shooting-death-toll-rises-to-18/,"GENERAL_HEALTH,239;GENERAL_HEALTH,391;MEDICAL,239;MEDICAL,391;SOC_POINTSOFINTEREST_HOSPITAL,239;SOC_POINTSOFINTEREST_HOSPITAL,391;CRISISLEX_C03_WELLBEING_HEALTH,239;CRISISLEX_C03_WELLBEING_HEALTH,391;CRISISLEX_T03_DEAD,9;EPU_CATS_MIGRATION_FEAR_FEAR,1304;EPU_CATS_MIGRATION_FEAR_FEAR,1325;EPU_CATS_MIGRATION_FEAR_FEAR,1408;CRISISLEX_CRISISLEXREC,9;TAX_FNCACT_COMMISSIONER,1136;KILL,14;CRISISLEX_T01_CAUTION_ADVICE,14;MANMADE_DISASTER_IMPLIED,1011;MANMADE_DISASTER_IMPLIED,1025;SECURITY_SERVICES,170;SECURITY_SERVICES,461;SECURITY_SERVICES,780;SECURITY_SERVICES,841;SECURITY_SERVICES,1123;SECURITY_SERVICES,1482;SECURITY_SERVICES,1727;TAX_FNCACT_POLICE,170;TAX_FNCACT_POLICE,461;TAX_FNCACT_POLICE,780;TAX_FNCACT_POLICE,841;TAX_FNCACT_POLICE,1123;TAX_FNCACT_POLICE,1482;TAX_FNCACT_POLICE,1727;CRISISLEX_C07_SAFETY,170;CRISISLEX_C07_SAFETY,461;CRISISLEX_C07_SAFETY,780;CRISISLEX_C07_SAFETY,841;CRISISLEX_C07_SAFETY,1123;CRISISLEX_C07_SAFETY,1482;CRISISLEX_C07_SAFETY,1727;TAX_FNCACT_VICTIM,218;CRIME_COMMON_ROBBERY,1285;CRIME_COMMON_ROBBERY,1611;WB_2024_ANTI_CORRUPTION_AUTHORITIES,1345;WB_2024_ANTI_CORRUPTION_AUTHORITIES,1422;WB_696_PUBLIC_SECTOR_MANAGEMENT,1345;WB_696_PUBLIC_SECTOR_MANAGEMENT,1422;WB_840_JUSTICE,1345;WB_840_JUSTICE,1422;WB_2025_INVESTIGATION,1345;WB_2025_INVESTIGATION,1422;WB_831_GOVERNANCE,1345;WB_831_GOVERNANCE,1422;WB_832_ANTI_CORRUPTION,1345;WB_832_ANTI_CORRUPTION,1422;WB_1014_CRIMINAL_JUSTICE,1345;WB_1014_CRIMINAL_JUSTICE,1422;TAX_TERROR_GROUP_SOUTH_AFRICAN_NATIONAL_DEFENCE_FORCE,1704;WOUND,371;WOUND,831;CRISISLEX_T02_INJURED,371;CRISISLEX_T02_INJURED,831;TAX_FNCACT_POLICE_COMMISSIONER,1136;TAX_FNCACT_SPOKESPERSON,183;TAX_FNCACT_DETECTIVES,1296;TAX_FNCACT_BRIGADIER,1386;TAX_FNCACT_VICTIMS,379;CRISISLEX_T08_MISSINGFOUNDTRAPPEDPEOPLE,379;ARREST,1949;SOC_GENERALCRIME,1275;SOC_GENERALCRIME,1520;SOC_GENERALCRIME,1552;TERROR,650;"
20260927173000-587,20260927173000,ewn.co.za,https://www.ewn.co.za/2026/09/27/sacp-demands-state-of-emergency-after-17-killed-in-cape-town-shootings,"APPOINTMENT,191;APPOINTMENT,1308;ALLIANCE,1509;CRISISLEX_C07_SAFETY,1546;EPU_ECONOMY,500;EPU_ECONOMY_HISTORIC,500;CRISISLEX_T01_CAUTION_ADVICE,990;GENERAL_GOVERNMENT,1534;EPU_POLICY_GOVERNMENT,1534;WOUND,847;CRISISLEX_C03_WELLBEING_HEALTH,847;TRANSPARENCY,1748;KILL,47;KILL,297;KILL,829;KILL,1038;CRISISLEX_T03_DEAD,47;CRISISLEX_T03_DEAD,297;CRISISLEX_T03_DEAD,829;CRISISLEX_T03_DEAD,1038;PROTEST,422;TAX_MILITARY_TITLE_MAJOR_GENERAL,1368;TAX_FNCACT_MAJOR_GENERAL,1368;TAX_FNCACT_WOMAN,344;CRISISLEX_CRISISLEXREC,31;CRISISLEX_CRISISLEXREC,281;CRISISLEX_CRISISLEXREC,613;POLITICAL_TURMOIL,31;POLITICAL_TURMOIL,281;POLITICAL_TURMOIL,613;STATE_OF_EMERGENCY,31;STATE_OF_EMERGENCY,281;STATE_OF_EMERGENCY,613;WB_696_PUBLIC_SECTOR_MANAGEMENT,1599;WB_831_GOVERNANCE,1599;WB_838_PUBLIC_ACCOUNTABILITY_MECHANISMS,1599;SECURITY_SERVICES,1589;SECURITY_SERVICES,2184;TAX_FNCACT_POLICE,1589;TAX_FNCACT_POLICE,2184;SLUMS,884;TAX_FNCACT_COMMUNIST,376;TAX_FNCACT_COMMUNIST,570;TAX_POLITICAL_PARTY_SOUTH_AFRICAN_COMMUNIST_PARTY,382;TAX_POLITICAL_PARTY_SOUTH_AFRICAN_COMMUNIST_PARTY,576;TERROR,1129;USPEC_POLICY1,446;EPU_POLICY_BUDGET,446;TAX_POLITICAL_PARTY_COMMUNIST_PARTY,382;TAX_POLITICAL_PARTY_COMMUNIST_PARTY,576;ORGANIZED_CRIME,2317;WB_2453_ORGANIZED_CRIME,2317;WB_2433_CONFLICT_AND_VIOLENCE,2317;WB_2432_FRAGILITY_CONFLICT_AND_VIOLENCE,2317;TAX_WEAPONS_FIREARMS,1777;TAX_WEAPONS_FIREARMS,2027;TAX_WEAPONS_FIREARMS,2299;TAX_FNCACT_SECRETARY,138;TAX_FNCACT_SECRETARY,1255;USPEC_POLITICS_GENERAL1,382;USPEC_POLITICS_GENERAL1,576;SOC_GENERALCRIME,221;SOC_GENERALCRIME,1338;SOC_GENERALCRIME,2317;EPU_CATS_MIGRATION_FEAR_FEAR,221;EPU_CATS_MIGRATION_FEAR_FEAR,1338;EPU_CATS_MIGRATION_FEAR_FEAR,2317;CRISISLEX_T02_INJURED,728;DEMOCRACY,1500;TAX_FNCACT_CRIMINALS,1790;TAX_FNCACT_CRIMINALS,2055;GENERAL_HEALTH,1013;MEDICAL,1013;SOC_POINTSOFINTEREST_HOSPITAL,1013;"
20260927140000-37,20260927140000,riotimesonline.com,https://www.riotimesonline.com/namibia-explained-2026/,"WB_444_MONETARY_POLICY,5671;WB_444_MONETARY_POLICY,10157;WB_439_MACROECONOMIC_AND_STRUCTURAL_POLICIES,5671;WB_439_MACROECONOMIC_AND_STRUCTURAL_POLICIES,10157;EPU_POLICY_MONETARY_POLICY,5671;EPU_POLICY_MONETARY_POLICY,10157;EPU_CATS_NATIONAL_SECURITY,2378;TAX_FNCACT_FINANCE_MINISTER,4426;AGRICULTURE,7690;AGRICULTURE,10888;TAX_ETHNICITY_AMERICANS,9344;TAX_ETHNICITY_AMERICANS,11828;ECON_TRANSPORT_COST,7068;MANMADE_DISASTER_IMPLIED,1840;TAX_FNCACT_OPERATOR,6532;TAX_WORLDLANGUAGES_LATIN,2978;TAX_WORLDLANGUAGES_LATIN,3120;TAX_WORLDLANGUAGES_LATIN,3298;TAX_FNCACT_PRODUCER,1477;SLFID_MINERAL_RESOURCES,1113;ECON_TAXATION,9428;ECON_TAXATION,10729;EPU_POLICY_TAX,9428;EPU_POLICY_TAX,10729;EPU_CATS_TAXES,9428;EPU_CATS_TAXES,10729;TAX_DISEASE_OUTBREAK,8559;TAX_DISEASE_OUTBREAK,10867;WB_635_PUBLIC_HEALTH,8559;WB_635_PUBLIC_HEALTH,10867;WB_2165_HEALTH_EMERGENCIES,8559;WB_2165_HEALTH_EMERGENCIES,10867;WB_2166_HEALTH_EMERGENCY_PREPAREDNESS_AND_DISASTER_RESPONSE,8559;WB_2166_HEALTH_EMERGENCY_PREPAREDNESS_AND_DISASTER_RESPONSE,10867;WB_2167_PANDEMICS,8559;WB_2167_PANDEMICS,10867;ECON_WORLDCURRENCIES_US_DOLLAR,455;ECON_WORLDCURRENCIES_US_DOLLAR,12250;SOC_GENERALCRIME,9700;EPU_CATS_MIGRATION_FEAR_FEAR,9700;ELECTION,3672;ELECTION,10258;ELECTION,11449;MEDICAL,9784;MEDICAL,12549;CRISISLEX_C03_WELLBEING_HEALTH,9784;CRISISLEX_C03_WELLBEING_HEALTH,12549;WB_775_TRADE_POLICY_AND_INTEGRATION,801;WB_775_TRADE_POLICY_AND_INTEGRATION,5252;WB_2576_REGIONAL_INTEGRATION,801;WB_2576_REGIONAL_INTEGRATION,5252;WB_2578_CUSTOMS_UNIONS,801;WB_2578_CUSTOMS_UNIONS,5252;WB_2575_TRADE_POLICY_AND_INVESTMENT_AGREEMENTS,801;WB_2575_TRADE_POLICY_AND_INVESTMENT_AGREEMENTS,5252;KILL,2139;CRISISLEX_T03_DEAD,2139;ECON_WORLDCURRENCIES_DOLLAR,356;ECON_WORLDCURRENCIES_DOLLAR,455;ECON_WORLDCURRENCIES_DOLLAR,5494;ECON_WORLDCURRENCIES_DOLLAR,12127;ECON_WORLDCURRENCIES_DOLLAR,12250;UNGP_FORESTS_RIVERS_OCEANS,5181;TAX_ECON_PRICE,5516;GENERAL_HEALTH,7666;TAX_DISEASE_DISEASE,7666;WB_1406_DISEASES,7666;WB_621_HEALTH_NUTRITION_AND_POPULATION,7666;UNGP_HEALTHCARE,7666;TAX_FNCACT_TROOPS,2132;TAX_ETHNICITY_HERERO,2155;TAX_WORLDLANGUAGES_HERERO,2155;ENV_OIL,821;ENV_OIL,1122;ENV_OIL,1153;ENV_OIL,1468;ENV_OIL,5991;ENV_OIL,6040;ENV_OIL,6427;ENV_OIL,9996;ENV_OIL,10313;ENV_OIL,10621;ENV_OIL,10670;ENV_OIL,10778;ENV_OIL,11067;ENV_OIL,11554;ENV_OIL,11785;ENV_MINING,4523;ENV_MINING,11127;EPU_POLICY_BUDGET,6925;EPU_POLICY_BUDGET,7209;EPU_POLICY_BUDGET,10210;TOURISM,5089;WB_825_TOURISM,5089;WB_1921_PRIVATE_SECTOR_DEVELOPMENT,5089;WB_346_COMPETITIVE_INDUSTRIES,5089;WB_818_INDUSTRY_POLICY_AND_REAL_SECTORS,5089;TAX_FNCACT_FARMERS,8573;SELF_IDENTIFIED_ATROCITY,2231;TERROR,2231;ARMEDCONFLICT,2231;WB_2507_HUMAN_RIGHTS_ABUSES_AND_VIOLATIONS,2231;WB_2203_HUMAN_RIGHTS,2231;WB_2509_GENOCIDE,2231;WB_2432_FRAGILITY_CONFLICT_AND_VIOLENCE,2231;TAX_ETHNICITY_PORTUGUESE,6096;TAX_WORLDLANGUAGES_PORTUGUESE,6096;TAX_ETHNICITY_AMERICAN,8636;TAX_RELIGION_CHURCHES,2547;WB_135_TRANSPORT,7062;CRISISLEX_CRISISLEXREC,4883;WB_566_ENVIRONMENT_AND_NATURAL_RESOURCES,5205;WB_3007_NATIONAL_PARKS,5205;WB_1833_PROTECTED_AREAS_SYSTEMS,5205;WB_1829_ECOSYSTEM_MANAGEMENT,5205;ECON_OILPRICE,10785;EPU_ECONOMY_HISTORIC,641;EPU_ECONOMY_HISTORIC,3600;ECON_CENTRALBANK,6764;ECON_CENTRALBANK,11085;WB_1235_CENTRAL_BANKS,6764;WB_1235_CENTRAL_BANKS,11085;WB_318_FINANCIAL_ARCHITECTURE_AND_BANKING,6764;WB_318_FINANCIAL_ARCHITECTURE_AND_BANKING,11085;WB_1920_FINANCIAL_SECTOR_DEVELOPMENT,6764;WB_1920_FINANCIAL_SECTOR_DEVELOPMENT,11085;WB_1234_BANKING_INSTITUTIONS,6764;WB_1234_BANKING_INSTITUTIONS,11085;EPU_POLICY_CENTRAL_BANK,6764;EPU_POLICY_CENTRAL_BANK,11085;ECON_INFLATION,6938;ECON_INFLATION,8240;WB_1104_MACROECONOMIC_VULNERABILITY_AND_DEBT,6938;WB_1104_MACROECONOMIC_VULNERABILITY_AND_DEBT,8240;WB_442_INFLATION,6938;WB_442_INFLATION,8240;BORDER,2049;LEADER,987;LEADER,3444;LEADER,3526;LEADER,3830;LEADER,4074;LEADER,11309;LEADER,11526;TAX_FNCACT_PRESIDENT,987;TAX_FNCACT_PRESIDENT,3444;TAX_FNCACT_PRESIDENT,3526;TAX_FNCACT_PRESIDENT,3830;TAX_FNCACT_PRESIDENT,4074;TAX_FNCACT_PRESIDENT,11309;TAX_FNCACT_PRESIDENT,11526;USPEC_POLITICS_GENERAL1,987;USPEC_POLITICS_GENERAL1,3444;USPEC_POLITICS_GENERAL1,3526;USPEC_POLITICS_GENERAL1,3830;USPEC_POLITICS_GENERAL1,4074;USPEC_POLITICS_GENERAL1,11309;USPEC_POLITICS_GENERAL1,11526;URBAN,1979;TAX_ETHNICITY_EUROPEANS,11840;WB_698_TRADE,421;WB_698_TRADE,12216;USPEC_POLICY1,668;USPEC_POLICY1,4508;USPEC_POLICY1,6738;EPU_ECONOMY,668;EPU_ECONOMY,4508;EPU_ECONOMY,6738;TAX_ETHNICITY_ENGLISH,507;TAX_WORLDLANGUAGES_ENGLISH,507;APPOINTMENT,4100;TAX_FNCACT_CONTRACTOR,8051;GENERAL_GOVERNMENT,877;GENERAL_GOVERNMENT,3556;GENERAL_GOVERNMENT,3591;GENERAL_GOVERNMENT,5353;GENERAL_GOVERNMENT,6494;GENERAL_GOVERNMENT,8130;GENERAL_GOVERNMENT,9958;EPU_POLICY_GOVERNMENT,877;EPU_POLICY_GOVERNMENT,3556;EPU_POLICY_GOVERNMENT,3591;EPU_POLICY_GOVERNMENT,5353;EPU_POLICY_GOVERNMENT,6494;EPU_POLICY_GOVERNMENT,8130;EPU_POLICY_GOVERNMENT,9958;ECON_INTEREST_RATES,5589;EPU_POLICY_INTEREST_RATES,5589;EPU_CATS_MONETARY_POLICY,5589;TAX_WORLDLANGUAGES_MOPANE,6123;TAX_WORLDLANGUAGES_MOPANE,6542;TAX_WORLDLANGUAGES_MOPANE,6622;TAX_FNCACT_OFFICIALS,8407;CRIME_COMMON_ROBBERY,9715;CRIME_COMMON_ROBBERY,12451;TAX_FNCACT_WOMAN,3820;TAX_FNCACT_WOMAN,11516;EPU_POLICY_MINISTRY_OF_FINANCE,10247;EPU_POLICY_POLICY,5671;EPU_POLICY_POLICY,10157;PROPERTY_RIGHTS,2485;WB_888_LAND_TENURE,2485;WB_170_AGRICULTURAL_POLICIES,2485;WB_435_AGRICULTURE_AND_FOOD_SECURITY,2485;TAX_ETHNICITY_GERMAN,612;TAX_ETHNICITY_GERMAN,2523;TAX_ETHNICITY_GERMAN,2783;TAX_WORLDLANGUAGES_GERMAN,612;TAX_WORLDLANGUAGES_GERMAN,2523;TAX_WORLDLANGUAGES_GERMAN,2783;WB_696_PUBLIC_SECTOR_MANAGEMENT,10769;WB_840_JUSTICE,10769;WB_2473_DIPLOMACY_AND_NEGOTIATIONS,10769;WB_939_NEGOTIATION,10769;WB_2470_PEACE_OPERATIONS_AND_CONFLICT_MANAGEMENT,10769;WB_936_ALTERNATIVE_DISPUTE_RESOLUTION,10769;WB_843_DISPUTE_RESOLUTION,10769;WB_2471_PEACEKEEPING,10769;TAX_ETHNICITY_CHINESE,4670;TAX_WORLDLANGUAGES_CHINESE,4670;TAX_WORLDLANGUAGES_AFRIKAANS,603;WB_405_BUSINESS_CLIMATE,12064;WB_2531_INSPECTIONS_LICENSING_AND_PERMITS,12064;WB_2530_BUSINESS_ENVIRONMENT,12064;TAX_FNCACT_TOURISTS,5124;TAX_FNCACT_OFFICIAL,528;EPU_POLICY_DEFICIT,7268;WB_1281_MANUFACTURING,11143;TAX_FNCACT_MINISTER,3574;TAX_FNCACT_MINISTER,4389;TAX_FNCACT_MINISTER,4426;ECON_DEBT,7163;ECON_DEBT,7218;WB_450_DEBT,7163;WB_450_DEBT,7218;TAX_FNCACT_LEADERS,1573;TAX_RELIGION_CHURCH,2669;TAX_RELIGION_CHURCH,2732;ECON_WORLDCURRENCIES_SOUTH_AFRICAN_RAND,410;ECON_WORLDCURRENCIES_SOUTH_AFRICAN_RAND,12169;DEMOCRACY,1445;UNGP_POLITICAL_FREEDOMS,1445;ECON_DEVELOPMENTORGS_WORLD_BANK,242;ECON_DEVELOPMENTORGS_WORLD_BANK,10139;EPU_POLICY_POLITICAL,2506;TAX_FNCACT_HEAD_OF_STATE,3543;TAX_FNCACT_PRIME_MINISTER,3574;TAX_FNCACT_PRIME_MINISTER,4389;TAKE_OFFICE,3790;TAKE_OFFICE,11482;TAX_FNCACT_TOURIST,9248;"
20260927140000-335,20260927140000,riotimesonline.com,https://www.riotimesonline.com/botswana-explained-2026/,"TOURISM,2850;TOURISM,12708;WB_825_TOURISM,2850;WB_825_TOURISM,12708;WB_1921_PRIVATE_SECTOR_DEVELOPMENT,2850;WB_1921_PRIVATE_SECTOR_DEVELOPMENT,12708;WB_346_COMPETITIVE_INDUSTRIES,2850;WB_346_COMPETITIVE_INDUSTRIES,12708;WB_818_INDUSTRY_POLICY_AND_REAL_SECTORS,2850;WB_818_INDUSTRY_POLICY_AND_REAL_SECTORS,12708;EPU_POLICY_BUDGET,4979;EPU_POLICY_BUDGET,9101;EPU_POLICY_BUDGET,9167;EPU_POLICY_BUDGET,10882;EPU_POLICY_BUDGET,12612;ENV_MINING,4623;ENV_MINING,5303;ENV_MINING,5497;ENV_MINING,6591;GENERAL_HEALTH,8151;TAX_DISEASE_DISEASE,8151;WB_1406_DISEASES,8151;WB_621_HEALTH_NUTRITION_AND_POPULATION,8151;UNGP_HEALTHCARE,8151;WB_695_POVERTY,2671;INEQUALITY,2671;WB_135_TRANSPORT,1974;WB_1803_TRANSPORT_INFRASTRUCTURE,1974;WB_166_RAILWAYS,1974;CRISISLEX_C04_LOGISTICS_TRANSPORT,1974;WB_635_PUBLIC_HEALTH,8296;WB_2165_HEALTH_EMERGENCIES,8296;WB_2166_HEALTH_EMERGENCY_PREPAREDNESS_AND_DISASTER_RESPONSE,8296;WB_2167_PANDEMICS,8296;HEALTH_VACCINATION,8312;HEALTH_VACCINATION,11927;ECON_CENTRALBANK,4805;ECON_CENTRALBANK,6964;ECON_CENTRALBANK,7808;ECON_CENTRALBANK,8835;ECON_CENTRALBANK,13069;WB_1235_CENTRAL_BANKS,4805;WB_1235_CENTRAL_BANKS,6964;WB_1235_CENTRAL_BANKS,7808;WB_1235_CENTRAL_BANKS,8835;WB_1235_CENTRAL_BANKS,13069;WB_318_FINANCIAL_ARCHITECTURE_AND_BANKING,4805;WB_318_FINANCIAL_ARCHITECTURE_AND_BANKING,6964;WB_318_FINANCIAL_ARCHITECTURE_AND_BANKING,7808;WB_318_FINANCIAL_ARCHITECTURE_AND_BANKING,8835;WB_318_FINANCIAL_ARCHITECTURE_AND_BANKING,13069;WB_1920_FINANCIAL_SECTOR_DEVELOPMENT,4805;WB_1920_FINANCIAL_SECTOR_DEVELOPMENT,6964;WB_1920_FINANCIAL_SECTOR_DEVELOPMENT,7808;WB_1920_FINANCIAL_SECTOR_DEVELOPMENT,8835;WB_1920_FINANCIAL_SECTOR_DEVELOPMENT,13069;WB_1234_BANKING_INSTITUTIONS,4805;WB_1234_BANKING_INSTITUTIONS,6964;WB_1234_BANKING_INSTITUTIONS,7808;WB_1234_BANKING_INSTITUTIONS,8835;WB_1234_BANKING_INSTITUTIONS,13069;EPU_POLICY_CENTRAL_BANK,4805;EPU_POLICY_CENTRAL_BANK,6964;EPU_POLICY_CENTRAL_BANK,7808;EPU_POLICY_CENTRAL_BANK,8835;EPU_POLICY_CENTRAL_BANK,13069;BORDER,119;ECON_INFLATION,6853;ECON_INFLATION,8885;ECON_INFLATION,8990;WB_1104_MACROECONOMIC_VULNERABILITY_AND_DEBT,6853;WB_1104_MACROECONOMIC_VULNERABILITY_AND_DEBT,8885;WB_1104_MACROECONOMIC_VULNERABILITY_AND_DEBT,8990;WB_442_INFLATION,6853;WB_442_INFLATION,8885;WB_442_INFLATION,8990;EPU_CATS_DEBT_CEILING_GOV_SHUTDOWN,7266;EPU_CATS_FISCAL_POLICY,7266;TAX_ETHNICITY_AMERICAN,8621;TAX_ETHNICITY_AMERICAN,11226;WB_696_PUBLIC_SECTOR_MANAGEMENT,7201;WB_713_PUBLIC_FINANCE,7201;AGRICULTURE,8111;WB_435_AGRICULTURE_AND_FOOD_SECURITY,8111;WB_177_ANIMAL_PRODUCTION,8111;WB_1949_CLIMATE_SMART_AGRICULTURE,8111;TAX_ETHNICITY_SETSWANA,531;TAX_WORLDLANGUAGES_LATIN,2981;TAX_WORLDLANGUAGES_LATIN,3123;TAX_WORLDLANGUAGES_LATIN,3301;EPU_POLICY_DUMA,869;EPU_POLICY_DUMA,4097;EPU_POLICY_DUMA,12067;WB_566_ENVIRONMENT_AND_NATURAL_RESOURCES,2104;WB_594_WETLANDS,2104;WB_590_ECOSYSTEMS,2104;TAKE_OFFICE,4150;TAKE_OFFICE,12145;WB_444_MONETARY_POLICY,10802;EPU_POLICY_MONETARY_POLICY,10802;LEGISLATION,3845;EPU_POLICY_LAW,3845;TAX_FNCACT_FINANCE_MINISTER,7332;TAX_FNCACT_FINANCE_MINISTER,7652;TAX_FNCACT_FINANCE_MINISTER,12295;TAX_ETHNICITY_AMERICANS,9815;TAX_ETHNICITY_AMERICANS,12644;TRIAL,4113;TRIAL,12083;TAX_FNCACT_LAWYER,4113;TAX_FNCACT_LAWYER,12083;SLFID_ECONOMIC_DEVELOPMENTAID,5367;IMMIGRATION,9992;WB_2769_JOBS_STRATEGIES,9992;WB_2837_IMMIGRATION,9992;WB_2836_MIGRATION_POLICIES_AND_JOBS,9992;EPU_CATS_MIGRATION_FEAR_MIGRATION,9992;TAX_FNCACT_MINISTER_OF_FINANCE,4395;ALLIANCE,4074;ALLIANCE,4128;ALLIANCE,12171;ECON_TAXATION,7397;ECON_TAXATION,7539;ECON_TAXATION,9999;ECON_TAXATION,10079;ECON_TAXATION,10102;ECON_TAXATION,10888;EPU_POLICY_TAX,7397;EPU_POLICY_TAX,7539;EPU_POLICY_TAX,9999;EPU_POLICY_TAX,10079;EPU_POLICY_TAX,10102;EPU_POLICY_TAX,10888;ECON_DEVELOPMENTORGS_INTERNATIONAL_MONETARY_FUND,5905;ECON_WORLDCURRENCIES_US_DOLLAR,419;ECON_WORLDCURRENCIES_US_DOLLAR,13043;SOC_GENERALCRIME,10321;SOC_GENERALCRIME,13398;MEDICAL,10447;CRISISLEX_C03_WELLBEING_HEALTH,10447;ELECTION,3523;ELECTION,3987;ELECTION,4480;WB_775_TRADE_POLICY_AND_INTEGRATION,5567;WB_2576_REGIONAL_INTEGRATION,5567;WB_2578_CUSTOMS_UNIONS,5567;WB_2575_TRADE_POLICY_AND_INVESTMENT_AGREEMENTS,5567;ECON_WORLDCURRENCIES_DOLLAR,419;ECON_WORLDCURRENCIES_DOLLAR,13043;UNEMPLOYMENT,2520;UNEMPLOYMENT,2646;WB_2745_JOB_QUALITY_AND_LABOR_MARKET_PERFORMANCE,2520;WB_2745_JOB_QUALITY_AND_LABOR_MARKET_PERFORMANCE,2646;WB_2670_JOBS,2520;WB_2670_JOBS,2646;WB_2689_JOBS_DIAGNOSTICS,2520;WB_2689_JOBS_DIAGNOSTICS,2646;WB_2747_UNEMPLOYMENT,2520;WB_2747_UNEMPLOYMENT,2646;UNGP_JOB_OPPORTUNITIES_EMPLOYMENT,2520;UNGP_JOB_OPPORTUNITIES_EMPLOYMENT,2646;TAX_FNCACT_LEADER,3600;TAX_FNCACT_LEADER,4135;WB_405_BUSINESS_CLIMATE,9957;WB_2531_INSPECTIONS_LICENSING_AND_PERMITS,9957;WB_2530_BUSINESS_ENVIRONMENT,9957;TAX_FNCACT_OFFICIAL,487;TAX_FNCACT_OFFICIAL,2590;EPU_POLICY_DEFICIT,7677;ECON_DEBT,7258;ECON_DEBT,10602;ECON_DEBT,11598;ECON_DEBT,11628;WB_450_DEBT,7258;WB_450_DEBT,10602;WB_450_DEBT,11598;WB_450_DEBT,11628;TAX_FNCACT_MINISTER,4384;TAX_FNCACT_MINISTER,7332;TAX_FNCACT_MINISTER,7652;TAX_FNCACT_MINISTER,12295;TAX_FNCACT_CHIEFS,3818;EPU_POLICY_MINISTRY_OF_FINANCE,10925;TAX_FNCACT_EXECUTIVE,821;TAX_FNCACT_EXECUTIVE,11185;EPU_POLICY_POLICY,7037;EPU_POLICY_POLICY,10802;TAX_ECON_PRICE,6616;TAX_ECON_PRICE,6819;TAX_ECON_PRICE,11440;TAX_POLITICAL_PARTY_DEMOCRATIC_PARTY,3926;TAX_POLITICAL_PARTY_DEMOCRATIC_PARTY,12238;TAX_FNCACT_SPEAKER,4428;ECON_WORLDCURRENCIES_SOUTH_AFRICAN_RAND,5843;ECON_WORLDCURRENCIES_SOUTH_AFRICAN_RAND,13131;UNGP_POLITICAL_FREEDOMS,961;GEN_HOLIDAY,8555;ECON_DEVELOPMENTORGS_WORLD_BANK,229;ECON_DEVELOPMENTORGS_WORLD_BANK,1865;ECON_DEVELOPMENTORGS_WORLD_BANK,2392;ECON_DEVELOPMENTORGS_WORLD_BANK,10762;INCOME_INEQUALITY,2671;WB_700_INEQUALITY_AND_SHARED_PROSPERITY,2671;WB_2668_INCOME_INEQUALITY,2671;TAX_FNCACT_INVESTOR,9540;TAX_FNCACT_CHIEF,11175;EPU_POLICY_POLITICAL,10396;WB_698_TRADE,382;WB_698_TRADE,13006;ECON_BUDGET_DEFICIT,10602;USPEC_POLICY1,609;USPEC_POLICY1,4512;EPU_ECONOMY,609;EPU_ECONOMY,4512;EPU_ECONOMY_HISTORIC,609;EPU_ECONOMY_HISTORIC,4512;TAX_ETHNICITY_ENGLISH,471;TAX_WORLDLANGUAGES_ENGLISH,471;WB_1973_FINANCIAL_RISK_REDUCTION,13498;WB_337_INSURANCE,13498;WB_1967_AGRICULTURAL_RISK_AND_SECURITY,13498;WB_286_TELECOMMUNICATIONS_AND_BROADBAND_ACCESS,6068;WB_286_TELECOMMUNICATIONS_AND_BROADBAND_ACCESS,6222;WB_2120_SATELLITES,6068;WB_2120_SATELLITES,6222;WB_2329_ACCESS_AND_CONNECTIVITY,6068;WB_2329_ACCESS_AND_CONNECTIVITY,6222;WB_133_INFORMATION_AND_COMMUNICATION_TECHNOLOGIES,6068;WB_133_INFORMATION_AND_COMMUNICATION_TECHNOLOGIES,6222;TAX_FNCACT_BUYER,8710;EVACUATION,10458;EVACUATION,13514;CRISISLEX_T01_CAUTION_ADVICE,10458;CRISISLEX_T01_CAUTION_ADVICE,13514;CRISISLEX_T09_DISPLACEDRELOCATEDEVACUATED,10458;CRISISLEX_T09_DISPLACEDRELOCATEDEVACUATED,13514;LEADER,831;LEADER,893;LEADER,3497;LEADER,3568;LEADER,3634;LEADER,4182;LEADER,9400;LEADER,12041;TAX_FNCACT_PRESIDENT,831;TAX_FNCACT_PRESIDENT,893;TAX_FNCACT_PRESIDENT,3497;TAX_FNCACT_PRESIDENT,3568;TAX_FNCACT_PRESIDENT,3634;TAX_FNCACT_PRESIDENT,4182;TAX_FNCACT_PRESIDENT,9400;TAX_FNCACT_PRESIDENT,12041;USPEC_POLITICS_GENERAL1,831;USPEC_POLITICS_GENERAL1,893;USPEC_POLITICS_GENERAL1,3497;USPEC_POLITICS_GENERAL1,3568;USPEC_POLITICS_GENERAL1,3634;USPEC_POLITICS_GENERAL1,4182;USPEC_POLITICS_GENERAL1,9400;USPEC_POLITICS_GENERAL1,12041;ACT_MAKESTATEMENT,8023;TAX_ETHNICITY_EUROPEANS,12656;TAX_POLITICAL_PARTY_BOTSWANA_DEMOCRATIC_PARTY,3926;TAX_POLITICAL_PARTY_BOTSWANA_DEMOCRATIC_PARTY,12238;ECON_INTEREST_RATES,1477;EPU_POLICY_INTEREST_RATES,1477;EPU_CATS_MONETARY_POLICY,1477;TAX_FNCACT_CHIEF_EXECUTIVE,11185;WB_1236_COMMERCIAL_BANKING,7133;EPU_CATS_TAXES,1460;EPU_CATS_TAXES,4873;EPU_CATS_TAXES,10658;EPU_CATS_TAXES,11735;EPU_CATS_TAXES,12574;WB_1121_TAXATION,7402;WB_439_MACROECONOMIC_AND_STRUCTURAL_POLICIES,7402;WB_1893_TAX_LAW,7402;WB_445_FISCAL_POLICY,7402;EPU_CATS_MIGRATION_FEAR_FEAR,8129;GENERAL_GOVERNMENT,510;GENERAL_GOVERNMENT,778;GENERAL_GOVERNMENT,4610;GENERAL_GOVERNMENT,5024;GENERAL_GOVERNMENT,9717;GENERAL_GOVERNMENT,11019;GENERAL_GOVERNMENT,11761;EPU_POLICY_GOVERNMENT,510;EPU_POLICY_GOVERNMENT,778;EPU_POLICY_GOVERNMENT,4610;EPU_POLICY_GOVERNMENT,5024;EPU_POLICY_GOVERNMENT,9717;EPU_POLICY_GOVERNMENT,11019;EPU_POLICY_GOVERNMENT,11761;"
20260927131500-252,20260927131500,maravipost.com,https://www.maravipost.com/exclusive-malawi-cabinet-ministers-chipungu-mukhito-named-in-pijs-sarker-smuggling-kidnapping-ring-investigations/,"TAX_ECON_PRICE,13854;TAX_FNCACT_CRIMINAL,2419;TAX_FNCACT_CRIMINAL,11359;TAX_FNCACT_CRIMINAL,13720;TAX_FNCACT_CRIMINAL,15108;TAX_FNCACT_COLUMNISTS,17414;USPEC_UNCERTAINTY1,4719;TAX_MILITARY_TITLE_OFFICERS,382;TAX_MILITARY_TITLE_OFFICERS,1506;TAX_MILITARY_TITLE_OFFICERS,2521;TAX_MILITARY_TITLE_OFFICERS,8584;TAX_MILITARY_TITLE_OFFICERS,10956;TAX_MILITARY_TITLE_OFFICERS,11847;TAX_MILITARY_TITLE_OFFICERS,13951;TAX_MILITARY_TITLE_OFFICERS,14288;TAX_MILITARY_TITLE_OFFICERS,15400;TAX_MILITARY_TITLE_OFFICERS,15640;TAX_FNCACT_OFFICERS,382;TAX_FNCACT_OFFICERS,1506;TAX_FNCACT_OFFICERS,2521;TAX_FNCACT_OFFICERS,8584;TAX_FNCACT_OFFICERS,10956;TAX_FNCACT_OFFICERS,11847;TAX_FNCACT_OFFICERS,13951;TAX_FNCACT_OFFICERS,14288;TAX_FNCACT_OFFICERS,15400;TAX_FNCACT_OFFICERS,15640;WHISTLEBLOWER,11152;TAX_MILITARY_TITLE_OFFICER,8881;TAX_MILITARY_TITLE_OFFICER,9093;TAX_MILITARY_TITLE_OFFICER,13695;TAX_FNCACT_OFFICER,8881;TAX_FNCACT_OFFICER,9093;TAX_FNCACT_OFFICER,13695;CORRUPTION,2936;CORRUPTION,13255;WB_2019_ANTI_CORRUPTION_LEGISLATION,2936;WB_2019_ANTI_CORRUPTION_LEGISLATION,13255;WB_2020_BRIBERY_FRAUD_AND_COLLUSION,2936;WB_2020_BRIBERY_FRAUD_AND_COLLUSION,13255;TAX_ETHNICITY_BANGLADESHI,2039;TAX_ETHNICITY_BANGLADESHI,2191;TAX_ETHNICITY_BANGLADESHI,8156;TAX_ETHNICITY_BANGLADESHI,9713;TAX_ETHNICITY_BANGLADESHI,10688;TAX_ETHNICITY_BANGLADESHI,14569;CONFISCATION,8561;TRIAL,10708;TAX_FNCACT_FACILITATORS,15691;WB_2745_JOB_QUALITY_AND_LABOR_MARKET_PERFORMANCE,14090;WB_2689_JOBS_DIAGNOSTICS,14090;WB_2748_EMPLOYMENT,14090;EPU_CATS_MIGRATION_FEAR_FEAR,9805;TAX_FNCACT_PROSECUTORS,11579;UNGP_FORESTS_RIVERS_OCEANS,8947;TAX_WORLDMAMMALS_HUMAN,85;TAX_WORLDMAMMALS_HUMAN,1583;TAX_WORLDMAMMALS_HUMAN,3159;TAX_WORLDMAMMALS_HUMAN,13233;TAX_WORLDMAMMALS_HUMAN,14471;TAX_FNCACT_APPOINTEES,9262;TAX_FNCACT_CHIEF,5264;IMMIGRATION,3083;IMMIGRATION,4953;IMMIGRATION,8873;IMMIGRATION,10249;IMMIGRATION,14109;IMMIGRATION,15616;IMMIGRATION,16834;WB_2670_JOBS,3083;WB_2670_JOBS,4953;WB_2670_JOBS,8873;WB_2670_JOBS,10249;WB_2670_JOBS,14109;WB_2670_JOBS,15616;WB_2670_JOBS,16834;WB_2769_JOBS_STRATEGIES,3083;WB_2769_JOBS_STRATEGIES,4953;WB_2769_JOBS_STRATEGIES,8873;WB_2769_JOBS_STRATEGIES,10249;WB_2769_JOBS_STRATEGIES,14109;WB_2769_JOBS_STRATEGIES,15616;WB_2769_JOBS_STRATEGIES,16834;WB_2837_IMMIGRATION,3083;WB_2837_IMMIGRATION,4953;WB_2837_IMMIGRATION,8873;WB_2837_IMMIGRATION,10249;WB_2837_IMMIGRATION,14109;WB_2837_IMMIGRATION,15616;WB_2837_IMMIGRATION,16834;WB_2836_MIGRATION_POLICIES_AND_JOBS,3083;WB_2836_MIGRATION_POLICIES_AND_JOBS,4953;WB_2836_MIGRATION_POLICIES_AND_JOBS,8873;WB_2836_MIGRATION_POLICIES_AND_JOBS,10249;WB_2836_MIGRATION_POLICIES_AND_JOBS,14109;WB_2836_MIGRATION_POLICIES_AND_JOBS,15616;WB_2836_MIGRATION_POLICIES_AND_JOBS,16834;TAX_FNCACT_AUTHOR,17375;TAX_ETHNICITY_AMERICAN,919;TAX_ETHNICITY_AMERICAN,1820;TAX_ETHNICITY_AMERICAN,2322;TAX_ETHNICITY_AMERICAN,14777;TAX_ETHNICITY_AMERICAN,16370;GENERAL_GOVERNMENT,3603;WB_137_WATER,12188;WB_2449_PARAMILITARIES,10525;TAX_TERROR_GROUP_DEMOCRATIC_PROGRESSIVE_PARTY,4748;TAX_POLITICAL_PARTY_DEMOCRATIC_PROGRESSIVE_PARTY,4748;BORDER,342;BORDER,1259;BORDER,8753;BORDER,9272;BORDER,9657;BORDER,11775;BORDER,16131;ARREST,888;ARREST,14637;ARREST,15351;CRISISLEX_C07_SAFETY,888;CRISISLEX_C07_SAFETY,14637;CRISISLEX_C07_SAFETY,15351;TAX_FNCACT_MAN,1391;TAX_FNCACT_MAN,1752;TAX_FNCACT_MAN,11909;TAX_FNCACT_IMMIGRATION_OFFICER,8881;EPU_POLICY_CONGRESS,3981;TAX_FNCACT_INSPECTOR,6491;TAX_FNCACT_INSPECTOR,12697;LEGISLATION,584;LEGISLATION,10854;LEGISLATION,11085;LEGISLATION,12426;LEGISLATION,15538;EPU_POLICY_LAW,584;EPU_POLICY_LAW,10854;EPU_POLICY_LAW,11085;EPU_POLICY_LAW,12426;EPU_POLICY_LAW,15538;TAX_FNCACT_MAGISTRATE,12354;APPOINTMENT,7805;WB_2299_PIPELINES,9305;WB_2299_PIPELINES,17176;WB_539_OIL_AND_GAS_POLICY_STRATEGY_AND_INSTITUTIONS,9305;WB_539_OIL_AND_GAS_POLICY_STRATEGY_AND_INSTITUTIONS,17176;WB_507_ENERGY_AND_EXTRACTIVES,9305;WB_507_ENERGY_AND_EXTRACTIVES,17176;WB_548_PPP_IN_OIL_AND_GAS,9305;WB_548_PPP_IN_OIL_AND_GAS,17176;TAX_FNCACT_COMMANDERS,622;TAX_FNCACT_COMMANDERS,14844;WB_2470_PEACE_OPERATIONS_AND_CONFLICT_MANAGEMENT,2512;WB_2470_PEACE_OPERATIONS_AND_CONFLICT_MANAGEMENT,13533;WB_2490_NATIONAL_PROTECTION_AND_SECURITY,2512;WB_2490_NATIONAL_PROTECTION_AND_SECURITY,13533;KIDNAP,10562;KIDNAP,11478;KIDNAP,13382;TAX_FNCACT_LAWYER,13005;HUMAN_TRAFFICKING,97;HUMAN_TRAFFICKING,1595;HUMAN_TRAFFICKING,13245;WB_2458_HUMAN_TRAFFICKING,97;WB_2458_HUMAN_TRAFFICKING,1595;WB_2458_HUMAN_TRAFFICKING,13245;WB_2453_ORGANIZED_CRIME,97;WB_2453_ORGANIZED_CRIME,1595;WB_2453_ORGANIZED_CRIME,13245;WB_2433_CONFLICT_AND_VIOLENCE,97;WB_2433_CONFLICT_AND_VIOLENCE,1595;WB_2433_CONFLICT_AND_VIOLENCE,13245;WB_2432_FRAGILITY_CONFLICT_AND_VIOLENCE,97;WB_2432_FRAGILITY_CONFLICT_AND_VIOLENCE,1595;WB_2432_FRAGILITY_CONFLICT_AND_VIOLENCE,13245;EPU_CATS_MIGRATION_FEAR_MIGRATION,97;EPU_CATS_MIGRATION_FEAR_MIGRATION,1595;EPU_CATS_MIGRATION_FEAR_MIGRATION,13245;ECON_WORLDCURRENCIES_SOUTH_AFRICAN_RAND,11653;EPU_ECONOMY_HISTORIC,276;EPU_ECONOMY_HISTORIC,7856;EPU_ECONOMY_HISTORIC,11295;EPU_ECONOMY_HISTORIC,15891;WB_2492_COUNTER_TERRORISM,14951;TAX_FNCACT_INSPECTOR_GENERAL,6499;TAX_FNCACT_INSPECTOR_GENERAL,12705;KILL,1647;WB_2024_ANTI_CORRUPTION_AUTHORITIES,2099;WB_2024_ANTI_CORRUPTION_AUTHORITIES,2480;WB_2024_ANTI_CORRUPTION_AUTHORITIES,2628;WB_2024_ANTI_CORRUPTION_AUTHORITIES,6358;WB_2024_ANTI_CORRUPTION_AUTHORITIES,6808;WB_2024_ANTI_CORRUPTION_AUTHORITIES,6852;WB_2024_ANTI_CORRUPTION_AUTHORITIES,7741;WB_2024_ANTI_CORRUPTION_AUTHORITIES,15823;WB_2024_ANTI_CORRUPTION_AUTHORITIES,16396;WB_2025_INVESTIGATION,2099;WB_2025_INVESTIGATION,2480;WB_2025_INVESTIGATION,2628;WB_2025_INVESTIGATION,6358;WB_2025_INVESTIGATION,6808;WB_2025_INVESTIGATION,6852;WB_2025_INVESTIGATION,7741;WB_2025_INVESTIGATION,15823;WB_2025_INVESTIGATION,16396;WB_831_GOVERNANCE,2099;WB_831_GOVERNANCE,2480;WB_831_GOVERNANCE,2628;WB_831_GOVERNANCE,6358;WB_831_GOVERNANCE,6808;WB_831_GOVERNANCE,6852;WB_831_GOVERNANCE,7741;WB_831_GOVERNANCE,15823;WB_831_GOVERNANCE,16396;WB_832_ANTI_CORRUPTION,2099;WB_832_ANTI_CORRUPTION,2480;WB_832_ANTI_CORRUPTION,2628;WB_832_ANTI_CORRUPTION,6358;WB_832_ANTI_CORRUPTION,6808;WB_832_ANTI_CORRUPTION,6852;WB_832_ANTI_CORRUPTION,7741;WB_832_ANTI_CORRUPTION,15823;WB_832_ANTI_CORRUPTION,16396;WB_405_BUSINESS_CLIMATE,8638;WB_2531_INSPECTIONS_LICENSING_AND_PERMITS,8638;WB_2530_BUSINESS_ENVIRONMENT,8638;TAX_FNCACT_MINISTERS,6600;TAX_FNCACT_MINISTERS,15484;TAX_FNCACT_OFFICIALS,252;TAX_FNCACT_OFFICIALS,929;TAX_FNCACT_OFFICIALS,1830;TAX_FNCACT_OFFICIALS,2332;TAX_FNCACT_OFFICIALS,2453;TAX_FNCACT_OFFICIALS,8222;TAX_FNCACT_OFFICIALS,10086;TAX_FNCACT_OFFICIALS,10259;TAX_FNCACT_OFFICIALS,17159;TAX_FNCACT_CHAIRPERSON,4197;TAX_FNCACT_CHAIRPERSON,12155;SMUGGLING,3169;SMUGGLING,9969;TAX_FNCACT_CABINET_MINISTERS,15484;WB_350_FINANCIAL_INFRASTRUCTURE_AND_REMITTANCES,5869;WB_281_ICT_INDUSTRY_AND_SERVICES,5869;WB_2424_ICT_AND_FINANCIAL_SECTOR,5869;WB_2420_ICT_FOR_JOBS,5869;WB_828_ELECTRONIC_PAYMENTS,5869;WB_358_RETAIL_PAYMENTS,5869;WB_827_MOBILE_MONEY,5869;WB_133_INFORMATION_AND_COMMUNICATION_TECHNOLOGIES,5869;SOC_POINTSOFINTEREST_AIRPORT,359;SOC_POINTSOFINTEREST_AIRPORT,545;SOC_POINTSOFINTEREST_AIRPORT,8396;SOC_POINTSOFINTEREST_AIRPORT,8763;SOC_POINTSOFINTEREST_AIRPORT,8913;SOC_POINTSOFINTEREST_AIRPORT,10163;SOC_POINTSOFINTEREST_AIRPORT,14439;SOC_POINTSOFINTEREST_AIRPORT,15604;SOC_POINTSOFINTEREST_AIRPORT,16820;WB_135_TRANSPORT,359;WB_135_TRANSPORT,545;WB_135_TRANSPORT,8396;WB_135_TRANSPORT,8763;WB_135_TRANSPORT,8913;WB_135_TRANSPORT,10163;WB_135_TRANSPORT,14439;WB_135_TRANSPORT,15604;WB_135_TRANSPORT,16820;WB_1803_TRANSPORT_INFRASTRUCTURE,359;WB_1803_TRANSPORT_INFRASTRUCTURE,545;WB_1803_TRANSPORT_INFRASTRUCTURE,8396;WB_1803_TRANSPORT_INFRASTRUCTURE,8763;WB_1803_TRANSPORT_INFRASTRUCTURE,8913;WB_1803_TRANSPORT_INFRASTRUCTURE,10163;WB_1803_TRANSPORT_INFRASTRUCTURE,14439;WB_1803_TRANSPORT_INFRASTRUCTURE,15604;WB_1803_TRANSPORT_INFRASTRUCTURE,16820;WB_1804_AIRPORTS,359;WB_1804_AIRPORTS,545;WB_1804_AIRPORTS,8396;WB_1804_AIRPORTS,8763;WB_1804_AIRPORTS,8913;WB_1804_AIRPORTS,10163;WB_1804_AIRPORTS,14439;WB_1804_AIRPORTS,15604;WB_1804_AIRPORTS,16820;TAX_WORLDMAMMALS_RATS,7653;TAX_FNCACT_OFFICIAL,3448;TAX_FNCACT_OFFICIAL,11334;TAX_FNCACT_MINISTER,4870;TAX_FNCACT_MINISTER,5841;TAX_FNCACT_MINISTER,6119;TAX_FNCACT_MINISTER,6687;TAX_FNCACT_MINISTER,6741;TAX_FNCACT_MINISTER,6998;TAX_FNCACT_MINISTER,7190;TAX_FNCACT_MINISTER,7223;TAX_FNCACT_MINISTER,7454;TAX_FNCACT_MINISTER,7680;TAX_FNCACT_MINISTER,7822;WB_1608_CASH_TRANSFERS,8970;WB_1466_SOCIAL_ASSISTANCE,8970;WB_697_SOCIAL_PROTECTION_AND_LABOR,8970;CRISISLEX_T03_DEAD,13575;DEMOCRACY,4730;ECON_WORLDCURRENCIES_MALAWIAN_KWACHA,5224;TAX_FNCACT_ADVISER,4114;TAX_FNCACT_ATTORNEY,12089;TAX_FNCACT_ATTORNEY,13069;SOC_RANSOM,11621;USPEC_POLITICS_GENERAL1,242;USPEC_POLITICS_GENERAL1,3987;USPEC_POLITICS_GENERAL1,4748;TAX_ETHNICITY_BENGALI,9754;TAX_WORLDLANGUAGES_BENGALI,9754;ELECTION,3250;ELECTION,3863;ELECTION,4629;WB_1921_PRIVATE_SECTOR_DEVELOPMENT,466;WB_346_COMPETITIVE_INDUSTRIES,466;WB_818_INDUSTRY_POLICY_AND_REAL_SECTORS,466;WB_1281_MANUFACTURING,466;WB_1160_SHOCKS_AND_VULNERABILITY,16850;WB_695_POVERTY,16850;TAX_FNCACT_SPOKESPERSON,16270;TAX_FNCACT_AUTHORITIES,14789;EPU_POLICY_AUTHORITIES,14789;AFFECT,1479;REFUGEES,1479;HUMAN_RIGHTS_ABUSES_TORTURE,10479;TORTURE,10479;WB_2507_HUMAN_RIGHTS_ABUSES_AND_VIOLATIONS,10479;WB_2203_HUMAN_RIGHTS,10479;WB_2512_TORTURE,10479;TAX_FNCACT_BOSS,1624;TAX_FNCACT_BOSS,1795;DELAY,961;SOC_POINTSOFINTEREST_PRISON,6970;WB_2495_DETENTION_PRISON_AND_CORRECTIONS_REFORM,6970;EPU_POLICY_GOVERNMENT,7943;EPU_POLICY_GOVERNMENT,9213;CRISISLEX_CRISISLEXREC,596;CRISISLEX_CRISISLEXREC,10866;CRISISLEX_CRISISLEXREC,11097;CRISISLEX_CRISISLEXREC,15550;TAX_ETHNICITY_ASIAN,1162;TAX_ETHNICITY_ASIAN,11286;TAX_ETHNICITY_ASIAN,15882;TAKE_OFFICE,3227;ARMEDCONFLICT,10410;EPU_CATS_NATIONAL_SECURITY,10410;TERROR,14951;WB_2467_TERRORISM,14951;WB_2462_POLITICAL_VIOLENCE_AND_WAR,14951;LEADER,3187;LEADER,3935;LEADER,4127;LEADER,5291;LEADER,15059;LEADER,15320;LEADER,15449;TAX_FNCACT_PRESIDENT,3187;TAX_FNCACT_PRESIDENT,3935;TAX_FNCACT_PRESIDENT,4127;TAX_FNCACT_PRESIDENT,5291;TAX_FNCACT_PRESIDENT,15059;TAX_FNCACT_PRESIDENT,15320;TAX_FNCACT_PRESIDENT,15449;TAX_FNCACT_PRINCIPAL,12334;SECURITY_SERVICES,596;SECURITY_SERVICES,10866;SECURITY_SERVICES,11097;SECURITY_SERVICES,15550;WB_696_PUBLIC_SECTOR_MANAGEMENT,596;WB_696_PUBLIC_SECTOR_MANAGEMENT,10866;WB_696_PUBLIC_SECTOR_MANAGEMENT,11097;WB_696_PUBLIC_SECTOR_MANAGEMENT,15550;WB_840_JUSTICE,596;WB_840_JUSTICE,10866;WB_840_JUSTICE,11097;WB_840_JUSTICE,15550;WB_1920_FINANCIAL_SECTOR_DEVELOPMENT,596;WB_1920_FINANCIAL_SECTOR_DEVELOPMENT,10866;WB_1920_FINANCIAL_SECTOR_DEVELOPMENT,11097;WB_1920_FINANCIAL_SECTOR_DEVELOPMENT,15550;WB_328_FINANCIAL_INTEGRITY,596;WB_328_FINANCIAL_INTEGRITY,10866;WB_328_FINANCIAL_INTEGRITY,11097;WB_328_FINANCIAL_INTEGRITY,15550;WB_1014_CRIMINAL_JUSTICE,596;WB_1014_CRIMINAL_JUSTICE,10866;WB_1014_CRIMINAL_JUSTICE,11097;WB_1014_CRIMINAL_JUSTICE,15550;WB_2082_LAW_ENFORCEMENT,596;WB_2082_LAW_ENFORCEMENT,10866;WB_2082_LAW_ENFORCEMENT,11097;WB_2082_LAW_ENFORCEMENT,15550;TAX_FNCACT_SECRETARY,5274;SOC_POINTSOFINTEREST_HEADQUARTERS,15166;ACT_MAKESTATEMENT,13106;TAX_ETHNICITY_AMERICANS,16498;SOC_GENERALCRIME,10286;SOC_GENERALCRIME,10885;SOC_GENERALCRIME,11179;SOC_GENERALCRIME,11790;SOC_GENERALCRIME,15928;UNREST_CRACKDOWN,14866;CRISISLEX_T11_UPDATESSYMPATHY,1859;TAX_FNCACT_DEPUTY,12687;TAX_FNCACT_DEPUTY,12856;TAX_FNCACT_MANAGER,14424;CRISISLEX_T04_INFRASTRUCTURE,568;CRISISLEX_T04_INFRASTRUCTURE,8054;CRISISLEX_T04_INFRASTRUCTURE,8435;EPU_POLICY_POLITICAL,163;EPU_POLICY_POLITICAL,2948;EPU_POLICY_POLITICAL,3821;EPU_POLICY_POLITICAL,4052;EPU_POLICY_POLITICAL,4810;EPU_POLICY_POLITICAL,8095;EPU_POLICY_POLITICAL,12080;EPU_POLICY_POLITICAL,12495;TAX_POLITICAL_PARTY_PROGRESSIVE_PARTY,4748;TAX_FNCACT_DRIVERS,9560;TAX_FNCACT_DIRECTOR,9129;TAX_FNCACT_DIRECTOR,14930;TAX_FNCACT_DIRECTOR,15092;ORGANIZED_CRIME,10118;ORGANIZED_CRIME,11237;WB_2452_GANGS,10118;WB_2452_GANGS,11237;WB_2445_NON_STATE_SECURITY_ACTORS,10118;WB_2445_NON_STATE_SECURITY_ACTORS,11237;TAX_FNCACT_LEADER,11244;MANMADE_DISASTER_IMPLIED,3394;TAX_POLITICAL_PARTY_MALAWI_CONGRESS_PARTY,3987;TAX_FNCACT_POLICE,1731;TAX_FNCACT_POLICE,1773;TAX_FNCACT_POLICE,3069;TAX_FNCACT_POLICE,4939;TAX_FNCACT_POLICE,6264;TAX_FNCACT_POLICE,6465;TAX_FNCACT_POLICE,6481;TAX_FNCACT_POLICE,6559;TAX_FNCACT_POLICE,12542;TAX_FNCACT_POLICE,12593;TAX_FNCACT_POLICE,13027;TAX_FNCACT_POLICE,15153;TAX_RELIGION_ISLAM,9697;TAX_RELIGION_ISLAM,9895;TAX_RELIGION_ISLAM,11528;TAX_RELIGION_ISLAM,11608;SOC_USSECURITYAGENCIES,4891;SOC_USSECURITYAGENCIES,6110;"
20260926231500-314,20260926231500,riotimesonline.com,https://www.riotimesonline.com/lesotho-un-speech-climate-justice-youth-unemployment-migration/,"TAX_WORLDLANGUAGES_LATIN,2274;TAX_WORLDLANGUAGES_LATIN,2416;TAX_WORLDLANGUAGES_LATIN,2594;ECON_DEVELOPMENTORGS_INTERNATIONAL_MONETARY_FUND,4683;TAX_FNCACT_AID_WORKERS,6772;ENV_HYDRO,6095;WB_527_HYDROPOWER,6095;CRISISLEX_T01_CAUTION_ADVICE,3832;UNGP_FORESTS_RIVERS_OCEANS,571;UNGP_FORESTS_RIVERS_OCEANS,604;UNGP_FORESTS_RIVERS_OCEANS,773;UNGP_FORESTS_RIVERS_OCEANS,1462;UNGP_FORESTS_RIVERS_OCEANS,1765;UNGP_FORESTS_RIVERS_OCEANS,1879;UNGP_FORESTS_RIVERS_OCEANS,3802;UNGP_FORESTS_RIVERS_OCEANS,4054;UNGP_FORESTS_RIVERS_OCEANS,6933;UNGP_FORESTS_RIVERS_OCEANS,7782;SLFID_ECONOMIC_DEVELOPMENTAID,4539;ECON_WORLDCURRENCIES_DOLLAR,7223;UNEMPLOYMENT,712;UNEMPLOYMENT,1536;UNEMPLOYMENT,4433;UNEMPLOYMENT,5066;UNEMPLOYMENT,7504;UNEMPLOYMENT,7547;UNEMPLOYMENT,7966;WB_2745_JOB_QUALITY_AND_LABOR_MARKET_PERFORMANCE,712;WB_2745_JOB_QUALITY_AND_LABOR_MARKET_PERFORMANCE,1536;WB_2745_JOB_QUALITY_AND_LABOR_MARKET_PERFORMANCE,4433;WB_2745_JOB_QUALITY_AND_LABOR_MARKET_PERFORMANCE,5066;WB_2745_JOB_QUALITY_AND_LABOR_MARKET_PERFORMANCE,7504;WB_2745_JOB_QUALITY_AND_LABOR_MARKET_PERFORMANCE,7547;WB_2745_JOB_QUALITY_AND_LABOR_MARKET_PERFORMANCE,7966;WB_2670_JOBS,712;WB_2670_JOBS,1536;WB_2670_JOBS,4433;WB_2670_JOBS,5066;WB_2670_JOBS,7504;WB_2670_JOBS,7547;WB_2670_JOBS,7966;WB_2689_JOBS_DIAGNOSTICS,712;WB_2689_JOBS_DIAGNOSTICS,1536;WB_2689_JOBS_DIAGNOSTICS,4433;WB_2689_JOBS_DIAGNOSTICS,5066;WB_2689_JOBS_DIAGNOSTICS,7504;WB_2689_JOBS_DIAGNOSTICS,7547;WB_2689_JOBS_DIAGNOSTICS,7966;WB_2747_UNEMPLOYMENT,712;WB_2747_UNEMPLOYMENT,1536;WB_2747_UNEMPLOYMENT,4433;WB_2747_UNEMPLOYMENT,5066;WB_2747_UNEMPLOYMENT,7504;WB_2747_UNEMPLOYMENT,7547;WB_2747_UNEMPLOYMENT,7966;UNGP_JOB_OPPORTUNITIES_EMPLOYMENT,712;UNGP_JOB_OPPORTUNITIES_EMPLOYMENT,1536;UNGP_JOB_OPPORTUNITIES_EMPLOYMENT,4433;UNGP_JOB_OPPORTUNITIES_EMPLOYMENT,5066;UNGP_JOB_OPPORTUNITIES_EMPLOYMENT,7504;UNGP_JOB_OPPORTUNITIES_EMPLOYMENT,7547;UNGP_JOB_OPPORTUNITIES_EMPLOYMENT,7966;WB_1767_ENERGY_FINANCE,6950;ECON_DEVELOPMENTORGS_WORLD_BANK,2989;ECON_DEVELOPMENTORGS_WORLD_BANK,4649;ECON_DEVELOPMENTORGS_WORLD_BANK,5883;ECON_DEVELOPMENTORGS_WORLD_BANK,8408;WB_1979_NATURAL_RESOURCE_MANAGEMENT,72;WB_1979_NATURAL_RESOURCE_MANAGEMENT,1585;WB_435_AGRICULTURE_AND_FOOD_SECURITY,72;WB_435_AGRICULTURE_AND_FOOD_SECURITY,1585;WB_1986_MOUNTAINS,72;WB_1986_MOUNTAINS,1585;UNREST_BELLIGERENT,1801;USPEC_UNCERTAINTY1,7517;MANMADE_DISASTER_IMPLIED,550;WB_137_WATER,1091;WB_137_WATER,3203;WB_137_WATER,5901;WB_137_WATER,5963;WB_137_WATER,6003;WB_137_WATER,6031;WB_137_WATER,6248;WB_137_WATER,6970;TAX_FNCACT_MINISTER,662;TAX_FNCACT_MINISTER,1488;TAX_FNCACT_MINISTER,1673;TAX_FNCACT_MINISTER,7688;TAX_FNCACT_WOMEN,6354;USPEC_POLICY1,157;USPEC_POLICY1,2939;USPEC_POLICY1,3041;USPEC_POLICY1,5852;USPEC_POLICY1,8395;EPU_ECONOMY,157;EPU_ECONOMY,2939;EPU_ECONOMY,3041;EPU_ECONOMY,5852;EPU_ECONOMY,8395;EPU_ECONOMY_HISTORIC,157;EPU_ECONOMY_HISTORIC,2939;EPU_ECONOMY_HISTORIC,3041;EPU_ECONOMY_HISTORIC,5852;EPU_ECONOMY_HISTORIC,8395;WB_2473_DIPLOMACY_AND_NEGOTIATIONS,23;WB_2473_DIPLOMACY_AND_NEGOTIATIONS,3749;WB_2470_PEACE_OPERATIONS_AND_CONFLICT_MANAGEMENT,23;WB_2470_PEACE_OPERATIONS_AND_CONFLICT_MANAGEMENT,3749;WB_2432_FRAGILITY_CONFLICT_AND_VIOLENCE,23;WB_2432_FRAGILITY_CONFLICT_AND_VIOLENCE,3749;WB_2471_PEACEKEEPING,23;WB_2471_PEACEKEEPING,3749;TAX_FNCACT_WORKERS,368;TAX_FNCACT_WORKERS,5705;TAX_FNCACT_WORKERS,6772;TAX_FNCACT_WORKERS,8352;GENERAL_GOVERNMENT,920;GENERAL_GOVERNMENT,1129;GENERAL_GOVERNMENT,4105;GENERAL_GOVERNMENT,5022;GENERAL_GOVERNMENT,6273;GENERAL_GOVERNMENT,6909;GENERAL_GOVERNMENT,7018;GENERAL_GOVERNMENT,8537;EPU_POLICY_GOVERNMENT,920;EPU_POLICY_GOVERNMENT,1129;EPU_POLICY_GOVERNMENT,4105;EPU_POLICY_GOVERNMENT,5022;EPU_POLICY_GOVERNMENT,6273;EPU_POLICY_GOVERNMENT,6909;EPU_POLICY_GOVERNMENT,7018;EPU_POLICY_GOVERNMENT,8537;WB_1467_EDUCATION_FOR_ALL,1013;WB_1467_EDUCATION_FOR_ALL,4208;WB_470_EDUCATION,1013;WB_470_EDUCATION,4208;WB_2131_EMPLOYABILITY_SKILLS_AND_JOBS,1013;WB_2131_EMPLOYABILITY_SKILLS_AND_JOBS,4208;WB_1484_EDUCATION_SKILLS_DEVELOPMENT_AND_LABOR_MARKET,1013;WB_1484_EDUCATION_SKILLS_DEVELOPMENT_AND_LABOR_MARKET,4208;ENV_CLIMATECHANGE,1772;CRISISLEX_CRISISLEXREC,1772;UNGP_CLIMATE_CHANGE_ACTION,1772;WB_1847_CLIMATE_FINANCE,781;WB_1847_CLIMATE_FINANCE,4062;WB_1847_CLIMATE_FINANCE,7790;WB_567_CLIMATE_CHANGE,781;WB_567_CLIMATE_CHANGE,4062;WB_567_CLIMATE_CHANGE,7790;ENV_MINING,880;WB_161_DAMS_AND_RESERVOIRS,3192;WB_141_WATER_RESOURCES_MANAGEMENT,3192;WB_1000_WATER_MANAGEMENT_STRUCTURES,3192;CRISISLEX_T04_INFRASTRUCTURE,3192;WB_856_WAGES,3282;WB_1654_ACTIVE_LABOR_MARKET_POLICIES,3282;WB_855_LABOR_MARKETS,3282;WB_697_SOCIAL_PROTECTION_AND_LABOR,3282;CRISISLEX_C04_LOGISTICS_TRANSPORT,3872;EPU_CATS_MIGRATION_FEAR_MIGRATION,5123;EPU_CATS_MIGRATION_FEAR_MIGRATION,5266;EPU_CATS_MIGRATION_FEAR_MIGRATION,5372;EPU_CATS_MIGRATION_FEAR_MIGRATION,8167;TAX_FNCACT_LEADERS,437;CRISISLEX_C07_SAFETY,3680;CRISISLEX_C07_SAFETY,4321;TAX_FNCACT_OFFICIAL,1862;TAX_FNCACT_OFFICIAL,4516;LEADER,662;LEADER,1488;LEADER,1673;LEADER,7688;TAX_FNCACT_PRIME_MINISTER,662;TAX_FNCACT_PRIME_MINISTER,1488;TAX_FNCACT_PRIME_MINISTER,1673;TAX_FNCACT_PRIME_MINISTER,7688;TAX_ETHNICITY_AMERICAN,6460;WB_507_ENERGY_AND_EXTRACTIVES,4194;WB_507_ENERGY_AND_EXTRACTIVES,8573;WB_525_RENEWABLE_ENERGY,4194;WB_525_RENEWABLE_ENERGY,8573;WB_2433_CONFLICT_AND_VIOLENCE,3788;ECON_WORLDCURRENCIES_US_DOLLAR,7223;EPU_POLICY_POLITICAL,3669;EPU_POLICY_POLITICAL,7062;ENV_GREEN,1006;ECON_REMITTANCE,5807;WB_775_TRADE_POLICY_AND_INTEGRATION,5807;WB_698_TRADE,5807;WB_780_TRADE_IN_SERVICES,5807;WB_783_TEMPORARY_MOVEMENT_OF_LABOR,5807;TAX_FNCACT_BUSINESSMAN,849;WB_696_PUBLIC_SECTOR_MANAGEMENT,804;WB_696_PUBLIC_SECTOR_MANAGEMENT,1887;WB_840_JUSTICE,804;WB_840_JUSTICE,1887;ECON_WORLDCURRENCIES_SOUTH_AFRICAN_RAND,1199;ECON_WORLDCURRENCIES_SOUTH_AFRICAN_RAND,7143;ECON_WORLDCURRENCIES_SOUTH_AFRICAN_RAND,8651;TAX_FNCACT_PRESIDENT,6563;USPEC_POLITICS_GENERAL1,6563;CRISISLEX_O02_RESPONSEAGENCIESATCRISIS,5042;NATURAL_DISASTER_FLOODS,310;NATURAL_DISASTER_FLOODS,3832;"
20260926150000-508,20260926150000,iafrica.com,https://iafrica.com/kenyan-startup-builds-robotic-sign-language-interpreter-and-the-african-dataset-to-train-it/,"WB_678_DIGITAL_GOVERNMENT,175;WB_678_DIGITAL_GOVERNMENT,1733;WB_667_ICT_INFRASTRUCTURE,175;WB_667_ICT_INFRASTRUCTURE,1733;WB_669_SOFTWARE_INFRASTRUCTURE,175;WB_669_SOFTWARE_INFRASTRUCTURE,1733;WB_2945_DATABASE,175;WB_2945_DATABASE,1733;WB_133_INFORMATION_AND_COMMUNICATION_TECHNOLOGIES,175;WB_133_INFORMATION_AND_COMMUNICATION_TECHNOLOGIES,1733;TAX_ETHNICITY_AMERICAN,1609;TAX_WORLDLANGUAGES_KENYAN_SIGN_LANGUAGE,1593;TAX_WORLDLANGUAGES_KENYAN_SIGN_LANGUAGE,2367;TAX_WORLDMAMMALS_HUMAN,586;TAX_WORLDMAMMALS_HUMAN,3563;SOC_POINTSOFINTEREST_COLLEGE,1876;TAX_WORLDLANGUAGES_SIGN_LANGUAGES,201;TAX_WORLDLANGUAGES_SIGN_LANGUAGES,1759;TAX_WORLDLANGUAGES_SIGN_LANGUAGES,2214;SOC_INNOVATION,2789;SOC_POINTSOFINTEREST_UNIVERSITY,362;SOC_POINTSOFINTEREST_UNIVERSITY,3130;TAX_ECON_PRICE,1286;TAX_WORLDLANGUAGES_SOUTH_AFRICAN_SIGN_LANGUAGE,1678;TAX_WORLDLANGUAGES_SOUTH_AFRICAN_SIGN_LANGUAGE,3246;MANMADE_DISASTER_IMPLIED,210;MANMADE_DISASTER_IMPLIED,1768;PUBLIC_TRANSPORT,210;PUBLIC_TRANSPORT,1768;TAX_FNCACT_INTERPRETER,598;TAX_FNCACT_INTERPRETER,3575;TAX_WORLDLANGUAGES_TANZANIAN_SIGN_LANGUAGE,1991;TAX_ETHNICITY_KENYAN,6;TAX_ETHNICITY_KENYAN,872;TAX_ETHNICITY_KENYAN,1579;TAX_ETHNICITY_KENYAN,2353;TAX_WORLDLANGUAGES_AMERICAN_SIGN_LANGUAGE,1623;GENERAL_HEALTH,1068;MEDICAL,1068;DISABILITY,2899;WB_1458_HEALTH_PROMOTION_AND_DISEASE_PREVENTION,2899;WB_635_PUBLIC_HEALTH,2899;WB_1464_HEALTH_OF_THE_DISABLED,2899;WB_621_HEALTH_NUTRITION_AND_POPULATION,2899;SCIENCE,25;TAX_FNCACT_SCIENTIST,25;MOVEMENT_GENERAL,2345;TAX_WORLDLANGUAGES_YANGO,1136;TAX_WORLDLANGUAGES_SIGN_LANGUAGE,124;TAX_WORLDLANGUAGES_SIGN_LANGUAGE,496;TAX_WORLDLANGUAGES_SIGN_LANGUAGE,1528;TAX_WORLDLANGUAGES_SIGN_LANGUAGE,1593;TAX_WORLDLANGUAGES_SIGN_LANGUAGE,1623;TAX_WORLDLANGUAGES_SIGN_LANGUAGE,1678;TAX_WORLDLANGUAGES_SIGN_LANGUAGE,1991;TAX_WORLDLANGUAGES_SIGN_LANGUAGE,2082;TAX_WORLDLANGUAGES_SIGN_LANGUAGE,2367;TAX_WORLDLANGUAGES_SIGN_LANGUAGE,3049;TAX_WORLDLANGUAGES_SIGN_LANGUAGE,3246;TAX_WORLDLANGUAGES_SIGN_LANGUAGE,3697;RURAL,865;EDUCATION,92;EDUCATION,421;TAX_FNCACT_TEACHER,92;TAX_FNCACT_TEACHER,421;TAX_ETHNICITY_ENGLISH,3266;TAX_WORLDLANGUAGES_ENGLISH,3266;TAX_ETHNICITY_KENYANS,2746;"
20260926140000-167,20260926140000,premiumtimesng.com,https://www.premiumtimesng.com/news/top-news/912557-xenophobia-105-more-nigerians-repatriated-from-south-africa.html,"TAX_FNCACT_CITIZEN,753;TAX_FNCACT_AUTHORITIES,1242;CRISISLEX_CRISISLEXREC,1242;EPU_POLICY_AUTHORITIES,1242;GENERAL_GOVERNMENT,2728;EPU_POLICY_GOVERNMENT,2728;TAX_FNCACT_STUDENTS,313;ARMEDCONFLICT,3128;HUMAN_RIGHTS_ABUSES_TORTURED,3128;TORTURE,3128;WB_2507_HUMAN_RIGHTS_ABUSES_AND_VIOLATIONS,3128;WB_2203_HUMAN_RIGHTS,3128;WB_2512_TORTURE,3128;TAX_ETHNICITY_BLACK,102;TAX_FNCACT_CRIMINALS,3030;WB_2433_CONFLICT_AND_VIOLENCE,1668;WB_2432_FRAGILITY_CONFLICT_AND_VIOLENCE,1668;UNGP_CRIME_VIOLENCE,1668;WB_1428_INJURY,2562;WB_1406_DISEASES,2562;WB_621_HEALTH_NUTRITION_AND_POPULATION,2562;WB_1427_NON_COMMUNICABLE_DISEASE_AND_INJURY,2562;CRISISLEX_T02_INJURED,2562;TAX_MILITARY_TITLE_OFFICERS,3149;TAX_FNCACT_OFFICERS,3149;SECURITY_SERVICES,1816;SECURITY_SERVICES,2423;SECURITY_SERVICES,3191;TAX_FNCACT_POLICE,1816;TAX_FNCACT_POLICE,2423;TAX_FNCACT_POLICE,3191;CRISISLEX_C07_SAFETY,1816;CRISISLEX_C07_SAFETY,2423;CRISISLEX_C07_SAFETY,3191;TAX_RELIGION_CHRISTIAN,466;TAX_ETHNICITY_CHRISTIAN,466;GOV_REPATRIATION,243;GOV_REPATRIATION,1597;TAX_FNCACT_COMMISSIONER,2805;TAX_FNCACT_CHILDREN,817;TAX_FNCACT_VICTIMS,2045;CRISISLEX_T08_MISSINGFOUNDTRAPPEDPEOPLE,2045;AFFECT,611;EVACUATION,611;DISCRIMINATION_IMMIGRATION_XENOPHOBIA,1541;UNGP_FREEDOM_FROM_DISCRIMINATION,1541;DISCRIMINATION,85;DISCRIMINATION,2655;DISCRIMINATION_IMMIGRATION_XENOPHOBIC,85;DISCRIMINATION_IMMIGRATION_XENOPHOBIC,2655;KILL,1649;KILL,2949;KILL,3007;CRISISLEX_T03_DEAD,1649;CRISISLEX_T03_DEAD,2949;CRISISLEX_T03_DEAD,3007;WB_2024_ANTI_CORRUPTION_AUTHORITIES,1413;WB_2024_ANTI_CORRUPTION_AUTHORITIES,3269;WB_696_PUBLIC_SECTOR_MANAGEMENT,1413;WB_696_PUBLIC_SECTOR_MANAGEMENT,3269;WB_840_JUSTICE,1413;WB_840_JUSTICE,3269;WB_2025_INVESTIGATION,1413;WB_2025_INVESTIGATION,3269;WB_831_GOVERNANCE,1413;WB_831_GOVERNANCE,3269;WB_832_ANTI_CORRUPTION,1413;WB_832_ANTI_CORRUPTION,3269;WB_1014_CRIMINAL_JUSTICE,1413;WB_1014_CRIMINAL_JUSTICE,3269;TAX_FNCACT_VICTIM,1745;TAX_FNCACT_HIGH_COMMISSIONER,2805;WB_135_TRANSPORT,2179;WB_1803_TRANSPORT_INFRASTRUCTURE,2179;WB_167_PORTS,2179;ARREST,2255;TAX_RELIGION_CHURCH,473;TAX_RELIGION_CHURCH,553;SOC_GENERALCRIME,2338;TAX_TERROR_GROUP_SOUTH_AFRICAN_NATIONAL_DEFENCE_FORCE,2165;TAX_FNCACT_OFFICIALS,333;CRISISLEX_T09_DISPLACEDRELOCATEDEVACUATED,1266;CRISISLEX_T09_DISPLACEDRELOCATEDEVACUATED,1488;"
20260926131500-621,20260926131500,ecr.co.za,https://www.ecr.co.za/news/news/sacp-calls-masemola-reinstated-after-charges-withdrawn/,"MEDIA_SOCIAL,1376;WB_652_ICT_APPLICATIONS,1376;WB_662_SOCIAL_MEDIA,1376;WB_658_ENTERPRISE_APPLICATIONS,1376;WB_678_DIGITAL_GOVERNMENT,1376;WB_694_BROADCAST_AND_MEDIA,1376;WB_133_INFORMATION_AND_COMMUNICATION_TECHNOLOGIES,1376;TAX_POLITICAL_PARTY_SOUTH_AFRICAN_COMMUNIST_PARTY,33;SECURITY_SERVICES,128;SECURITY_SERVICES,1217;TAX_FNCACT_POLICE,128;TAX_FNCACT_POLICE,1217;CRISISLEX_C07_SAFETY,128;CRISISLEX_C07_SAFETY,1217;TAX_FNCACT_DIRECTOR,744;TRANSPARENCY,599;LEADER,1112;TAX_FNCACT_PRESIDENT,1112;TAX_FNCACT_COMMISSIONER,141;USPEC_POLITICS_GENERAL1,33;TAX_FNCACT_BOSS,1222;WB_840_JUSTICE,321;WB_840_JUSTICE,513;WB_1014_CRIMINAL_JUSTICE,321;WB_1014_CRIMINAL_JUSTICE,513;TAX_FNCACT_COMMUNIST,27;WB_1920_FINANCIAL_SECTOR_DEVELOPMENT,1025;WB_328_FINANCIAL_INTEGRITY,1025;WB_2082_LAW_ENFORCEMENT,1025;WB_696_PUBLIC_SECTOR_MANAGEMENT,216;WB_713_PUBLIC_FINANCE,216;CRISISLEX_CRISISLEXREC,1025;WB_2024_ANTI_CORRUPTION_AUTHORITIES,617;WB_2025_INVESTIGATION,617;WB_831_GOVERNANCE,617;WB_832_ANTI_CORRUPTION,617;TAX_FNCACT_POLICE_COMMISSIONER,141;TAX_POLITICAL_PARTY_COMMUNIST_PARTY,33;LEGISLATION,1013;EPU_POLICY_LAW,1013;TAX_FNCACT_AUTHORITIES,1037;EPU_POLICY_AUTHORITIES,1037;"
20260926053000-437,20260926053000,timeout.com,https://www.timeout.com:443/news/best-value-destinations-for-winter-2026-092626,"ECON_WORLDCURRENCIES_SOUTH_AFRICAN_RAND,1457;TAX_ECON_PRICE,288;TAX_ECON_PRICE,1954;WB_698_TRADE,7;ECON_WORLDCURRENCIES_SHILLING,1830;TAX_WORLDLANGUAGES_BARBADOS,3701;TAX_WORLDLANGUAGES_BARBADOS,3712;ECON_WORLDCURRENCIES_KENYAN_SHILLING,1830;WB_137_WATER,727;TOURISM,1029;TAX_FNCACT_TOURIST,1029;ECON_CURRENCY_EXCHANGE_RATE,96;EPU_CATS_SOVEREIGN_DEBT_CURRENCY_CRISES,96;UNGP_FORESTS_RIVERS_OCEANS,1583;GEN_HOLIDAY,282;GEN_HOLIDAY,391;GEN_HOLIDAY,605;GEN_HOLIDAY,1948;TAX_ETHNICITY_KENYAN,1821;GENERAL_GOVERNMENT,2401;GENERAL_GOVERNMENT,2505;GENERAL_GOVERNMENT,3344;GENERAL_GOVERNMENT,3365;"
20260925164500-401,20260925164500,rttnews.com,https://www.rttnews.com/3694044/gemfields-expects-73-5-mln-h1-net-loss-on-mrm-impairment.aspx,"WB_698_TRADE,1299;ECON_TAXATION,83;USPEC_POLICY1,83;EPU_POLICY_TAX,83;EPU_CATS_TAXES,83;ECON_WORLDCURRENCIES_SOUTH_AFRICAN_RAND,917;WB_1458_HEALTH_PROMOTION_AND_DISEASE_PREVENTION,237;WB_1458_HEALTH_PROMOTION_AND_DISEASE_PREVENTION,326;WB_1458_HEALTH_PROMOTION_AND_DISEASE_PREVENTION,390;WB_635_PUBLIC_HEALTH,237;WB_635_PUBLIC_HEALTH,326;WB_635_PUBLIC_HEALTH,390;WB_1464_HEALTH_OF_THE_DISABLED,237;WB_1464_HEALTH_OF_THE_DISABLED,326;WB_1464_HEALTH_OF_THE_DISABLED,390;WB_621_HEALTH_NUTRITION_AND_POPULATION,237;WB_621_HEALTH_NUTRITION_AND_POPULATION,326;WB_621_HEALTH_NUTRITION_AND_POPULATION,390;ENV_MINING,277;"
20260925144500-1264,20260925144500,wits.ac.za,https://www.wits.ac.za/news/latest-news/general-news/2026/2026-09/coming-of-age-with-hi-hopes.html,"MARITIME_INCIDENT,2710;MARITIME,2710;TAX_FNCACT_CHILD,334;TAX_FNCACT_CHILD,2743;TAX_FNCACT_CHILD,2797;TAX_FNCACT_CHILD,4177;TAX_FNCACT_CHILD,4675;SCIENCE,3160;SOC_INNOVATION,3160;WB_696_PUBLIC_SECTOR_MANAGEMENT,1487;WB_840_JUSTICE,1487;WB_942_ACCESS_TO_JUSTICE,1487;TAX_FNCACT_BABIES,504;TAX_FNCACT_BABIES,3946;TAX_FNCACT_ASSISTANT,3129;EDUCATION,442;SOC_POINTSOFINTEREST_UNIVERSITY,442;TAX_FNCACT_FACULTY,3175;TAX_WORLDLANGUAGES_SIGN_LANGUAGE,630;TAX_WORLDLANGUAGES_SIGN_LANGUAGE,1659;TAX_WORLDLANGUAGES_SIGN_LANGUAGE,5112;TAX_FNCACT_ROLE_MODEL,4412;DELAY,1458;USPEC_UNCERTAINTY1,1458;CRISISLEX_C04_LOGISTICS_TRANSPORT,1458;CRISISLEX_CRISISLEXREC,3704;TAX_DISEASE_HEARING_LOSS,755;TAX_DISEASE_HEARING_LOSS,1421;TAX_DISEASE_HEARING_LOSS,4197;TAX_FNCACT_PRINCIPAL,2645;TAX_FNCACT_AUDIOLOGIST,3117;TAX_FNCACT_FOUNDER,1990;MANMADE_DISASTER_IMPLIED,1601;MANMADE_DISASTER_IMPLIED,1863;MANMADE_DISASTER_IMPLIED,2666;MANMADE_DISASTER_IMPLIED,2912;SOC_POINTSOFINTEREST_SCHOOL,1601;SOC_POINTSOFINTEREST_SCHOOL,1863;SOC_POINTSOFINTEREST_SCHOOL,2666;SOC_POINTSOFINTEREST_SCHOOL,2912;TAX_ECON_PRICE,2180;TAX_ECON_PRICE,4248;DISABILITY,5206;WB_1458_HEALTH_PROMOTION_AND_DISEASE_PREVENTION,5206;WB_635_PUBLIC_HEALTH,5206;WB_1464_HEALTH_OF_THE_DISABLED,5206;TAX_DISEASE_DEAFNESS,996;WB_1467_EDUCATION_FOR_ALL,1842;WB_470_EDUCATION,1842;WB_2131_EMPLOYABILITY_SKILLS_AND_JOBS,1842;WB_1484_EDUCATION_SKILLS_DEVELOPMENT_AND_LABOR_MARKET,1842;TAX_FNCACT_CHILDREN,521;TAX_FNCACT_CHILDREN,1074;TAX_FNCACT_CHILDREN,2063;TAX_FNCACT_CHILDREN,2390;TAX_FNCACT_CHILDREN,2874;TAX_FNCACT_CHILDREN,3222;TAX_FNCACT_CHILDREN,3359;TAX_FNCACT_CHILDREN,3825;TAX_FNCACT_BABY,694;TAX_FNCACT_BABY,2492;TAX_FNCACT_BABY,4434;TAX_FNCACT_PROFESSOR,2011;TAX_FNCACT_PROFESSOR,3082;TAX_WORLDLANGUAGES_SOUTH_AFRICAN_SIGN_LANGUAGE,1659;TAX_WORLDLANGUAGES_SOUTH_AFRICAN_SIGN_LANGUAGE,5112;WB_644_NUTRITION,4687;WB_479_EARLY_CHILD_DEVELOPMENT,4687;WB_621_HEALTH_NUTRITION_AND_POPULATION,4687;WB_2151_CHILD_DEVELOPMENT,4687;TAX_DISEASE_AUTISM,891;UNGP_FORESTS_RIVERS_OCEANS,2098;SELF_IDENTIFIED_HUMAN_RIGHTS,5239;WB_2203_HUMAN_RIGHTS,5239;WB_2432_FRAGILITY_CONFLICT_AND_VIOLENCE,5239;UNGP_CRIME_VIOLENCE,5239;TAX_WORLDMAMMALS_HUMAN,5232;TAX_FNCACT_DIRECTOR,2001;"
20260925140000-269,20260925140000,riotimesonline.com,https://www.riotimesonline.com/kunye-jozi-xi-huddle-park-2026/,"TAX_FNCACT_OFFICIAL,3656;TAX_FNCACT_OFFICIAL,5432;TAX_ECON_PRICE,2146;TAX_WORLDLANGUAGES_LATIN,928;TAX_WORLDLANGUAGES_LATIN,1070;TAX_WORLDLANGUAGES_LATIN,1248;TAX_FNCACT_GUIDE,6263;ECON_WORLDCURRENCIES_SOUTH_AFRICAN_RAND,2714;WB_135_TRANSPORT,3601;TAX_FNCACT_PRODUCER,3171;TAX_FNCACT_PRODUCER,3301;TAX_FNCACT_ARTISTS,315;TAX_FNCACT_ARTISTS,1884;TAX_FNCACT_ARTISTS,6102;"
20260925140000-562,20260925140000,riotimesonline.com,https://www.riotimesonline.com/in-the-city-johannesburg-isaiah-rashad-2026/,"TAX_FNCACT_OFFICIAL,4286;WB_698_TRADE,4914;TAX_WORLDBIRDS_OSTRICH,2751;TAX_ECON_PRICE,4832;TAX_WORLDLANGUAGES_LATIN,877;TAX_WORLDLANGUAGES_LATIN,1019;TAX_WORLDLANGUAGES_LATIN,1197;TAX_ETHNICITY_AMERICAN,563;TAX_ETHNICITY_AMERICAN,2000;TAX_ETHNICITY_AMERICAN,2330;TAX_ETHNICITY_AMERICAN,2470;ECON_WORLDCURRENCIES_SOUTH_AFRICAN_RAND,4215;TAX_FNCACT_SINGER,2175;TAX_FNCACT_ARTISTS,2338;TAX_FNCACT_ARTISTS,4588;USPEC_POLICY1,4687;EPU_ECONOMY,4687;EPU_ECONOMY_HISTORIC,4484;"
20260925120000-192,20260925120000,defenceweb.co.za,https://defenceweb.co.za/industry/industry-industry/denel-dynamics-delivering-solid-support/,"TAX_WORLDLANGUAGES_INGWE,1144;WB_2670_JOBS,1231;WB_2670_JOBS,1761;WB_2769_JOBS_STRATEGIES,1231;WB_2769_JOBS_STRATEGIES,1761;WB_2840_INTEGRATION,1231;WB_2840_INTEGRATION,1761;WB_2836_MIGRATION_POLICIES_AND_JOBS,1231;WB_2836_MIGRATION_POLICIES_AND_JOBS,1761;TAX_FNCACT_EXECUTIVE,254;TAX_FNCACT_EXECUTIVE,4128;TAX_TERROR_GROUP_SOUTH_AFRICAN_NATIONAL_DEFENCE_FORCE,178;TAX_WEAPONS_GUN,4574;PROTEST,2264;TAX_FNCACT_PIONEER,19;ARMEDCONFLICT,2824;TAX_WORLDFISH_MARLIN,2504;CRISISLEX_T11_UPDATESSYMPATHY,119;UNGP_FORESTS_RIVERS_OCEANS,4041;TAX_FNCACT_NAVY,1867;TAX_FNCACT_NAVY,1981;TAX_FNCACT_NAVY,2434;TAX_WEAPONS_AIR_DEFENCE_SYSTEM,4256;TAX_ETHNICITY_ARAB,488;TAX_FNCACT_DEMONSTRATOR,2637;TAX_FNCACT_CONTRACTOR,4223;MILITARY,1501;TAX_WEAPONS_GUNS,4634;DRONES,381;TAX_WORLDLANGUAGES_FINNISH,2429;CRISISLEX_CRISISLEXREC,1446;MARITIME,1777;"
20260925101500-566,20260925101500,theconversation.com,https://theconversation.com/ian-berrys-sharpeville-images-exposed-apartheid-violence-to-the-world-292479,"CONFISCATION,5445;SELF_IDENTIFIED_ATROCITY,3058;SELF_IDENTIFIED_ATROCITY,7238;TAX_ETHNICITY_ENGLISH,3544;TAX_WORLDLANGUAGES_ENGLISH,3544;TAX_FNCACT_PHOTOGRAPHER,1671;TAX_FNCACT_PHOTOGRAPHER,2246;USPEC_POLICY1,3144;IDEOLOGY,812;TAX_FNCACT_EDITOR,2440;WB_2519_RESPONSES_TO_HUMAN_RIGHTS_ABUSES,7028;WB_2520_REPARATIONS,7028;WB_840_JUSTICE,7291;UNGP_FORESTS_RIVERS_OCEANS,3290;UNGP_FORESTS_RIVERS_OCEANS,3631;DISCRIMINATION,803;DISCRIMINATION,3135;DISCRIMINATION_RACE_RACIST,803;DISCRIMINATION_RACE_RACIST,3135;CRISISLEX_CRISISLEXREC,1145;CRISISLEX_T02_INJURED,1145;CRISISLEX_T03_DEAD,1145;TAX_FNCACT_WOMEN,7388;TAX_FNCACT_WOMEN,7495;TAX_FNCACT_VETERAN,23;EPU_POLICY_GOVERNMENT,903;EPU_POLICY_GOVERNMENT,5895;EPU_POLICY_GOVERNMENT,6649;EPU_POLICY_GOVERNMENT,6852;TAX_FNCACT_PHOTOJOURNALIST,39;TAX_FNCACT_PHOTOJOURNALIST,3511;WB_2433_CONFLICT_AND_VIOLENCE,91;WB_2432_FRAGILITY_CONFLICT_AND_VIOLENCE,91;SOC_FASCISM,7577;SCIENCE,4944;TAX_FNCACT_OFFICERS,6636;WOUND,1155;WOUND,1635;CRISISLEX_C03_WELLBEING_HEALTH,1155;CRISISLEX_C03_WELLBEING_HEALTH,1635;KILL,209;KILL,241;KILL,1120;KILL,1465;KILL,2326;KILL,2713;KILL,3359;KILL,3733;KILL,3811;KILL,4524;KILL,5966;KILL,6267;KILL,6697;KILL,6733;KILL,7065;KILL,7468;TERROR,209;TERROR,241;TERROR,1120;TERROR,1465;TERROR,2326;TERROR,2713;TERROR,3359;TERROR,3733;TERROR,3811;TERROR,4524;TERROR,5966;TERROR,6267;TERROR,6697;TERROR,6733;TERROR,7065;TERROR,7468;ARMEDCONFLICT,209;ARMEDCONFLICT,241;ARMEDCONFLICT,1120;ARMEDCONFLICT,1465;ARMEDCONFLICT,2326;ARMEDCONFLICT,2713;ARMEDCONFLICT,3359;ARMEDCONFLICT,3733;ARMEDCONFLICT,3811;ARMEDCONFLICT,4524;ARMEDCONFLICT,5966;ARMEDCONFLICT,6267;ARMEDCONFLICT,6697;ARMEDCONFLICT,6733;ARMEDCONFLICT,7065;ARMEDCONFLICT,7468;UNGP_CRIME_VIOLENCE,1928;TAX_WORLDMAMMALS_HUMAN,6929;POLITICAL_TURMOIL,5513;STATE_OF_EMERGENCY,5513;EPU_POLICY_LAW,6874;EPU_POLICY_LAW,7006;BAN,5585;TAX_POLITICAL_PARTY_COMMUNIST_PARTY,1356;TAX_POLITICAL_PARTY_SOUTH_AFRICAN_COMMUNIST_PARTY,1356;TAX_FNCACT_WOMAN,5243;SECURITY_SERVICES,271;SECURITY_SERVICES,475;SECURITY_SERVICES,1481;SECURITY_SERVICES,5203;SECURITY_SERVICES,5459;SECURITY_SERVICES,6499;SECURITY_SERVICES,6627;SECURITY_SERVICES,6865;TAX_FNCACT_POLICE,271;TAX_FNCACT_POLICE,475;TAX_FNCACT_POLICE,1481;TAX_FNCACT_POLICE,5203;TAX_FNCACT_POLICE,5459;TAX_FNCACT_POLICE,6499;TAX_FNCACT_POLICE,6627;TAX_FNCACT_POLICE,6865;CRISISLEX_C07_SAFETY,271;CRISISLEX_C07_SAFETY,475;CRISISLEX_C07_SAFETY,1481;CRISISLEX_C07_SAFETY,5203;CRISISLEX_C07_SAFETY,5459;CRISISLEX_C07_SAFETY,6499;CRISISLEX_C07_SAFETY,6627;CRISISLEX_C07_SAFETY,6865;MANMADE_DISASTER_IMPLIED,2938;TAX_FNCACT_OFFICIALS,6659;TRIAL,6919;TAX_FNCACT_LAWYERS,6919;TAX_TERROR_GROUP_AFRICAN_NATIONAL_CONGRESS,1320;TAX_POLITICAL_PARTY_AFRICAN_NATIONAL_CONGRESS,1320;JUSTICE,7295;SOC_GENERALCRIME,3041;SOC_GENERALCRIME,7221;EPU_CATS_MIGRATION_FEAR_FEAR,3041;EPU_CATS_MIGRATION_FEAR_FEAR,7221;ARREST,5548;URBAN,1744;TAX_ETHNICITY_BLACK,715;TAX_ETHNICITY_BLACK,1750;WB_2670_JOBS,3490;WB_2670_JOBS,7711;WB_696_PUBLIC_SECTOR_MANAGEMENT,3490;WB_696_PUBLIC_SECTOR_MANAGEMENT,7711;WB_2048_COMPENSATION_CAREERS_AND_INCENTIVES,3490;WB_2048_COMPENSATION_CAREERS_AND_INCENTIVES,7711;WB_723_PUBLIC_ADMINISTRATION,3490;WB_723_PUBLIC_ADMINISTRATION,7711;WB_724_HUMAN_RESOURCES_FOR_PUBLIC_SECTOR,3490;WB_724_HUMAN_RESOURCES_FOR_PUBLIC_SECTOR,7711;WB_135_TRANSPORT,5002;MOVEMENT_GENERAL,777;MOVEMENT_GENERAL,1288;AFFECT,7309;TAX_FNCACT_VICTIMS,6809;TAX_FNCACT_VICTIMS,7049;CRISISLEX_T08_MISSINGFOUNDTRAPPEDPEOPLE,6809;CRISISLEX_T08_MISSINGFOUNDTRAPPEDPEOPLE,7049;TAX_ETHNICITY_RUSSIAN,4146;TAX_WORLDLANGUAGES_RUSSIAN,4146;LEGISLATION,927;LEGISLATION,1250;SELF_IDENTIFIED_HUMAN_RIGHTS,6936;WB_2203_HUMAN_RIGHTS,6936;VIOLENT_UNREST,6520;PROTEST,324;UNGP_FREEDOM_FROM_DISCRIMINATION,7660;TAX_FNCACT_COMMUNIST,1350;SOC_POINTSOFINTEREST_POLICE_STATION,483;GENERAL_GOVERNMENT,627;GENERAL_GOVERNMENT,1320;GENERAL_GOVERNMENT,1388;USPEC_POLITICS_GENERAL1,627;USPEC_POLITICS_GENERAL1,1320;USPEC_POLITICS_GENERAL1,1388;EPU_POLICY_CONGRESS,627;EPU_POLICY_CONGRESS,1320;EPU_POLICY_CONGRESS,1388;MEDIA_MSM,1729;MEDIA_MSM,3675;MEDIA_MSM,5823;MEDIA_MSM,6111;"
20260925070000-695,20260925070000,sowetan.co.za,https://www.sowetan.co.za/news/2026-09-25-the-am-check-in-im-ashamed-of-what-we-men-are-doing-to-women-ramaphosa/,"UNGP_FORESTS_RIVERS_OCEANS,552;GENDER_VIOLENCE,157;RAPE,157;WB_742_YOUTH_AND_GENDER_BASED_VIOLENCE,157;WB_2901_GENDER_BASED_VIOLENCE,157;WB_738_SOCIAL_COHESION,157;WB_134_SOCIAL_DEVELOPMENT,157;UNGP_GENDER_EQUALITY,157;KILL,266;KILL,616;KILL,1766;TAX_WORLDLANGUAGES_SOUTH_AFRICAN_SIGN_LANGUAGE,938;TAX_FNCACT_WOMEN,44;TAX_FNCACT_WOMEN,247;TAX_FNCACT_WOMEN,492;TAX_FNCACT_WOMEN,603;TAX_FNCACT_WOMEN,1753;TAX_FNCACT_MAN,1366;TAX_FNCACT_MAN,1460;CRISISLEX_T03_DEAD,1376;CRISISLEX_CRISISLEXREC,1658;TAX_WORLDLANGUAGES_SIGN_LANGUAGE,773;TAX_WORLDLANGUAGES_SIGN_LANGUAGE,938;TAX_FNCACT_PEERS,1113;EDUCATION,835;EDUCATION,977;MANMADE_DISASTER_IMPLIED,835;MANMADE_DISASTER_IMPLIED,977;SOC_POINTSOFINTEREST_SCHOOL,835;SOC_POINTSOFINTEREST_SCHOOL,977;LEADER,106;TAX_FNCACT_PRESIDENT,106;USPEC_POLITICS_GENERAL1,106;SECURITY_SERVICES,527;TAX_FNCACT_POLICE,527;CRISISLEX_C07_SAFETY,527;SOC_GENERALCRIME,1412;WB_696_PUBLIC_SECTOR_MANAGEMENT,1340;WB_696_PUBLIC_SECTOR_MANAGEMENT,1600;WB_840_JUSTICE,1340;WB_840_JUSTICE,1600;WB_2433_CONFLICT_AND_VIOLENCE,157;WB_2432_FRAGILITY_CONFLICT_AND_VIOLENCE,157;UNGP_CRIME_VIOLENCE,157;"
20260924204500-55,20260924204500,livemint.com,https://www.livemint.com/market/treasury-rout-threatens-popular-em-carry-trade-as-citi-pulls-back-11790277763484.html,"ECON_INTEREST_RATES,1327;EPU_POLICY_INTEREST_RATES,1327;TAX_ETHNICITY_CANADIAN,343;ECON_WORLDCURRENCIES_COLOMBIAN_PESOS,307;TAX_ETHNICITY_COLOMBIAN,301;TAX_ETHNICITY_COLOMBIAN,1242;TAX_FNCACT_ANALYSTS,641;WB_698_TRADE,103;WB_698_TRADE,855;ECON_WORLDCURRENCIES_CANADIAN_DOLLAR,350;ECON_WORLDCURRENCIES_US_DOLLAR,879;ECON_WORLDCURRENCIES_MEXICAN_PESOS,1258;TAX_ETHNICITY_TURKISH,317;TAX_WORLDLANGUAGES_TURKISH,317;ECON_WORLDCURRENCIES_DOLLAR,350;ECON_WORLDCURRENCIES_DOLLAR,879;WB_696_PUBLIC_SECTOR_MANAGEMENT,42;WB_696_PUBLIC_SECTOR_MANAGEMENT,428;WB_713_PUBLIC_FINANCE,42;WB_713_PUBLIC_FINANCE,428;WB_1045_TREASURY,42;WB_1045_TREASURY,428;ENV_OIL,986;ENV_OIL,1753;WB_1150_VOLATILITY,479;WB_1150_VOLATILITY,606;WB_1150_VOLATILITY,1585;WB_1104_MACROECONOMIC_VULNERABILITY_AND_DEBT,479;WB_1104_MACROECONOMIC_VULNERABILITY_AND_DEBT,606;WB_1104_MACROECONOMIC_VULNERABILITY_AND_DEBT,1585;ECON_INFLATION,965;WB_442_INFLATION,965;ECON_WORLDCURRENCIES_PESOS,307;ECON_WORLDCURRENCIES_PESOS,1258;ECON_OILPRICE,993;EPU_POLICY_FEDERAL_RESERVE,1306;EPU_CATS_MONETARY_POLICY,1306;ECON_WORLDCURRENCIES_FRANC,364;TAX_ECON_PRICE,993;ECON_WORLDCURRENCIES_SOUTH_AFRICAN_RAND,279;ECON_WORLDCURRENCIES_SWISS_FRANC,364;ECON_WORLDCURRENCIES_TURKISH_LIRA,322;"
20260924180000-778,20260924180000,business-standard.com,https://www.business-standard.com/industry/news/india-s-new-trade-pacts-to-provide-access-to-60-trillion-gdp-piyush-goyal-126092401419_1.html,"ECON_WORLDCURRENCIES_DOLLAR,431;ECON_WORLDCURRENCIES_DOLLAR,1195;ECON_WORLDCURRENCIES_DOLLAR,1285;TAX_ETHNICITY_ASIAN,1798;EPU_ECONOMY_HISTORIC,88;ECON_FREETRADE,1686;ECON_FREETRADE,1747;NEGOTIATIONS,621;NEGOTIATIONS,1379;NEGOTIATIONS,1485;NEGOTIATIONS,1868;NEGOTIATIONS,1889;WB_696_PUBLIC_SECTOR_MANAGEMENT,621;WB_696_PUBLIC_SECTOR_MANAGEMENT,1379;WB_696_PUBLIC_SECTOR_MANAGEMENT,1485;WB_696_PUBLIC_SECTOR_MANAGEMENT,1868;WB_696_PUBLIC_SECTOR_MANAGEMENT,1889;WB_840_JUSTICE,621;WB_840_JUSTICE,1379;WB_840_JUSTICE,1485;WB_840_JUSTICE,1868;WB_840_JUSTICE,1889;WB_2473_DIPLOMACY_AND_NEGOTIATIONS,621;WB_2473_DIPLOMACY_AND_NEGOTIATIONS,1379;WB_2473_DIPLOMACY_AND_NEGOTIATIONS,1485;WB_2473_DIPLOMACY_AND_NEGOTIATIONS,1868;WB_2473_DIPLOMACY_AND_NEGOTIATIONS,1889;WB_939_NEGOTIATION,621;WB_939_NEGOTIATION,1379;WB_939_NEGOTIATION,1485;WB_939_NEGOTIATION,1868;WB_939_NEGOTIATION,1889;WB_2470_PEACE_OPERATIONS_AND_CONFLICT_MANAGEMENT,621;WB_2470_PEACE_OPERATIONS_AND_CONFLICT_MANAGEMENT,1379;WB_2470_PEACE_OPERATIONS_AND_CONFLICT_MANAGEMENT,1485;WB_2470_PEACE_OPERATIONS_AND_CONFLICT_MANAGEMENT,1868;WB_2470_PEACE_OPERATIONS_AND_CONFLICT_MANAGEMENT,1889;WB_936_ALTERNATIVE_DISPUTE_RESOLUTION,621;WB_936_ALTERNATIVE_DISPUTE_RESOLUTION,1379;WB_936_ALTERNATIVE_DISPUTE_RESOLUTION,1485;WB_936_ALTERNATIVE_DISPUTE_RESOLUTION,1868;WB_936_ALTERNATIVE_DISPUTE_RESOLUTION,1889;WB_2432_FRAGILITY_CONFLICT_AND_VIOLENCE,621;WB_2432_FRAGILITY_CONFLICT_AND_VIOLENCE,1379;WB_2432_FRAGILITY_CONFLICT_AND_VIOLENCE,1485;WB_2432_FRAGILITY_CONFLICT_AND_VIOLENCE,1868;WB_2432_FRAGILITY_CONFLICT_AND_VIOLENCE,1889;WB_843_DISPUTE_RESOLUTION,621;WB_843_DISPUTE_RESOLUTION,1379;WB_843_DISPUTE_RESOLUTION,1485;WB_843_DISPUTE_RESOLUTION,1868;WB_843_DISPUTE_RESOLUTION,1889;WB_2471_PEACEKEEPING,621;WB_2471_PEACEKEEPING,1379;WB_2471_PEACEKEEPING,1485;WB_2471_PEACEKEEPING,1868;WB_2471_PEACEKEEPING,1889;USPEC_POLICY1,1090;USPEC_POLICY1,1203;USPEC_POLICY1,1293;EPU_ECONOMY,1090;EPU_ECONOMY,1203;EPU_ECONOMY,1293;TAX_ECON_FREETRADEAGREEMENTS_FREE_TRADE_AGREEMENTS,1758;WB_2576_REGIONAL_INTEGRATION,1440;WB_2578_CUSTOMS_UNIONS,1440;WB_698_TRADE,13;WB_698_TRADE,608;WB_698_TRADE,1019;WB_698_TRADE,1686;WB_698_TRADE,1747;WB_698_TRADE,1957;TAX_AIDGROUPS_ASSOCIATION_OF_SOUTHEAST_ASIAN_NATIONS,1806;WB_775_TRADE_POLICY_AND_INTEGRATION,225;WB_775_TRADE_POLICY_AND_INTEGRATION,377;WB_775_TRADE_POLICY_AND_INTEGRATION,2009;WB_776_TRADE_POLICY,225;WB_776_TRADE_POLICY,377;WB_776_TRADE_POLICY,2009;WB_2575_TRADE_POLICY_AND_INVESTMENT_AGREEMENTS,225;WB_2575_TRADE_POLICY_AND_INVESTMENT_AGREEMENTS,377;WB_2575_TRADE_POLICY_AND_INVESTMENT_AGREEMENTS,2009;TAX_FNCACT_MINISTER,108;TAX_FNCACT_MINISTER,1940;EPU_CATS_TRADE_POLICY,1696;WB_2581_PREFERENTIAL_TRADE_AND_INVESTMENT_AGREEMENTS,1696;TAX_ECON_FREETRADEAGREEMENTS_FREE_TRADE_AGREEMENT,1696;TAX_ECON_FREETRADEAGREEMENTS_SOUTH_AFRICAN_CUSTOMS_UNION,1440;"
20260924111500-98,20260924111500,iafrica.com,https://iafrica.com/ukzn-graduate-builds-sign-language-ai-after-watching-his-parents-struggle-at-sassa/,"TAX_WORLDLANGUAGES_SOUTH_AFRICAN_SIGN_LANGUAGE,104;TAX_WORLDLANGUAGES_SOUTH_AFRICAN_SIGN_LANGUAGE,1737;TAX_FNCACT_TELLER,817;TAX_FNCACT_TELLER,869;TAX_FNCACT_INTERPRETER,963;TAX_FNCACT_INTERPRETER,1098;EPU_CATS_ENTITLEMENT_PROGRAMS,583;SOC_POINTSOFINTEREST_POLICE_STATIONS,2055;SOC_INNOVATION,2801;TAX_WORLDLANGUAGES_ARUSHA,2312;TAX_WORLDLANGUAGES_SIGN_LANGUAGES,2605;TAX_FNCACT_INTERPRETERS,1937;TAX_FNCACT_OFFICIAL,1768;EDUCATION,12;SOC_POINTSOFINTEREST_UNIVERSITY,12;TAX_FNCACT_SIGNERS,1361;TAX_FNCACT_SIGNERS,2555;TAX_ETHNICITY_ENGLISH,124;TAX_ETHNICITY_ENGLISH,779;TAX_ETHNICITY_ENGLISH,901;TAX_WORLDLANGUAGES_ENGLISH,124;TAX_WORLDLANGUAGES_ENGLISH,779;TAX_WORLDLANGUAGES_ENGLISH,901;CRISISLEX_C07_SAFETY,583;DISABILITY,2834;WB_1458_HEALTH_PROMOTION_AND_DISEASE_PREVENTION,2834;WB_635_PUBLIC_HEALTH,2834;WB_1464_HEALTH_OF_THE_DISABLED,2834;WB_621_HEALTH_NUTRITION_AND_POPULATION,2834;CONSTITUTIONAL,1847;TAX_WORLDLANGUAGES_SIGN_LANGUAGE,104;TAX_WORLDLANGUAGES_SIGN_LANGUAGE,849;TAX_WORLDLANGUAGES_SIGN_LANGUAGE,1737;TAX_WORLDLANGUAGES_SIGN_LANGUAGE,2280;TAX_WORLDLANGUAGES_SIGN_LANGUAGE,2423;TAX_WORLDLANGUAGES_SIGN_LANGUAGE,2489;SECURITY_SERVICES,2046;TAX_FNCACT_POLICE,2046;TAX_WORLDLANGUAGES_TANZANIAN_SIGN_LANGUAGE,2423;SOC_POINTSOFINTEREST_COLLEGE,2340;"
20260924101500-704,20260924101500,riotimesonline.com,https://www.riotimesonline.com/eswatini-el-nino-warning-harvest-risk-2026/,"ECON_WORLDCURRENCIES_SOUTH_AFRICAN_RAND,5105;TAX_FOODSTAPLES_CEREAL,3926;TAX_FOODSTAPLES_CEREAL,4597;TAX_FOODSTAPLES_CEREAL,6952;TAX_FOODSTAPLES_MAIZE,432;TAX_FOODSTAPLES_MAIZE,3214;TAX_FOODSTAPLES_MAIZE,3519;TAX_FOODSTAPLES_MAIZE,4076;TAX_FOODSTAPLES_MAIZE,4331;TAX_FOODSTAPLES_MAIZE,4577;TAX_FOODSTAPLES_MAIZE,5311;TAX_FOODSTAPLES_MAIZE,6854;EPU_ECONOMY_HISTORIC,5286;EPU_ECONOMY_HISTORIC,5733;TAX_FNCACT_KING,71;TAX_FNCACT_KING,727;TAX_FNCACT_KING,1857;TAX_FNCACT_KING,7044;EPU_POLICY_SPENDING,5253;TAX_AIDGROUPS_SOUTHERN_AFRICAN_DEVELOPMENT_COMMUNITY,3259;TAX_AIDGROUPS_SOUTHERN_AFRICAN_DEVELOPMENT_COMMUNITY,7436;WATER_SECURITY,3868;WATER_SECURITY,4455;WATER_SECURITY,5244;WATER_SECURITY,6110;WATER_SECURITY,6826;NATURAL_DISASTER_DROUGHT,3868;NATURAL_DISASTER_DROUGHT,4455;NATURAL_DISASTER_DROUGHT,5244;NATURAL_DISASTER_DROUGHT,6110;NATURAL_DISASTER_DROUGHT,6826;GENERAL_GOVERNMENT,6147;EPU_POLICY_GOVERNMENT,6147;CRISISLEX_C07_SAFETY,2191;CRISISLEX_C07_SAFETY,7210;CRISISLEX_O01_WEATHER,1920;WB_137_WATER,5564;WB_137_WATER,5688;TAX_WORLDLANGUAGES_LATIN,1136;TAX_WORLDLANGUAGES_LATIN,1278;TAX_WORLDLANGUAGES_LATIN,1456;EPU_POLICY_MINISTRY_OF_FINANCE,7575;UNGP_FORESTS_RIVERS_OCEANS,156;UNGP_FORESTS_RIVERS_OCEANS,851;UNGP_FORESTS_RIVERS_OCEANS,1986;WB_775_TRADE_POLICY_AND_INTEGRATION,4789;WB_2576_REGIONAL_INTEGRATION,4789;WB_2578_CUSTOMS_UNIONS,4789;WB_698_TRADE,4789;WB_2575_TRADE_POLICY_AND_INVESTMENT_AGREEMENTS,4789;WB_696_PUBLIC_SECTOR_MANAGEMENT,2085;WB_840_JUSTICE,2085;WB_151_IRRIGATION_AND_DRAINAGE,5682;WB_140_AGRICULTURAL_WATER_MANAGEMENT,5682;GENERAL_HEALTH,2115;GENERAL_HEALTH,5590;MEDICAL,2115;MEDICAL,5590;USPEC_POLICY1,4657;USPEC_POLICY1,4809;USPEC_POLICY1,7582;EPU_POLICY_BUDGET,4657;EPU_POLICY_BUDGET,4809;EPU_POLICY_BUDGET,7582;TAX_ECON_PRICE,5123;TAX_ECON_PRICE,5318;CRISISLEX_CRISISLEXREC,4270;AGRICULTURE,3507;TAX_FNCACT_FARMERS,3507;RURAL,5752;TAX_FNCACT_OFFICIAL,5993;TAX_FNCACT_OFFICIAL,6052;"
20260924050000-473,20260924050000,mg.co.za,https://mg.co.za/thought-leader/2026-09-24-beyond-heritage-day-african-languages-must-carry-our-rights/,"AFFECT,2752;AFFECT,4535;TAX_ECON_PRICE,4353;EPU_POLICY_LAW,1730;EPU_POLICY_LAW,3129;EPU_POLICY_LAW,5254;EPU_POLICY_LAW,5591;SELF_IDENTIFIED_HUMAN_RIGHTS,2448;WB_2203_HUMAN_RIGHTS,2448;WB_2432_FRAGILITY_CONFLICT_AND_VIOLENCE,2448;UNGP_CRIME_VIOLENCE,2448;CRISISLEX_C03_WELLBEING_HEALTH,2206;TAX_FNCACT_WORKER,2138;MEDIA_MSM,5109;TAX_FNCACT_OFFICIAL,1186;TAX_FNCACT_OFFICIAL,1425;TAX_FNCACT_OFFICIAL,1650;TAX_FNCACT_OFFICIAL,3633;TAX_FNCACT_OFFICIAL,3789;WB_482_TERTIARY_EDUCATION,1014;WB_478_LEVELS_OF_EDUCATION,1014;USPEC_POLICY1,161;LEGISLATION,979;LEGISLATION,3617;USPEC_POLITICS_GENERAL1,979;USPEC_POLITICS_GENERAL1,3617;EPU_POLICY_LEGISLATION,979;EPU_POLICY_LEGISLATION,3617;TAX_WORLDLANGUAGES_SIGN_LANGUAGE,1236;TAX_WORLDLANGUAGES_SIGN_LANGUAGE,5189;UNGP_FORESTS_RIVERS_OCEANS,714;TRIAL,4128;TAX_FNCACT_LAWYERS,4128;TAX_ETHNICITY_ENGLISH,137;TAX_ETHNICITY_ENGLISH,1603;TAX_ETHNICITY_ENGLISH,1961;TAX_ETHNICITY_ENGLISH,1994;TAX_ETHNICITY_ENGLISH,2119;TAX_ETHNICITY_ENGLISH,2401;TAX_ETHNICITY_ENGLISH,2793;TAX_ETHNICITY_ENGLISH,3243;TAX_ETHNICITY_ENGLISH,5373;TAX_WORLDLANGUAGES_ENGLISH,137;TAX_WORLDLANGUAGES_ENGLISH,1603;TAX_WORLDLANGUAGES_ENGLISH,1961;TAX_WORLDLANGUAGES_ENGLISH,1994;TAX_WORLDLANGUAGES_ENGLISH,2119;TAX_WORLDLANGUAGES_ENGLISH,2401;TAX_WORLDLANGUAGES_ENGLISH,2793;TAX_WORLDLANGUAGES_ENGLISH,3243;TAX_WORLDLANGUAGES_ENGLISH,5373;EPU_UNCERTAINTY,4386;WB_1467_EDUCATION_FOR_ALL,5335;WB_491_QUALITY_OF_EDUCATION,5335;WB_2129_TEXTBOOKS,5335;EPU_POLICY_POLICY,995;EPU_POLICY_POLICY,2312;EPU_POLICY_POLICY,3138;EPU_POLICY_POLICY,5280;TAX_WORLDLANGUAGES_SOUTH_AFRICAN_SIGN_LANGUAGE,1236;TAX_WORLDLANGUAGES_SOUTH_AFRICAN_SIGN_LANGUAGE,5189;WB_696_PUBLIC_SECTOR_MANAGEMENT,2549;WB_837_OPEN_GOVERNMENT_AND_TRANSPARENCY,2549;WB_831_GOVERNANCE,2549;WB_2031_RIGHT_TO_INFORMATION,2549;EDUCATION,1014;EDUCATION,3756;EDUCATION,4661;EDUCATION,5520;WB_470_EDUCATION,1014;WB_470_EDUCATION,3756;WB_470_EDUCATION,4661;WB_470_EDUCATION,5520;GENERAL_HEALTH,2236;MEDICAL,2236;SOC_POINTSOFINTEREST_HOSPITAL,2236;TAX_FNCACT_CITIZENS,1695;TAX_FNCACT_CITIZENS,3384;TAX_WORLDMAMMALS_HUMAN,2441;TAX_FNCACT_CITIZEN,5820;TAX_ETHNICITY_INDIGENOUS,1329;ETH_INDIGINOUS,1329;SOC_POINTSOFINTEREST_UNIVERSITIES,4169;SOC_POINTSOFINTEREST_UNIVERSITIES,5203;CONSTITUTIONAL,1267;CONSTITUTIONAL,2486;WB_1606_SCHOLARSHIPS,5605;WB_1608_CASH_TRANSFERS,5605;WB_1466_SOCIAL_ASSISTANCE,5605;WB_1603_FEE_WAIVERS,5605;WB_697_SOCIAL_PROTECTION_AND_LABOR,5605;GENERAL_GOVERNMENT,311;GENERAL_GOVERNMENT,1027;GENERAL_GOVERNMENT,1755;GENERAL_GOVERNMENT,3466;GENERAL_GOVERNMENT,3655;GENERAL_GOVERNMENT,4066;GENERAL_GOVERNMENT,4505;GENERAL_GOVERNMENT,5844;EPU_POLICY_GOVERNMENT,311;EPU_POLICY_GOVERNMENT,1027;EPU_POLICY_GOVERNMENT,1755;EPU_POLICY_GOVERNMENT,3466;EPU_POLICY_GOVERNMENT,3655;EPU_POLICY_GOVERNMENT,4066;EPU_POLICY_GOVERNMENT,4505;EPU_POLICY_GOVERNMENT,5844;MANMADE_DISASTER_IMPLIED,2294;SOC_POINTSOFINTEREST_SCHOOL,2294;"
20260923191500-448,20260923191500,cajnewsafrica.com,https://cajnewsafrica.com/2026/09/23/vodacom-enhances-provision-to-disadvantaged-clients/,"UNGP_FORESTS_RIVERS_OCEANS,1408;TAX_WORLDMAMMALS_HUMAN,492;EDUCATION,2217;TAX_FNCACT_EDUCATORS,2217;WB_2601_TRADE_LINKAGES_SPILLOVERS_AND_CONNECTIVITY,831;WB_772_TRADE_FACILITATION_AND_LOGISTICS,831;WB_699_URBAN_DEVELOPMENT,831;WB_866_CONNECTIVITY_AND_LAGGING_REGIONS,831;WB_698_TRADE,831;WB_797_NATIONAL_URBAN_POLICIES,831;TAX_FNCACT_CHIEF,698;TAX_WORLDLANGUAGES_SOUTH_AFRICAN_SIGN_LANGUAGE,1192;TAX_FNCACT_AGENTS,1145;TAX_FNCACT_AGENTS,1670;SELF_IDENTIFIED_HUMAN_RIGHTS,499;WB_2203_HUMAN_RIGHTS,499;WB_2432_FRAGILITY_CONFLICT_AND_VIOLENCE,499;UNGP_CRIME_VIOLENCE,499;CRISISLEX_O02_RESPONSEAGENCIESATCRISIS,1342;TAX_WORLDLANGUAGES_SIGN_LANGUAGE,1192;TAX_WORLDLANGUAGES_SIGN_LANGUAGE,1715;CRISISLEX_CRISISLEXREC,1236;CRISISLEX_CRISISLEXREC,1333;GENERAL_HEALTH,1376;WB_635_PUBLIC_HEALTH,1376;WB_2165_HEALTH_EMERGENCIES,1376;WB_621_HEALTH_NUTRITION_AND_POPULATION,1376;WB_1324_EMERGENCY_MEDICAL_SERVICES,1376;TAX_MILITARY_TITLE_OFFICER,723;TAX_FNCACT_OFFICER,723;WB_678_DIGITAL_GOVERNMENT,1501;WB_694_BROADCAST_AND_MEDIA,1501;WB_133_INFORMATION_AND_COMMUNICATION_TECHNOLOGIES,1501;"
20260923123000-1085,20260923123000,defenceweb.co.za,https://defenceweb.co.za/industry/industry-industry/opinion-beyond-aad-2026-rebuilding-south-africas-defence-industry/,"GENERAL_GOVERNMENT,827;GENERAL_GOVERNMENT,1602;GENERAL_GOVERNMENT,3191;GENERAL_GOVERNMENT,3362;GENERAL_GOVERNMENT,5120;GENERAL_GOVERNMENT,6931;GENERAL_GOVERNMENT,7579;GENERAL_GOVERNMENT,9164;GENERAL_GOVERNMENT,11545;EPU_POLICY_GOVERNMENT,827;EPU_POLICY_GOVERNMENT,1602;EPU_POLICY_GOVERNMENT,3191;EPU_POLICY_GOVERNMENT,3362;EPU_POLICY_GOVERNMENT,5120;EPU_POLICY_GOVERNMENT,6931;EPU_POLICY_GOVERNMENT,7579;EPU_POLICY_GOVERNMENT,9164;EPU_POLICY_GOVERNMENT,11545;WB_1467_EDUCATION_FOR_ALL,2431;WB_1467_EDUCATION_FOR_ALL,7641;WB_1467_EDUCATION_FOR_ALL,11494;WB_1467_EDUCATION_FOR_ALL,12034;WB_470_EDUCATION,2431;WB_470_EDUCATION,7641;WB_470_EDUCATION,11494;WB_470_EDUCATION,12034;WB_2131_EMPLOYABILITY_SKILLS_AND_JOBS,2431;WB_2131_EMPLOYABILITY_SKILLS_AND_JOBS,7641;WB_2131_EMPLOYABILITY_SKILLS_AND_JOBS,11494;WB_2131_EMPLOYABILITY_SKILLS_AND_JOBS,12034;WB_1484_EDUCATION_SKILLS_DEVELOPMENT_AND_LABOR_MARKET,2431;WB_1484_EDUCATION_SKILLS_DEVELOPMENT_AND_LABOR_MARKET,7641;WB_1484_EDUCATION_SKILLS_DEVELOPMENT_AND_LABOR_MARKET,11494;WB_1484_EDUCATION_SKILLS_DEVELOPMENT_AND_LABOR_MARKET,12034;WB_1921_PRIVATE_SECTOR_DEVELOPMENT,1515;WB_1921_PRIVATE_SECTOR_DEVELOPMENT,2227;WB_1921_PRIVATE_SECTOR_DEVELOPMENT,2455;WB_376_INNOVATION_TECHNOLOGY_AND_ENTREPRENEURSHIP,1515;WB_376_INNOVATION_TECHNOLOGY_AND_ENTREPRENEURSHIP,2227;WB_376_INNOVATION_TECHNOLOGY_AND_ENTREPRENEURSHIP,2455;WB_1917_INTELLECTUAL_PROPERTY,1515;WB_1917_INTELLECTUAL_PROPERTY,2227;WB_1917_INTELLECTUAL_PROPERTY,2455;WB_377_FIRM_INNOVATION_PRODUCTIVITY_AND_GROWTH,1515;WB_377_FIRM_INNOVATION_PRODUCTIVITY_AND_GROWTH,2227;WB_377_FIRM_INNOVATION_PRODUCTIVITY_AND_GROWTH,2455;WB_346_COMPETITIVE_INDUSTRIES,2471;WB_346_COMPETITIVE_INDUSTRIES,4229;WB_346_COMPETITIVE_INDUSTRIES,8648;WB_346_COMPETITIVE_INDUSTRIES,9228;WB_818_INDUSTRY_POLICY_AND_REAL_SECTORS,2471;WB_818_INDUSTRY_POLICY_AND_REAL_SECTORS,4229;WB_818_INDUSTRY_POLICY_AND_REAL_SECTORS,8648;WB_818_INDUSTRY_POLICY_AND_REAL_SECTORS,9228;WB_1281_MANUFACTURING,2471;WB_1281_MANUFACTURING,4229;WB_1281_MANUFACTURING,8648;WB_1281_MANUFACTURING,9228;WB_2473_DIPLOMACY_AND_NEGOTIATIONS,11915;WB_2470_PEACE_OPERATIONS_AND_CONFLICT_MANAGEMENT,11915;WB_2432_FRAGILITY_CONFLICT_AND_VIOLENCE,11915;WB_2471_PEACEKEEPING,11915;TAX_FNCACT_TECHNICIANS,8213;TAX_FNCACT_MINISTER,3395;AFFECT,1393;WB_286_TELECOMMUNICATIONS_AND_BROADBAND_ACCESS,8689;WB_133_INFORMATION_AND_COMMUNICATION_TECHNOLOGIES,8689;TAX_ETHNICITY_INDIGENOUS,9746;ETH_INDIGINOUS,9746;RECRUITMENT,8474;SURVEILLANCE,4469;WB_2418__D_PRINTING,9228;WB_2416_INTERNET_OF_THINGS,9228;WB_2399_ICT_INNOVATION_AND_TRANSFORMATION,9228;EPU_CATS_NATIONAL_SECURITY,3983;SOC_EMERGINGTECH,4147;SHORTAGE,8510;ENV_MINING,8657;TAX_FNCACT_OFFICIAL,374;TAX_FNCACT_OFFICIAL,620;WB_1249_ACCESS_TO_FINANCE,1543;WB_1920_FINANCIAL_SECTOR_DEVELOPMENT,1543;WB_363_FINANCIAL_INCLUSION,1543;WB_644_NUTRITION,9379;WB_1441_SUPPLEMENTS,9379;WB_621_HEALTH_NUTRITION_AND_POPULATION,9379;WB_698_TRADE,715;WB_698_TRADE,994;WB_698_TRADE,10157;DRONES,9278;UNGP_FORESTS_RIVERS_OCEANS,1229;WB_845_LEGAL_AND_REGULATORY_FRAMEWORK,10673;WB_696_PUBLIC_SECTOR_MANAGEMENT,10673;WB_957_GOVERNMENT_PROCUREMENT,10673;WB_1888_INTERNATIONAL_PROCUREMENT,10673;WB_2670_JOBS,6818;WB_2670_JOBS,9523;WB_2769_JOBS_STRATEGIES,6818;WB_2769_JOBS_STRATEGIES,9523;WB_2840_INTEGRATION,6818;WB_2840_INTEGRATION,9523;WB_2836_MIGRATION_POLICIES_AND_JOBS,6818;WB_2836_MIGRATION_POLICIES_AND_JOBS,9523;TAX_FNCACT_ENGINEERS,8199;RETIREMENT,8236;WB_2690_CATEGORIES_OF_EMPLOYMENT,8236;WB_2689_JOBS_DIAGNOSTICS,8236;WB_2896_RETIREMENT,8236;EPU_ECONOMY_HISTORIC,287;EPU_ECONOMY_HISTORIC,551;EPU_ECONOMY_HISTORIC,1005;EPU_ECONOMY_HISTORIC,1084;EPU_ECONOMY_HISTORIC,1336;EPU_ECONOMY_HISTORIC,2031;EPU_ECONOMY_HISTORIC,3373;EPU_ECONOMY_HISTORIC,3448;EPU_ECONOMY_HISTORIC,5469;EPU_ECONOMY_HISTORIC,5649;EPU_ECONOMY_HISTORIC,6255;EPU_ECONOMY_HISTORIC,6458;EPU_ECONOMY_HISTORIC,6973;EPU_ECONOMY_HISTORIC,7253;EPU_ECONOMY_HISTORIC,7498;EPU_ECONOMY_HISTORIC,8547;EPU_ECONOMY_HISTORIC,8878;EPU_ECONOMY_HISTORIC,9931;EPU_ECONOMY_HISTORIC,11407;EPU_ECONOMY_HISTORIC,12153;EPU_ECONOMY_HISTORIC,12273;TAX_TERROR_GROUP_SOUTH_AFRICAN_NATIONAL_DEFENCE_FORCE,870;SOVEREIGNTY,2752;TAX_WEAPONS_ARTILLERY,9445;EPU_POLICY_REFORM,11529;TAX_FNCACT_SPECIALIST,2193;USPEC_UNCERTAINTY1,2675;SCIENCE,1107;SOC_INNOVATION,1107;"
20260923121500-76,20260923121500,politicsweb.co.za,https://www.politicsweb.co.za/news/parties-asked-to-disclose-coalition-plans-before-lge-2026-mvc,"EPU_POLICY_POLICY,3596;EPU_ECONOMY,706;EPU_ECONOMY_HISTORIC,706;ELECTION,18;ELECTION,221;ELECTION,1235;ELECTION,1447;ELECTION,1790;ELECTION,1824;ELECTION,2903;ELECTION,3160;ELECTION,4425;TAX_ECON_PRICE,4804;TAX_TERROR_GROUP_INKATHA_FREEDOM_PARTY,747;TAX_POLITICAL_PARTY_INKATHA_FREEDOM_PARTY,747;TAX_POLITICAL_PARTY_COMMUNIST_PARTY,1086;MEDIA_MSM,4121;CONSTITUTIONAL,1268;USPEC_POLICY1,2266;IDEOLOGY,2135;IDEOLOGY,2807;IDEOLOGY,5083;TAX_POLITICAL_PARTY_DEMOCRATIC_PARTY,837;TAX_RELIGION_CHRISTIAN,820;TAX_ETHNICITY_CHRISTIAN,820;TAX_POLITICAL_PARTY_CHRISTIAN_DEMOCRATIC_PARTY,837;TRANSPARENCY,3001;TRANSPARENCY,3416;TRANSPARENCY,3930;TRANSPARENCY,4232;TRANSPARENCY,4533;WB_678_DIGITAL_GOVERNMENT,5;WB_694_BROADCAST_AND_MEDIA,5;WB_133_INFORMATION_AND_COMMUNICATION_TECHNOLOGIES,5;TAX_POLITICAL_PARTY_FREEDOM_FRONT_PLUS,800;ARMEDCONFLICT,723;TAX_POLITICAL_PARTY_AFRICAN_CHRISTIAN_DEMOCRATIC_PARTY,837;TAX_FNCACT_COMMUNIST,1080;TAX_FNCACT_CITIZEN,1330;USPEC_POLITICS_GENERAL1,648;USPEC_POLITICS_GENERAL1,964;USPEC_POLITICS_GENERAL1,1011;EPU_POLICY_CONGRESS,648;EPU_POLICY_CONGRESS,964;EPU_POLICY_CONGRESS,1011;TAX_POLITICAL_PARTY_UNITED_DEMOCRATIC_MOVEMENT,866;ALLIANCE,85;ALLIANCE,254;ALLIANCE,558;ALLIANCE,2226;ALLIANCE,2329;ALLIANCE,2415;ALLIANCE,2519;ALLIANCE,3050;ALLIANCE,3200;ALLIANCE,3277;ALLIANCE,3379;ALLIANCE,3535;ALLIANCE,3673;ALLIANCE,4049;ALLIANCE,4211;ALLIANCE,4599;GOV_LOCALGOV,121;GOV_LOCALGOV,310;GOV_LOCALGOV,2453;GOV_LOCALGOV,3468;GOV_LOCALGOV,3708;WB_2142_LOCAL_GOVERNMENT,121;WB_2142_LOCAL_GOVERNMENT,310;WB_2142_LOCAL_GOVERNMENT,2453;WB_2142_LOCAL_GOVERNMENT,3468;WB_2142_LOCAL_GOVERNMENT,3708;WB_1502_EDUCATIONAL_DECENTRALIZATION,121;WB_1502_EDUCATIONAL_DECENTRALIZATION,310;WB_1502_EDUCATIONAL_DECENTRALIZATION,2453;WB_1502_EDUCATIONAL_DECENTRALIZATION,3468;WB_1502_EDUCATIONAL_DECENTRALIZATION,3708;WB_470_EDUCATION,121;WB_470_EDUCATION,310;WB_470_EDUCATION,2453;WB_470_EDUCATION,3468;WB_470_EDUCATION,3708;WB_1497_EDUCATION_MANAGEMENT_AND_ADMINISTRATION,121;WB_1497_EDUCATION_MANAGEMENT_AND_ADMINISTRATION,310;WB_1497_EDUCATION_MANAGEMENT_AND_ADMINISTRATION,2453;WB_1497_EDUCATION_MANAGEMENT_AND_ADMINISTRATION,3468;WB_1497_EDUCATION_MANAGEMENT_AND_ADMINISTRATION,3708;NEGOTIATIONS,267;NEGOTIATIONS,2737;NEGOTIATIONS,2867;NEGOTIATIONS,3290;NEGOTIATIONS,5018;NEGOTIATIONS,5128;WB_696_PUBLIC_SECTOR_MANAGEMENT,267;WB_696_PUBLIC_SECTOR_MANAGEMENT,2737;WB_696_PUBLIC_SECTOR_MANAGEMENT,2867;WB_696_PUBLIC_SECTOR_MANAGEMENT,3290;WB_696_PUBLIC_SECTOR_MANAGEMENT,5018;WB_696_PUBLIC_SECTOR_MANAGEMENT,5128;WB_840_JUSTICE,267;WB_840_JUSTICE,2737;WB_840_JUSTICE,2867;WB_840_JUSTICE,3290;WB_840_JUSTICE,5018;WB_840_JUSTICE,5128;WB_2473_DIPLOMACY_AND_NEGOTIATIONS,267;WB_2473_DIPLOMACY_AND_NEGOTIATIONS,2737;WB_2473_DIPLOMACY_AND_NEGOTIATIONS,2867;WB_2473_DIPLOMACY_AND_NEGOTIATIONS,3290;WB_2473_DIPLOMACY_AND_NEGOTIATIONS,5018;WB_2473_DIPLOMACY_AND_NEGOTIATIONS,5128;WB_939_NEGOTIATION,267;WB_939_NEGOTIATION,2737;WB_939_NEGOTIATION,2867;WB_939_NEGOTIATION,3290;WB_939_NEGOTIATION,5018;WB_939_NEGOTIATION,5128;WB_2470_PEACE_OPERATIONS_AND_CONFLICT_MANAGEMENT,267;WB_2470_PEACE_OPERATIONS_AND_CONFLICT_MANAGEMENT,2737;WB_2470_PEACE_OPERATIONS_AND_CONFLICT_MANAGEMENT,2867;WB_2470_PEACE_OPERATIONS_AND_CONFLICT_MANAGEMENT,3290;WB_2470_PEACE_OPERATIONS_AND_CONFLICT_MANAGEMENT,5018;WB_2470_PEACE_OPERATIONS_AND_CONFLICT_MANAGEMENT,5128;WB_936_ALTERNATIVE_DISPUTE_RESOLUTION,267;WB_936_ALTERNATIVE_DISPUTE_RESOLUTION,2737;WB_936_ALTERNATIVE_DISPUTE_RESOLUTION,2867;WB_936_ALTERNATIVE_DISPUTE_RESOLUTION,3290;WB_936_ALTERNATIVE_DISPUTE_RESOLUTION,5018;WB_936_ALTERNATIVE_DISPUTE_RESOLUTION,5128;WB_2432_FRAGILITY_CONFLICT_AND_VIOLENCE,267;WB_2432_FRAGILITY_CONFLICT_AND_VIOLENCE,2737;WB_2432_FRAGILITY_CONFLICT_AND_VIOLENCE,2867;WB_2432_FRAGILITY_CONFLICT_AND_VIOLENCE,3290;WB_2432_FRAGILITY_CONFLICT_AND_VIOLENCE,5018;WB_2432_FRAGILITY_CONFLICT_AND_VIOLENCE,5128;WB_843_DISPUTE_RESOLUTION,267;WB_843_DISPUTE_RESOLUTION,2737;WB_843_DISPUTE_RESOLUTION,2867;WB_843_DISPUTE_RESOLUTION,3290;WB_843_DISPUTE_RESOLUTION,5018;WB_843_DISPUTE_RESOLUTION,5128;WB_2471_PEACEKEEPING,267;WB_2471_PEACEKEEPING,2737;WB_2471_PEACEKEEPING,2867;WB_2471_PEACEKEEPING,3290;WB_2471_PEACEKEEPING,5018;WB_2471_PEACEKEEPING,5128;WB_837_OPEN_GOVERNMENT_AND_TRANSPARENCY,1424;WB_831_GOVERNANCE,1424;WB_2031_RIGHT_TO_INFORMATION,1424;TAX_POLITICAL_PARTY_FREEDOM_FRONT,795;TAX_TERROR_GROUP_AFRICAN_NATIONAL_CONGRESS,648;TAX_POLITICAL_PARTY_AFRICAN_NATIONAL_CONGRESS,648;TAX_TERROR_GROUP_PAN_AFRICANIST_CONGRESS_OF_AZANIA,1021;LEGISLATION,3790;EPU_POLICY_LEGISLATION,3790;EPU_POLICY_POLITICAL,55;EPU_POLICY_POLITICAL,186;EPU_POLICY_POLITICAL,1354;EPU_POLICY_POLITICAL,1502;EPU_POLICY_POLITICAL,2358;EPU_POLICY_POLITICAL,3877;EPU_POLICY_POLITICAL,3954;EPU_POLICY_POLITICAL,4657;EPU_POLICY_POLITICAL,4739;EPU_POLICY_LAW,3996;MOVEMENT_GENERAL,491;MOVEMENT_GENERAL,866;MOVEMENT_GENERAL,900;MOVEMENT_GENERAL,1113;TAX_TERROR_GROUP_PAN_AFRICANIST_CONGRESS,1011;TAX_POLITICAL_PARTY_PAN_AFRICANIST_CONGRESS,1011;GENERAL_GOVERNMENT,121;GENERAL_GOVERNMENT,310;GENERAL_GOVERNMENT,2453;GENERAL_GOVERNMENT,3390;GENERAL_GOVERNMENT,3468;GENERAL_GOVERNMENT,3708;GENERAL_GOVERNMENT,4610;GENERAL_GOVERNMENT,4832;EPU_POLICY_GOVERNMENT,121;EPU_POLICY_GOVERNMENT,310;EPU_POLICY_GOVERNMENT,2453;EPU_POLICY_GOVERNMENT,3390;EPU_POLICY_GOVERNMENT,3468;EPU_POLICY_GOVERNMENT,3708;EPU_POLICY_GOVERNMENT,4610;EPU_POLICY_GOVERNMENT,4832;TAX_POLITICAL_PARTY_SOUTH_AFRICAN_COMMUNIST_PARTY,1086;UNGP_FORESTS_RIVERS_OCEANS,4778;"
20260923120000-82,20260923120000,cnbcafrica.com,https://www.cnbcafrica.com/2026/south-african-rand-muted-ahead-of-inflation-data-expected-rate-hike,"WB_698_TRADE,214;USPEC_POLICY1,283;EPU_POLICY_POLICY,283;ECON_INFLATION,258;WB_1104_MACROECONOMIC_VULNERABILITY_AND_DEBT,258;WB_442_INFLATION,258;WB_444_MONETARY_POLICY,283;WB_439_MACROECONOMIC_AND_STRUCTURAL_POLICIES,283;EPU_POLICY_MONETARY_POLICY,283;EPU_CATS_MONETARY_POLICY,283;ECON_CENTRALBANK,333;WB_1235_CENTRAL_BANKS,333;WB_318_FINANCIAL_ARCHITECTURE_AND_BANKING,333;WB_1920_FINANCIAL_SECTOR_DEVELOPMENT,333;WB_1234_BANKING_INSTITUTIONS,333;EPU_POLICY_CENTRAL_BANK,333;ECON_INTEREST_RATES,373;EPU_POLICY_INTEREST_RATES,373;ECON_WORLDCURRENCIES_SOUTH_AFRICAN_RAND,18;ECON_WORLDCURRENCIES_SOUTH_AFRICAN_RAND,189;"
20260923104500-645,20260923104500,standardmedia.co.ke,https://www.standardmedia.co.ke/africa/article/2001558452/gunmen-kill-11-in-south-african-township,"LEADER,2222;TAX_FNCACT_PRESIDENT,2222;USPEC_POLITICS_GENERAL1,2222;WB_135_TRANSPORT,257;WB_1803_TRANSPORT_INFRASTRUCTURE,257;WB_167_PORTS,257;ARREST,1695;KILL,296;TAX_FNCACT_POLICE_CHIEF,1612;WB_1467_EDUCATION_FOR_ALL,2507;WB_470_EDUCATION,2507;WB_2131_EMPLOYABILITY_SKILLS_AND_JOBS,2507;WB_1484_EDUCATION_SKILLS_DEVELOPMENT_AND_LABOR_MARKET,2507;UNGP_FORESTS_RIVERS_OCEANS,1856;EPU_CATS_MIGRATION_FEAR_FEAR,2204;UNGP_CRIME_VIOLENCE,2126;SOC_GENERALCRIME,2000;TAX_FNCACT_CHIEF,1612;CRISISLEX_T02_INJURED,542;CRISISLEX_T02_INJURED,1364;ORGANIZED_CRIME,477;WB_2433_CONFLICT_AND_VIOLENCE,477;WB_2452_GANGS,477;WB_2432_FRAGILITY_CONFLICT_AND_VIOLENCE,477;WB_2445_NON_STATE_SECURITY_ACTORS,477;TERROR,194;CRISISLEX_T03_DEAD,2036;MEDIA_MSM,1219;MILITARY,8;MILITARY,2100;TAX_MILITARY_TITLE_SOLDIERS,8;TAX_MILITARY_TITLE_SOLDIERS,2100;TAX_FNCACT_SOLDIERS,8;TAX_FNCACT_SOLDIERS,2100;TAX_TERROR_GROUP_SOUTH_AFRICAN_NATIONAL_DEFENCE_FORCE,52;TAX_FNCACT_WOMAN,571;SECURITY_SERVICES,355;SECURITY_SERVICES,955;SECURITY_SERVICES,1026;SECURITY_SERVICES,1606;SECURITY_SERVICES,1801;SECURITY_SERVICES,2172;TAX_FNCACT_POLICE,355;TAX_FNCACT_POLICE,955;TAX_FNCACT_POLICE,1026;TAX_FNCACT_POLICE,1606;TAX_FNCACT_POLICE,1801;TAX_FNCACT_POLICE,2172;CRISISLEX_C07_SAFETY,355;CRISISLEX_C07_SAFETY,955;CRISISLEX_C07_SAFETY,1026;CRISISLEX_C07_SAFETY,1606;CRISISLEX_C07_SAFETY,1801;CRISISLEX_C07_SAFETY,2172;TAX_FNCACT_VICTIMS,542;TAX_FNCACT_VICTIMS,1364;CRISISLEX_CRISISLEXREC,542;CRISISLEX_CRISISLEXREC,1364;CRISISLEX_T08_MISSINGFOUNDTRAPPEDPEOPLE,542;CRISISLEX_T08_MISSINGFOUNDTRAPPEDPEOPLE,1364;GENERAL_GOVERNMENT,346;EPU_POLICY_GOVERNMENT,346;MANMADE_DISASTER_IMPLIED,92;WB_1160_SHOCKS_AND_VULNERABILITY,1178;WB_695_POVERTY,1178;TAX_WORLDMAMMALS_HUMAN,1787;"
20260923034500-705,20260923034500,timeslive.co.za,https://www.timeslive.co.za/news/south-africa/2026-09-23-mapisa-nqakula-grilled-over-meetings-with-sandf-contractor-ntsondwa-ndhlovu/,"TAX_FNCACT_FATHER,1985;TAX_FNCACT_FATHER,5500;TAX_FNCACT_FATHER,5595;TAX_FNCACT_FATHER,5794;TAX_FNCACT_OFFICIAL,5133;TAX_FNCACT_OFFICIAL,7556;CRISISLEX_C03_WELLBEING_HEALTH,5853;TAX_FNCACT_JUDGE,5330;GENERAL_GOVERNMENT,619;EPU_POLICY_GOVERNMENT,619;TAX_FNCACT_EMPLOYEES,7774;CRIME_COMMON_ROBBERY,1356;CRIME_COMMON_ROBBERY,3876;BAN,7332;TAX_FNCACT_MINISTER,43;TAX_FNCACT_MINISTER,463;TAX_FNCACT_MINISTER,845;TAX_FNCACT_MINISTER,1649;TAX_FNCACT_MINISTER,2244;TAX_FNCACT_MINISTER,7605;TAX_WORLDMAMMALS_HUMAN,4543;TAX_WORLDMAMMALS_HUMAN,4731;CRISISLEX_CRISISLEXREC,1329;UNGP_FORESTS_RIVERS_OCEANS,1718;LEADER,7412;TAX_FNCACT_PRESIDENT,7412;USPEC_POLITICS_GENERAL1,7412;MANMADE_DISASTER_IMPLIED,1540;CORRUPTION,394;GRIEVANCES,4427;TAX_FNCACT_SECRETARY,931;TAX_FNCACT_CABINET_MINISTERS,7317;TAX_FNCACT_EXECUTIVE,7285;TAX_TERROR_GROUP_SOUTH_AFRICAN_NATIONAL_DEFENCE_FORCE,144;TAX_FNCACT_MINISTERS,7317;ECON_MONEYLAUNDERING,418;WB_2076_MONEY_LAUNDERING,418;WB_1920_FINANCIAL_SECTOR_DEVELOPMENT,418;WB_328_FINANCIAL_INTEGRITY,418;SOC_POINTSOFINTEREST_AIRPORT,817;WB_135_TRANSPORT,817;WB_1803_TRANSPORT_INFRASTRUCTURE,817;WB_1804_AIRPORTS,817;TAX_FNCACT_PROSECUTOR,4000;CRISISLEX_C07_SAFETY,4000;AFFECT,1978;AFFECT,5493;WB_696_PUBLIC_SECTOR_MANAGEMENT,7292;WB_2048_COMPENSATION_CAREERS_AND_INCENTIVES,7292;WB_723_PUBLIC_ADMINISTRATION,7292;WB_724_HUMAN_RESOURCES_FOR_PUBLIC_SECTOR,7292;WB_2089_ETHICS_AND_CODES_OF_CONDUCT,7292;TAX_FNCACT_PROSECUTORS,7829;WB_1428_INJURY,1392;WB_1428_INJURY,1850;WB_1428_INJURY,3955;WB_1406_DISEASES,1392;WB_1406_DISEASES,1850;WB_1406_DISEASES,3955;WB_621_HEALTH_NUTRITION_AND_POPULATION,1392;WB_621_HEALTH_NUTRITION_AND_POPULATION,1850;WB_621_HEALTH_NUTRITION_AND_POPULATION,3955;WB_1427_NON_COMMUNICABLE_DISEASE_AND_INJURY,1392;WB_1427_NON_COMMUNICABLE_DISEASE_AND_INJURY,1850;WB_1427_NON_COMMUNICABLE_DISEASE_AND_INJURY,3955;CRISISLEX_T02_INJURED,1392;CRISISLEX_T02_INJURED,1850;CRISISLEX_T02_INJURED,3955;TAX_FNCACT_CONTRACTOR,171;TAX_FNCACT_CONTRACTOR,7678;TAX_FNCACT_VETERANS,34;TAX_FNCACT_VETERANS,2235;TRIAL,87;GENERAL_HEALTH,2030;GENERAL_HEALTH,5470;GENERAL_HEALTH,5691;MEDICAL,2030;MEDICAL,5470;MEDICAL,5691;TAX_FNCACT_NURSE,2030;TAX_FNCACT_NURSE,5470;TAX_FNCACT_NURSE,5691;"
20260922234500-335,20260922234500,riotimesonline.com,https://www.riotimesonline.com/namibia-social-security-commission-benefits-rise-2026/,"TAX_FNCACT_SELFEMPLOYED,5779;ECON_WORLDCURRENCIES_NAMIBIAN_DOLLAR,2976;TAX_FNCACT_WORKER,111;TAX_FNCACT_WORKER,1891;TAX_FNCACT_WORKER,2323;TAX_FNCACT_WORKER,6027;ECON_WORLDCURRENCIES_SOUTH_AFRICAN_RAND,3020;TAX_FNCACT_DEPUTY,4657;TAX_FNCACT_EMPLOYEES,684;TAX_FNCACT_EMPLOYEES,2278;TAX_FNCACT_EMPLOYEES,3691;TAX_FNCACT_EMPLOYEES,5294;TAX_FNCACT_EMPLOYEES,5743;TAX_FNCACT_EMPLOYEES,7419;DISABILITY,182;DISABILITY,305;DISABILITY,2697;DISABILITY,4182;DISABILITY,4947;WB_1458_HEALTH_PROMOTION_AND_DISEASE_PREVENTION,182;WB_1458_HEALTH_PROMOTION_AND_DISEASE_PREVENTION,305;WB_1458_HEALTH_PROMOTION_AND_DISEASE_PREVENTION,2697;WB_1458_HEALTH_PROMOTION_AND_DISEASE_PREVENTION,4182;WB_1458_HEALTH_PROMOTION_AND_DISEASE_PREVENTION,4947;WB_635_PUBLIC_HEALTH,182;WB_635_PUBLIC_HEALTH,305;WB_635_PUBLIC_HEALTH,2697;WB_635_PUBLIC_HEALTH,4182;WB_635_PUBLIC_HEALTH,4947;WB_1464_HEALTH_OF_THE_DISABLED,182;WB_1464_HEALTH_OF_THE_DISABLED,305;WB_1464_HEALTH_OF_THE_DISABLED,2697;WB_1464_HEALTH_OF_THE_DISABLED,4182;WB_1464_HEALTH_OF_THE_DISABLED,4947;WB_621_HEALTH_NUTRITION_AND_POPULATION,182;WB_621_HEALTH_NUTRITION_AND_POPULATION,305;WB_621_HEALTH_NUTRITION_AND_POPULATION,2697;WB_621_HEALTH_NUTRITION_AND_POPULATION,4182;WB_621_HEALTH_NUTRITION_AND_POPULATION,4947;WB_678_DIGITAL_GOVERNMENT,456;WB_678_DIGITAL_GOVERNMENT,1309;WB_678_DIGITAL_GOVERNMENT,2131;WB_694_BROADCAST_AND_MEDIA,456;WB_694_BROADCAST_AND_MEDIA,1309;WB_694_BROADCAST_AND_MEDIA,2131;WB_133_INFORMATION_AND_COMMUNICATION_TECHNOLOGIES,456;WB_133_INFORMATION_AND_COMMUNICATION_TECHNOLOGIES,1309;WB_133_INFORMATION_AND_COMMUNICATION_TECHNOLOGIES,2131;EPU_ECONOMY_HISTORIC,5416;TAX_FNCACT_MINISTER,420;TAX_FNCACT_MINISTER,2072;TAX_FNCACT_MINISTER,4316;TAX_FNCACT_MINISTER,6921;WB_696_PUBLIC_SECTOR_MANAGEMENT,392;WB_696_PUBLIC_SECTOR_MANAGEMENT,2044;WB_696_PUBLIC_SECTOR_MANAGEMENT,6893;WB_840_JUSTICE,392;WB_840_JUSTICE,2044;WB_840_JUSTICE,6893;ECON_WORLDCURRENCIES_DOLLAR,2976;ECON_WORLDCURRENCIES_DOLLAR,3075;TAX_FNCACT_CHIEF,4774;WB_1636_DISABILITY_ALLOWANCE,191;WB_1636_DISABILITY_ALLOWANCE,2706;WB_1466_SOCIAL_ASSISTANCE,191;WB_1466_SOCIAL_ASSISTANCE,2706;WB_1624_SOCIAL_PENSIONS,191;WB_1624_SOCIAL_PENSIONS,2706;UNGP_SUPPORT_FOR_PEOPLE_WHO_CANT_WORK,191;UNGP_SUPPORT_FOR_PEOPLE_WHO_CANT_WORK,2706;CRISISLEX_CRISISLEXREC,156;CRISISLEX_CRISISLEXREC,279;CRISISLEX_CRISISLEXREC,2671;CRISISLEX_CRISISLEXREC,4190;CRISISLEX_CRISISLEXREC,4921;CRISISLEX_CRISISLEXREC,5461;TAX_FNCACT_BABY,3844;EPU_POLICY_BUDGET,5892;GENERAL_HEALTH,3866;MEDICAL,3866;SOC_POINTSOFINTEREST_HOSPITAL,3866;CRISISLEX_C03_WELLBEING_HEALTH,3866;TAX_WORLDLANGUAGES_LATIN,1391;TAX_WORLDLANGUAGES_LATIN,1528;TAX_WORLDLANGUAGES_LATIN,1713;TAX_ECON_PRICE,4614;CRISISLEX_C07_SAFETY,77;CRISISLEX_C07_SAFETY,904;CRISISLEX_C07_SAFETY,1104;CRISISLEX_C07_SAFETY,1856;CRISISLEX_C07_SAFETY,4138;CRISISLEX_C07_SAFETY,5952;CRISISLEX_C07_SAFETY,6821;CRISISLEX_C07_SAFETY,7204;CRISISLEX_C07_SAFETY,7387;TAX_FNCACT_EMPLOYERS,672;TAX_FNCACT_EMPLOYERS,2266;TAX_FNCACT_EMPLOYERS,3679;TAX_FNCACT_EMPLOYERS,5032;TAX_FNCACT_EMPLOYERS,5282;TAX_FNCACT_EMPLOYERS,6102;TAX_FNCACT_EMPLOYERS,6524;TAX_FNCACT_EMPLOYERS,7407;WB_2704_EMPLOYER,672;WB_2704_EMPLOYER,2266;WB_2704_EMPLOYER,3679;WB_2704_EMPLOYER,5032;WB_2704_EMPLOYER,5282;WB_2704_EMPLOYER,6102;WB_2704_EMPLOYER,6524;WB_2704_EMPLOYER,7407;TAX_FNCACT_CHIEF_EXECUTIVE,4784;AFFECT,2347;TAX_FNCACT_BREADWINNER,4595;ECON_CENTRALBANK,3111;WB_1235_CENTRAL_BANKS,3111;WB_318_FINANCIAL_ARCHITECTURE_AND_BANKING,3111;WB_1920_FINANCIAL_SECTOR_DEVELOPMENT,3111;WB_1234_BANKING_INSTITUTIONS,3111;USPEC_POLICY1,3111;EPU_POLICY_CENTRAL_BANK,3111;EPU_CATS_MONETARY_POLICY,3111;EPU_ECONOMY,6215;GENERAL_GOVERNMENT,4006;EPU_POLICY_GOVERNMENT,4006;TAX_FNCACT_CHAIRPERSON,4669;MEDIA_MSM,2850;WB_723_PUBLIC_ADMINISTRATION,6410;WB_2044_HUMAN_RESOURCE_MANAGEMENT_INFORMATION_SYSTEM,6410;WB_724_HUMAN_RESOURCES_FOR_PUBLIC_SECTOR,6410;TAX_FNCACT_EXECUTIVE,4784;EPU_CATS_ENTITLEMENT_PROGRAMS,77;EPU_CATS_ENTITLEMENT_PROGRAMS,904;EPU_CATS_ENTITLEMENT_PROGRAMS,1104;EPU_CATS_ENTITLEMENT_PROGRAMS,1856;EPU_CATS_ENTITLEMENT_PROGRAMS,5952;EPU_CATS_ENTITLEMENT_PROGRAMS,6821;EPU_CATS_ENTITLEMENT_PROGRAMS,7204;EPU_CATS_ENTITLEMENT_PROGRAMS,7387;TAX_FNCACT_WORKERS,2922;TAX_FNCACT_WORKERS,4102;TAX_FNCACT_WORKERS,4377;TAX_FNCACT_WORKERS,4861;ECON_WORLDCURRENCIES_US_DOLLAR,3075;TAX_ETHNICITY_AMERICAN,1537;TAX_ETHNICITY_AMERICAN,1722;WB_1648_SICK_LEAVE,148;WB_1648_SICK_LEAVE,328;WB_1648_SICK_LEAVE,545;WB_1648_SICK_LEAVE,2469;WB_1648_SICK_LEAVE,2588;WB_1648_SICK_LEAVE,4913;WB_1648_SICK_LEAVE,5453;WB_752_CONTRIBUTORY_BENEFITS,148;WB_752_CONTRIBUTORY_BENEFITS,328;WB_752_CONTRIBUTORY_BENEFITS,545;WB_752_CONTRIBUTORY_BENEFITS,2469;WB_752_CONTRIBUTORY_BENEFITS,2588;WB_752_CONTRIBUTORY_BENEFITS,4913;WB_752_CONTRIBUTORY_BENEFITS,5453;WB_751_SOCIAL_INSURANCE,148;WB_751_SOCIAL_INSURANCE,328;WB_751_SOCIAL_INSURANCE,545;WB_751_SOCIAL_INSURANCE,2469;WB_751_SOCIAL_INSURANCE,2588;WB_751_SOCIAL_INSURANCE,4913;WB_751_SOCIAL_INSURANCE,5453;WB_697_SOCIAL_PROTECTION_AND_LABOR,148;WB_697_SOCIAL_PROTECTION_AND_LABOR,328;WB_697_SOCIAL_PROTECTION_AND_LABOR,545;WB_697_SOCIAL_PROTECTION_AND_LABOR,2469;WB_697_SOCIAL_PROTECTION_AND_LABOR,2588;WB_697_SOCIAL_PROTECTION_AND_LABOR,4913;WB_697_SOCIAL_PROTECTION_AND_LABOR,5453;RETIREMENT,169;RETIREMENT,292;RETIREMENT,2684;RETIREMENT,4934;WB_2690_CATEGORIES_OF_EMPLOYMENT,169;WB_2690_CATEGORIES_OF_EMPLOYMENT,292;WB_2690_CATEGORIES_OF_EMPLOYMENT,2684;WB_2690_CATEGORIES_OF_EMPLOYMENT,4934;WB_2670_JOBS,169;WB_2670_JOBS,292;WB_2670_JOBS,2684;WB_2670_JOBS,4934;WB_2689_JOBS_DIAGNOSTICS,169;WB_2689_JOBS_DIAGNOSTICS,292;WB_2689_JOBS_DIAGNOSTICS,2684;WB_2689_JOBS_DIAGNOSTICS,4934;WB_2896_RETIREMENT,169;WB_2896_RETIREMENT,292;WB_2896_RETIREMENT,2684;WB_2896_RETIREMENT,4934;"
20260922164500-1113,20260922164500,thesouthafrican.com,https://www.thesouthafrican.com/news/sandf-welcomes-2-500-new-soldiers-ready-to-fight-crime/,"WB_2670_JOBS,417;WB_2670_JOBS,2969;WB_696_PUBLIC_SECTOR_MANAGEMENT,417;WB_696_PUBLIC_SECTOR_MANAGEMENT,2969;WB_2048_COMPENSATION_CAREERS_AND_INCENTIVES,417;WB_2048_COMPENSATION_CAREERS_AND_INCENTIVES,2969;WB_723_PUBLIC_ADMINISTRATION,417;WB_723_PUBLIC_ADMINISTRATION,2969;WB_724_HUMAN_RESOURCES_FOR_PUBLIC_SECTOR,417;WB_724_HUMAN_RESOURCES_FOR_PUBLIC_SECTOR,2969;AFFECT,678;CRIME_ILLEGAL_DRUGS,2683;SECURITY_SERVICES,166;SECURITY_SERVICES,623;SECURITY_SERVICES,1716;SECURITY_SERVICES,1904;SECURITY_SERVICES,2145;SECURITY_SERVICES,2233;SECURITY_SERVICES,2440;TAX_FNCACT_POLICE,166;TAX_FNCACT_POLICE,623;TAX_FNCACT_POLICE,1716;TAX_FNCACT_POLICE,1904;TAX_FNCACT_POLICE,2145;TAX_FNCACT_POLICE,2233;TAX_FNCACT_POLICE,2440;CRISISLEX_C07_SAFETY,166;CRISISLEX_C07_SAFETY,623;CRISISLEX_C07_SAFETY,1716;CRISISLEX_C07_SAFETY,1904;CRISISLEX_C07_SAFETY,2145;CRISISLEX_C07_SAFETY,2233;CRISISLEX_C07_SAFETY,2440;TAX_FNCACT_CRIMINALS,2651;WB_2453_ORGANIZED_CRIME,2350;WB_2453_ORGANIZED_CRIME,2470;LEGISLATION,1784;EPU_POLICY_LAW,1784;UNGP_CRIME_VIOLENCE,695;ORGANIZED_CRIME,686;WB_2433_CONFLICT_AND_VIOLENCE,686;WB_2452_GANGS,686;WB_2432_FRAGILITY_CONFLICT_AND_VIOLENCE,686;WB_2445_NON_STATE_SECURITY_ACTORS,686;WB_840_JUSTICE,1796;WB_1920_FINANCIAL_SECTOR_DEVELOPMENT,1796;WB_328_FINANCIAL_INTEGRITY,1796;WB_1014_CRIMINAL_JUSTICE,1796;WB_2082_LAW_ENFORCEMENT,1796;ARMEDCONFLICT,574;CRISISLEX_T11_UPDATESSYMPATHY,1780;TAX_FNCACT_MINISTER,224;TAX_FNCACT_MINISTER,2365;RECRUITMENT,261;RECRUITMENT,731;RECRUITMENT,775;RECRUITMENT,1629;RECRUITMENT,2918;DRUG_TRADE,2683;WB_1331_HEALTH_TECHNOLOGIES,2683;WB_1350_PHARMACEUTICALS,2683;WB_621_HEALTH_NUTRITION_AND_POPULATION,2683;WB_2456_DRUGS_AND_NARCOTICS,2683;TAX_TERROR_GROUP_SOUTH_AFRICAN_NATIONAL_DEFENCE_FORCE,117;TAX_FNCACT_VETERANS,215;TAX_FNCACT_CRIMINAL,1844;TAX_FNCACT_CRIMINAL,2184;UNGP_FORESTS_RIVERS_OCEANS,889;CRISISLEX_CRISISLEXREC,1796;TAX_ECON_PRICE,1952;SOC_GENERALCRIME,175;SOC_GENERALCRIME,588;SOC_GENERALCRIME,1805;SOC_GENERALCRIME,2350;SOC_GENERALCRIME,2470;EPU_CATS_MIGRATION_FEAR_FEAR,175;EPU_CATS_MIGRATION_FEAR_FEAR,588;EPU_CATS_MIGRATION_FEAR_FEAR,1805;EPU_CATS_MIGRATION_FEAR_FEAR,2350;EPU_CATS_MIGRATION_FEAR_FEAR,2470;MILITARY,28;MILITARY,356;MILITARY,1577;MILITARY,1680;MILITARY,2735;TAX_MILITARY_TITLE_SOLDIERS,28;TAX_MILITARY_TITLE_SOLDIERS,356;TAX_MILITARY_TITLE_SOLDIERS,1577;TAX_MILITARY_TITLE_SOLDIERS,1680;TAX_MILITARY_TITLE_SOLDIERS,2735;TAX_FNCACT_SOLDIERS,28;TAX_FNCACT_SOLDIERS,356;TAX_FNCACT_SOLDIERS,1577;TAX_FNCACT_SOLDIERS,1680;TAX_FNCACT_SOLDIERS,2735;TAX_WORLDLANGUAGES_ANGIE,230;WB_1160_SHOCKS_AND_VULNERABILITY,1160;WB_695_POVERTY,1160;ARREST,2641;"
20260922160000-1304,20260922160000,ofm.co.za,https://www.ofm.co.za/article/centralsa/343312/candidate-list-setback-puts-anc-support-in-mangaung-under-pressure,"TAX_FNCACT_OFFICIAL,3004;ARMEDCONFLICT,1480;ARMEDCONFLICT,1985;ELECTION,191;TAX_POLITICAL_PARTY_COMMUNIST_PARTY,1762;NEGOTIATIONS,2794;WB_696_PUBLIC_SECTOR_MANAGEMENT,2794;WB_840_JUSTICE,2794;WB_2473_DIPLOMACY_AND_NEGOTIATIONS,2794;WB_939_NEGOTIATION,2794;WB_2470_PEACE_OPERATIONS_AND_CONFLICT_MANAGEMENT,2794;WB_936_ALTERNATIVE_DISPUTE_RESOLUTION,2794;WB_2432_FRAGILITY_CONFLICT_AND_VIOLENCE,2794;WB_843_DISPUTE_RESOLUTION,2794;WB_2471_PEACEKEEPING,2794;TAX_FNCACT_COMMUNIST,1756;TAX_POLITICAL_PARTY_SOUTH_AFRICAN_COMMUNIST_PARTY,1762;ALLIANCE,1712;ALLIANCE,2570;WB_135_TRANSPORT,780;WB_1803_TRANSPORT_INFRASTRUCTURE,780;WB_167_PORTS,780;GENERAL_GOVERNMENT,181;EPU_POLICY_GOVERNMENT,181;USPEC_POLITICS_GENERAL1,99;USPEC_POLITICS_GENERAL1,1762;USPEC_POLITICS_GENERAL1,1805;USPEC_POLITICS_GENERAL1,2050;USPEC_POLITICS_GENERAL1,2168;USPEC_POLITICS_GENERAL1,2333;USPEC_POLITICS_GENERAL1,2827;USPEC_POLITICS_GENERAL1,3065;USPEC_POLITICS_GENERAL1,3309;TAX_FNCACT_ANALYST,1159;TAX_FNCACT_CANDIDATES,138;TAX_FNCACT_CANDIDATES,563;TAX_FNCACT_CANDIDATE,227;EPU_POLICY_POLITICAL,1151;EPU_POLICY_POLITICAL,1329;EPU_POLICY_POLITICAL,1682;EPU_POLICY_POLITICAL,2435;EPU_POLICY_POLITICAL,2665;EPU_POLICY_POLITICAL,3097;NATURAL_DISASTER_EROSION,2037;CRISISLEX_T11_UPDATESSYMPATHY,1351;CRISISLEX_T11_UPDATESSYMPATHY,1441;AFFECT,552;AFFECT,961;USPEC_UNCERTAINTY1,2542;GOV_LOCALGOV,181;WB_2142_LOCAL_GOVERNMENT,181;WB_1502_EDUCATIONAL_DECENTRALIZATION,181;WB_470_EDUCATION,181;WB_1497_EDUCATION_MANAGEMENT_AND_ADMINISTRATION,181;"
20260922154500-1391,20260922154500,timeslive.co.za,https://www.timeslive.co.za/politics/2026-09-22-i-have-ubuntu-mapisa-nqakula-denies-she-ignored-robbery-before-cash-handover/,"WB_1428_INJURY,2313;WB_1406_DISEASES,2313;WB_621_HEALTH_NUTRITION_AND_POPULATION,2313;WB_1427_NON_COMMUNICABLE_DISEASE_AND_INJURY,2313;UNGP_FORESTS_RIVERS_OCEANS,5228;TAX_WORLDMAMMALS_HUMAN,5655;WB_696_PUBLIC_SECTOR_MANAGEMENT,3347;WB_840_JUSTICE,3347;WB_1014_CRIMINAL_JUSTICE,3347;TRIAL,2523;TAX_FNCACT_PROSECUTOR,2523;CRISISLEX_C07_SAFETY,2523;IDEOLOGY,2625;TAX_FNCACT_MINISTER,79;TAX_FNCACT_MINISTER,444;TAX_FNCACT_MINISTER,1086;TAX_FNCACT_JUDGE,4945;TAX_FNCACT_JUDGE,6296;TAX_FNCACT_CONTRACTOR,206;WOUND,1119;WOUND,1388;WOUND,3054;WOUND,3109;WOUND,3553;WOUND,3722;CRISISLEX_CRISISLEXREC,1119;CRISISLEX_CRISISLEXREC,1388;CRISISLEX_CRISISLEXREC,3054;CRISISLEX_CRISISLEXREC,3109;CRISISLEX_CRISISLEXREC,3553;CRISISLEX_CRISISLEXREC,3722;CRISISLEX_C03_WELLBEING_HEALTH,1119;CRISISLEX_C03_WELLBEING_HEALTH,1388;CRISISLEX_C03_WELLBEING_HEALTH,3054;CRISISLEX_C03_WELLBEING_HEALTH,3109;CRISISLEX_C03_WELLBEING_HEALTH,3553;CRISISLEX_C03_WELLBEING_HEALTH,3722;CRISISLEX_T02_INJURED,1119;CRISISLEX_T02_INJURED,1388;CRISISLEX_T02_INJURED,3054;CRISISLEX_T02_INJURED,3109;CRISISLEX_T02_INJURED,3553;CRISISLEX_T02_INJURED,3722;CRIME_COMMON_ROBBERY,252;CRIME_COMMON_ROBBERY,1783;CRIME_COMMON_ROBBERY,1981;CRIME_COMMON_ROBBERY,2419;CRIME_COMMON_ROBBERY,3543;TAX_TERROR_GROUP_SOUTH_AFRICAN_NATIONAL_DEFENCE_FORCE,179;MANMADE_DISASTER_IMPLIED,898;MANMADE_DISASTER_IMPLIED,1272;MANMADE_DISASTER_IMPLIED,4393;SOC_POINTSOFINTEREST_AIRPORT,4712;WB_135_TRANSPORT,4712;WB_1803_TRANSPORT_INFRASTRUCTURE,4712;WB_1804_AIRPORTS,4712;PROTEST,2911;CORRUPTION,369;GENERAL_GOVERNMENT,600;EPU_POLICY_GOVERNMENT,600;TAX_FNCACT_VETERANS,70;ECON_MONEYLAUNDERING,399;WB_2076_MONEY_LAUNDERING,399;WB_1920_FINANCIAL_SECTOR_DEVELOPMENT,399;WB_328_FINANCIAL_INTEGRITY,399;"
20260922141500-1198,20260922141500,itweb.co.za,https://www.itweb.co.za/article/zaru-goes-live-on-circles-arc-blockchain/Pero37Z36KrMQb6m,"WB_698_TRADE,861;WB_698_TRADE,1074;TAX_FNCACT_MERCHANT,3282;TAX_FNCACT_CORRESPONDENT,1282;TAX_FNCACT_CEO,2460;TAX_FNCACT_CEO,2497;TAX_MILITARY_TITLE_OFFICER,1980;TAX_FNCACT_OFFICER,1980;CRISISLEX_T11_UPDATESSYMPATHY,3397;ECON_WORLDCURRENCIES_SOUTH_AFRICAN_RAND,681;WB_439_MACROECONOMIC_AND_STRUCTURAL_POLICIES,796;WB_829_FISCAL_DECENTRALIZATION,796;WB_874_LOCAL_FINANCE,796;WB_877_ASSET_MANAGEMENT,796;WB_445_FISCAL_POLICY,796;TAX_FNCACT_CHIEF,1951;WB_696_PUBLIC_SECTOR_MANAGEMENT,2095;WB_831_GOVERNANCE,2095;WB_838_PUBLIC_ACCOUNTABILITY_MECHANISMS,2095;EPU_POLICY_REGULATORY,2085;EPU_POLICY_REGULATORY,2529;EPU_POLICY_REGULATORY,2794;UNGP_FORESTS_RIVERS_OCEANS,2559;ECON_CURRENCY_EXCHANGE_RATE,925;ECON_CURRENCY_EXCHANGE_RATE,1244;"
20260922133000-997,20260922133000,cajnewsafrica.com,https://cajnewsafrica.com/2026/09/22/all-of-that-is-wrapped-up-in-one-word-fashion-worlds-store-staff-explain-their-greetings-for-heritage-month/,"TAX_WORLDLANGUAGES_SOUTH_AFRICAN_SIGN_LANGUAGE,1817;TAX_FNCACT_OFFICIAL,1773;TAX_FNCACT_STAFF_MEMBER,1521;TAX_FNCACT_MAN,1208;TAX_FNCACT_CHILD,2224;TAX_WORLDLANGUAGES_SIGN_LANGUAGE,1817;TAX_ETHNICITY_SETSWANA,2211;TAX_ETHNICITY_SETSWANA,2370;WB_698_TRADE,806;TAX_FNCACT_ELDERS,1076;TAX_FNCACT_ELDERS,2133;UNGP_FORESTS_RIVERS_OCEANS,969;UNGP_FORESTS_RIVERS_OCEANS,2402;TAX_FNCACT_ELDER,1906;WB_1609_FOOD_AND_IN_KIND_TRANSFERS,1906;WB_1620_ELDERLY,1906;WB_1466_SOCIAL_ASSISTANCE,1906;WB_1618_FOOD_DISTRIBUTION,1906;WB_697_SOCIAL_PROTECTION_AND_LABOR,1906;"
20260922123000-592,20260922123000,defenceweb.co.za,https://defenceweb.co.za/industry/industry-industry/opinion-aad-2026-hit-and-miss/,"SOC_POINTSOFINTEREST_AIR_FORCE_BASE,90;DISCRIMINATION,1325;DISCRIMINATION_IMMIGRATION_XENOPHOBIA,1325;UNGP_FREEDOM_FROM_DISCRIMINATION,1325;CRISISLEX_C07_SAFETY,649;CRISISLEX_C07_SAFETY,2097;CRISISLEX_C07_SAFETY,2997;TAX_FNCACT_DECISION_MAKERS,576;TAX_FNCACT_DECISION_MAKERS,776;AFFECT,5254;TAX_TERROR_GROUP_SOUTH_AFRICAN_NATIONAL_DEFENCE_FORCE,754;DELAY,4898;GOV_LOCALGOV,3832;WB_2142_LOCAL_GOVERNMENT,3832;WB_1502_EDUCATIONAL_DECENTRALIZATION,3832;WB_470_EDUCATION,3832;WB_1497_EDUCATION_MANAGEMENT_AND_ADMINISTRATION,3832;TAX_ETHNICITY_CHINESE,2539;TAX_WORLDLANGUAGES_CHINESE,2539;WB_165_AIR_TRANSPORT,1681;WB_135_TRANSPORT,1681;WB_164_MODES_OF_TRANSPORT,1681;MANMADE_DISASTER_IMPLIED,79;MANMADE_DISASTER_IMPLIED,431;MANMADE_DISASTER_IMPLIED,2447;TAX_FNCACT_REPRESENTATIVES,3539;GENERAL_GOVERNMENT,560;GENERAL_GOVERNMENT,3832;EPU_POLICY_GOVERNMENT,560;EPU_POLICY_GOVERNMENT,3832;UNGP_FORESTS_RIVERS_OCEANS,444;TAX_ECON_PRICE,5400;SCIENCE,5769;SOC_INNOVATION,5769;TAX_ETHNICITY_RUSSIAN,2521;TAX_WORLDLANGUAGES_RUSSIAN,2521;EPU_ECONOMY_HISTORIC,4934;EPU_ECONOMY_HISTORIC,6677;TAX_FNCACT_OFFICIAL,1064;TAX_FNCACT_OFFICIAL,3669;TAX_FNCACT_ATTENDANTS,3680;WB_698_TRADE,1151;WB_698_TRADE,1427;WB_698_TRADE,3273;MILITARY,85;"
